age,job,marital,education,default,housing,loan,contact,month,day_of_week,campaign,pdays,previous,poutcome,emp.var.rate,cons.price.idx,cons.conf.idx,euribor3m,nr.employed,y,pdays_contacted_before,pdays_clean,score
41,admin.,divorced,high.school,no,yes,no,cellular,aug,fri,2,6,3,success,-1.7,94.027,-38.3,0.905,4991.6,yes,1,6,0.9925
34,admin.,single,university.degree,no,yes,no,cellular,mar,tue,1,6,3,success,-1.8,93.369,-34.8,0.652,5008.7,yes,1,6,0.9925
38,admin.,married,university.degree,no,yes,no,cellular,nov,tue,1,3,3,success,-3.4,92.649,-30.1,0.715,5017.5,yes,1,3,0.99
65,retired,married,professional.course,no,yes,no,cellular,aug,tue,1,6,3,success,-1.7,94.027,-38.3,0.904,4991.6,yes,1,6,0.99
40,admin.,single,basic.9y,no,yes,no,cellular,may,thu,1,3,3,success,-1.8,93.876,-40.0,0.683,5008.7,yes,1,3,0.9875
33,admin.,married,university.degree,no,yes,no,cellular,nov,tue,2,3,3,success,-3.4,92.649,-30.1,0.715,5017.5,yes,1,3,0.985
42,technician,married,university.degree,no,no,no,cellular,aug,fri,3,6,2,success,-1.7,94.027,-38.3,0.898,4991.6,yes,1,6,0.985
75,retired,married,basic.4y,no,no,no,cellular,aug,wed,2,6,3,success,-1.7,94.027,-38.3,0.903,4991.6,yes,1,6,0.985
41,admin.,married,university.degree,no,yes,no,cellular,nov,tue,1,3,1,success,-3.4,92.649,-30.1,0.715,5017.5,yes,1,3,0.985
41,admin.,divorced,high.school,no,yes,no,cellular,aug,fri,1,6,2,success,-1.7,94.027,-38.3,0.905,4991.6,yes,1,6,0.985
52,technician,married,university.degree,no,no,no,cellular,may,thu,1,3,4,success,-1.8,93.876,-40.0,0.677,5008.7,yes,1,3,0.9825
38,admin.,married,high.school,no,no,no,cellular,jul,thu,2,10,2,success,-1.7,94.215,-40.3,0.782,4991.6,yes,1,10,0.9825
33,admin.,married,university.degree,no,yes,no,cellular,nov,tue,2,3,1,success,-3.4,92.649,-30.1,0.715,5017.5,yes,1,3,0.9825
41,admin.,married,unknown,no,no,no,cellular,sep,wed,1,7,3,success,-1.1,94.199,-37.5,0.886,4963.6,yes,1,7,0.9825
45,management,married,university.degree,no,no,no,cellular,sep,wed,2,3,2,success,-1.1,94.199,-37.5,0.886,4963.6,yes,1,3,0.9825
42,management,married,university.degree,no,yes,no,cellular,sep,wed,1,3,2,success,-1.1,94.199,-37.5,0.886,4963.6,yes,1,3,0.9825
30,admin.,single,university.degree,no,yes,no,cellular,aug,wed,1,0,2,success,-1.7,94.027,-38.3,0.9,4991.6,yes,1,0,0.9825
48,unemployed,married,professional.course,no,yes,no,cellular,may,wed,1,6,2,success,-1.8,93.876,-40.0,0.682,5008.7,yes,1,6,0.9825
55,admin.,divorced,high.school,no,yes,no,cellular,aug,tue,2,6,3,success,-1.7,94.027,-38.3,0.904,4991.6,yes,1,6,0.9819818280739935
64,retired,married,university.degree,no,no,no,cellular,mar,tue,2,5,1,success,-1.8,93.369,-34.8,0.652,5008.7,yes,1,5,0.98
35,admin.,married,university.degree,no,yes,no,cellular,aug,wed,2,6,3,success,-1.7,94.027,-38.3,0.903,4991.6,yes,1,6,0.98
36,management,divorced,university.degree,no,yes,no,cellular,sep,tue,1,6,1,success,-1.1,94.199,-37.5,0.881,4963.6,yes,1,6,0.98
34,admin.,single,university.degree,no,no,no,cellular,mar,tue,1,6,1,success,-1.8,93.369,-34.8,0.652,5008.7,yes,1,6,0.98
58,admin.,married,high.school,no,no,no,cellular,sep,thu,1,6,1,success,-1.1,94.199,-37.5,0.878,4963.6,yes,1,6,0.9794972921034241
34,admin.,single,high.school,no,no,no,cellular,mar,tue,1,6,2,success,-1.8,93.369,-34.8,0.652,5008.7,yes,1,6,0.9775
37,admin.,married,university.degree,no,no,no,cellular,sep,wed,2,6,2,success,-1.1,94.199,-37.5,0.886,4963.6,yes,1,6,0.9775
41,unemployed,married,basic.9y,no,yes,no,cellular,may,thu,1,6,4,success,-1.8,93.876,-40.0,0.683,5008.7,yes,1,6,0.9775
66,retired,married,basic.4y,no,yes,no,cellular,mar,tue,1,6,1,success,-1.8,93.369,-34.8,0.655,5008.7,yes,1,6,0.9775
48,admin.,single,university.degree,no,yes,no,cellular,aug,wed,1,0,2,success,-1.7,94.027,-38.3,0.9,4991.6,yes,1,0,0.9775
38,blue-collar,single,high.school,no,yes,no,cellular,sep,wed,1,6,3,success,-1.1,94.199,-37.5,0.879,4963.6,yes,1,6,0.9775
40,admin.,single,basic.9y,no,yes,no,cellular,may,thu,1,2,3,success,-1.8,93.876,-40.0,0.683,5008.7,yes,1,2,0.9775
53,management,divorced,university.degree,no,no,no,cellular,sep,tue,2,3,2,success,-1.1,94.199,-37.5,0.877,4963.6,yes,1,3,0.9772245556958338
67,housemaid,divorced,professional.course,no,no,no,cellular,aug,thu,1,6,2,success,-1.7,94.027,-38.3,0.899,4991.6,yes,1,6,0.977221642225891
64,retired,married,university.degree,no,no,no,cellular,mar,tue,2,6,1,success,-1.8,93.369,-34.8,0.652,5008.7,yes,1,6,0.975
27,technician,single,university.degree,no,yes,no,cellular,sep,thu,1,6,1,success,-1.1,94.199,-37.5,0.879,4963.6,yes,1,6,0.975
65,retired,married,basic.4y,no,yes,yes,cellular,oct,wed,1,3,3,success,-1.1,94.601,-49.5,0.985,4963.6,yes,1,3,0.975
29,admin.,single,high.school,no,yes,no,cellular,jul,fri,2,6,1,success,-1.7,94.215,-40.3,0.861,4991.6,yes,1,6,0.975
36,admin.,married,university.degree,no,yes,no,cellular,oct,wed,1,6,1,success,-3.4,92.431,-26.9,0.735,5017.5,yes,1,6,0.975
58,management,married,university.degree,no,no,no,cellular,may,thu,1,3,4,success,-1.8,93.876,-40.0,0.683,5008.7,yes,1,3,0.975
60,retired,married,university.degree,no,no,no,cellular,sep,thu,2,6,1,success,-1.1,94.199,-37.5,0.884,4963.6,yes,1,6,0.975
81,retired,divorced,basic.4y,no,no,no,cellular,sep,wed,2,7,1,success,-1.1,94.199,-37.5,0.886,4963.6,yes,1,7,0.975
33,admin.,single,university.degree,no,no,no,cellular,jun,wed,1,3,1,success,-1.7,94.055,-39.8,0.715,4991.6,yes,1,3,0.9725
37,services,married,high.school,no,no,no,cellular,jul,thu,1,6,2,success,-1.7,94.215,-40.3,0.846,4991.6,yes,1,6,0.9725
70,retired,married,basic.4y,no,yes,no,cellular,aug,tue,3,6,1,success,-1.7,94.027,-38.3,0.904,4991.6,yes,1,6,0.9725
24,services,single,high.school,no,yes,no,cellular,jul,thu,1,11,2,success,-1.7,94.215,-40.3,0.884,4991.6,yes,1,11,0.9725
42,technician,married,professional.course,no,no,no,cellular,aug,thu,1,6,2,success,-1.7,94.027,-38.3,0.899,4991.6,yes,1,6,0.9725
42,technician,married,professional.course,no,yes,yes,cellular,oct,mon,1,6,1,success,-1.1,94.601,-49.5,1.0,4963.6,yes,1,6,0.9725
48,housemaid,married,professional.course,no,no,no,cellular,jul,wed,3,6,1,success,-1.7,94.215,-40.3,0.896,4991.6,yes,1,6,0.9725
60,admin.,married,unknown,no,yes,no,cellular,may,wed,1,6,2,success,-1.8,93.876,-40.0,0.682,5008.7,yes,1,6,0.9725
60,retired,married,high.school,no,no,no,cellular,sep,wed,1,6,1,success,-1.1,94.199,-37.5,0.876,4963.6,yes,1,6,0.97
45,admin.,married,university.degree,no,no,no,cellular,aug,thu,1,999,0,nonexistent,-1.7,94.027,-38.3,0.904,4991.6,yes,0,-1,0.97
59,retired,married,professional.course,no,no,no,cellular,aug,fri,3,3,1,success,-1.7,94.027,-38.3,0.905,4991.6,yes,1,3,0.97
27,student,single,university.degree,no,no,no,cellular,aug,wed,1,3,3,success,-1.7,94.027,-38.3,0.9,4991.6,yes,1,3,0.97
31,admin.,single,university.degree,no,yes,no,telephone,oct,tue,1,999,0,nonexistent,-0.1,93.798,-40.4,4.86,5195.8,yes,0,-1,0.97
66,admin.,divorced,university.degree,no,yes,no,cellular,aug,wed,3,6,2,success,-1.7,94.027,-38.3,0.903,4991.6,yes,1,6,0.97
27,technician,single,university.degree,no,yes,no,cellular,sep,thu,1,3,1,success,-1.1,94.199,-37.5,0.879,4963.6,yes,1,3,0.97
36,management,divorced,university.degree,no,no,no,cellular,sep,tue,3,6,1,success,-1.1,94.199,-37.5,0.881,4963.6,yes,1,6,0.97
44,management,married,university.degree,no,no,no,cellular,sep,wed,1,3,3,success,-1.1,94.199,-37.5,0.88,4963.6,yes,1,3,0.97
28,services,single,high.school,no,yes,no,cellular,jul,thu,1,6,1,success,-1.7,94.215,-40.3,0.846,4991.6,yes,1,6,0.97
45,technician,married,professional.course,no,no,no,cellular,oct,thu,1,6,1,success,-3.4,92.431,-26.9,0.733,5017.5,yes,1,6,0.97
48,housemaid,married,professional.course,no,yes,no,cellular,jul,wed,2,6,2,success,-1.7,94.215,-40.3,0.896,4991.6,yes,1,6,0.9697209745556958
28,student,single,basic.9y,no,yes,no,cellular,mar,tue,1,999,0,nonexistent,-1.8,92.843,-50.0,1.799,5099.1,yes,0,-1,0.9685644209099873
28,student,single,basic.9y,no,yes,no,cellular,mar,tue,1,999,0,nonexistent,-1.8,92.843,-50.0,1.799,5099.1,yes,0,-1,0.9685644209099873
40,management,married,university.degree,no,yes,no,cellular,jul,fri,1,9,1,success,-1.7,94.215,-40.3,0.896,4991.6,yes,1,9,0.9675
30,admin.,single,university.degree,no,yes,no,cellular,jun,wed,2,999,0,nonexistent,-2.9,92.963,-40.8,1.26,5076.2,yes,0,-1,0.9675
52,admin.,divorced,university.degree,no,yes,no,cellular,nov,tue,1,3,2,success,-3.4,92.649,-30.1,0.715,5017.5,yes,1,3,0.9675
37,housemaid,married,university.degree,no,no,no,cellular,oct,thu,1,6,2,success,-1.1,94.601,-49.5,1.025,4963.6,yes,1,6,0.9675
47,admin.,married,university.degree,no,no,no,cellular,aug,wed,1,4,2,success,-1.7,94.027,-38.3,0.9,4991.6,yes,1,4,0.9675
40,technician,married,professional.course,no,yes,no,cellular,may,wed,1,3,4,success,-1.8,93.876,-40.0,0.682,5008.7,yes,1,3,0.9675
38,admin.,married,university.degree,no,yes,no,cellular,oct,wed,1,6,1,success,-3.4,92.431,-26.9,0.735,5017.5,yes,1,6,0.9675
32,technician,married,basic.9y,no,yes,no,cellular,sep,wed,1,6,1,success,-1.1,94.199,-37.5,0.879,4963.6,yes,1,6,0.9675
30,admin.,single,university.degree,no,yes,no,cellular,jun,wed,2,999,0,nonexistent,-2.9,92.963,-40.8,1.26,5076.2,yes,0,-1,0.9675
43,admin.,married,university.degree,no,yes,no,cellular,jun,wed,2,3,1,success,-2.9,92.963,-40.8,1.26,5076.2,yes,1,3,0.965
30,technician,unknown,university.degree,no,no,no,cellular,mar,mon,2,6,2,success,-1.8,93.369,-34.8,0.639,5008.7,yes,1,6,0.965
66,blue-collar,married,unknown,no,yes,no,cellular,may,wed,2,6,2,success,-1.8,93.876,-40.0,0.682,5008.7,yes,1,6,0.965
37,technician,married,university.degree,no,yes,no,cellular,may,thu,1,2,4,success,-1.8,93.876,-40.0,0.677,5008.7,yes,1,2,0.965
66,retired,married,unknown,no,yes,no,cellular,sep,tue,2,6,1,success,-1.1,94.199,-37.5,0.881,4963.6,yes,1,6,0.965
48,technician,married,professional.course,no,yes,yes,cellular,oct,mon,1,8,1,success,-1.1,94.601,-49.5,0.977,4963.6,yes,1,8,0.965
52,admin.,married,unknown,no,yes,no,telephone,apr,wed,1,6,1,success,-1.8,93.749,-34.6,0.654,5008.7,yes,1,6,0.965
34,admin.,single,university.degree,no,no,yes,cellular,mar,tue,1,11,1,success,-1.8,93.369,-34.8,0.652,5008.7,yes,1,11,0.965
34,admin.,single,university.degree,no,yes,yes,cellular,mar,tue,1,3,2,success,-1.8,93.369,-34.8,0.652,5008.7,yes,1,3,0.965
34,admin.,single,university.degree,no,no,no,cellular,nov,thu,1,7,2,success,-3.4,92.649,-30.1,0.714,5017.5,yes,1,7,0.965
52,admin.,married,unknown,no,yes,no,cellular,apr,wed,2,10,1,success,-1.8,93.749,-34.6,0.654,5008.7,yes,1,10,0.9625
35,technician,single,professional.course,no,yes,no,cellular,jul,tue,1,11,2,success,-1.7,94.215,-40.3,0.835,4991.6,yes,1,11,0.9625
36,management,married,university.degree,no,no,no,cellular,jun,tue,1,6,2,success,-1.7,94.055,-39.8,0.737,4991.6,yes,1,6,0.9625
38,admin.,married,university.degree,no,no,no,cellular,nov,tue,2,7,1,success,-3.4,92.649,-30.1,0.715,5017.5,yes,1,7,0.9625
31,admin.,single,high.school,no,no,no,cellular,sep,fri,2,3,2,success,-1.1,94.199,-37.5,0.883,4963.6,yes,1,3,0.9625
70,retired,divorced,basic.4y,no,no,no,cellular,jul,thu,2,6,2,success,-1.7,94.215,-40.3,0.846,4991.6,yes,1,6,0.9625
39,services,married,high.school,no,yes,no,cellular,may,thu,2,6,3,success,-1.8,93.876,-40.0,0.683,5008.7,yes,1,6,0.9625
48,admin.,married,university.degree,no,yes,no,cellular,jun,wed,2,4,1,success,-2.9,92.963,-40.8,1.26,5076.2,yes,1,4,0.9625
46,admin.,married,university.degree,no,no,no,cellular,may,thu,1,999,0,nonexistent,-1.8,93.876,-40.0,0.692,5008.7,yes,0,-1,0.9625
26,admin.,single,high.school,no,no,no,cellular,mar,tue,2,6,1,success,-1.8,93.369,-34.8,0.652,5008.7,yes,1,6,0.9625
88,retired,divorced,basic.4y,no,no,no,cellular,mar,wed,2,999,0,nonexistent,-1.8,92.843,-50.0,1.663,5099.1,yes,0,-1,0.9622191536369817
88,retired,divorced,basic.4y,no,no,no,cellular,mar,wed,2,999,0,nonexistent,-1.8,92.843,-50.0,1.663,5099.1,yes,0,-1,0.9622191536369817
33,admin.,married,university.degree,no,yes,no,cellular,aug,thu,1,3,3,success,-1.7,94.027,-38.3,0.899,4991.6,yes,1,3,0.96
37,admin.,single,university.degree,no,no,no,cellular,sep,thu,1,3,4,success,-1.1,94.199,-37.5,0.879,4963.6,yes,1,3,0.96
48,technician,married,professional.course,no,no,no,cellular,oct,thu,1,6,3,success,-1.1,94.601,-49.5,0.987,4963.6,yes,1,6,0.96
38,technician,single,professional.course,no,yes,no,cellular,sep,thu,2,6,1,success,-1.1,94.199,-37.5,0.879,4963.6,yes,1,6,0.96
48,unemployed,married,professional.course,no,no,no,cellular,may,wed,1,6,3,success,-1.8,93.876,-40.0,0.682,5008.7,yes,1,6,0.96
29,admin.,single,university.degree,no,no,no,cellular,nov,fri,1,3,2,success,-3.4,92.649,-30.1,0.714,5017.5,yes,1,3,0.96
35,admin.,married,university.degree,no,no,no,cellular,oct,wed,1,3,2,success,-1.1,94.601,-49.5,0.985,4963.6,yes,1,3,0.96
56,technician,divorced,university.degree,no,no,no,cellular,nov,fri,2,3,1,success,-3.4,92.649,-30.1,0.716,5017.5,yes,1,3,0.96
66,retired,married,high.school,no,yes,no,cellular,jul,tue,1,999,0,nonexistent,-1.7,94.215,-40.3,0.835,4991.6,yes,0,-1,0.96
37,housemaid,married,university.degree,no,no,no,cellular,oct,thu,2,11,4,success,-1.1,94.601,-49.5,1.025,4963.6,yes,1,11,0.96
32,admin.,married,university.degree,no,yes,no,cellular,oct,wed,2,6,1,success,-3.4,92.431,-26.9,0.735,5017.5,yes,1,6,0.96
42,admin.,single,high.school,no,no,no,cellular,sep,wed,1,14,1,success,-1.1,94.199,-37.5,0.88,4963.6,yes,1,14,0.96
44,admin.,married,university.degree,no,yes,no,cellular,oct,wed,3,6,1,success,-3.4,92.431,-26.9,0.735,5017.5,yes,1,6,0.96
29,admin.,single,university.degree,no,yes,no,cellular,jun,wed,1,6,3,success,-1.7,94.055,-39.8,0.715,4991.6,yes,1,6,0.96
55,unemployed,divorced,university.degree,no,no,no,cellular,mar,tue,3,6,3,success,-1.8,93.369,-34.8,0.652,5008.7,yes,1,6,0.96
36,unemployed,married,high.school,no,yes,no,cellular,oct,mon,1,3,1,success,-1.1,94.601,-49.5,1.032,4963.6,yes,1,3,0.96
41,technician,divorced,university.degree,no,yes,no,cellular,aug,fri,2,6,3,success,-1.7,94.027,-38.3,0.905,4991.6,yes,1,6,0.96
53,housemaid,married,university.degree,no,yes,no,cellular,apr,thu,1,6,1,success,-1.8,93.749,-34.6,0.644,5008.7,yes,1,6,0.96
69,retired,married,high.school,no,yes,yes,cellular,sep,wed,1,6,2,success,-1.1,94.199,-37.5,0.886,4963.6,yes,1,6,0.9597139943672914
59,admin.,married,university.degree,no,no,yes,cellular,sep,wed,1,3,1,success,-1.1,94.199,-37.5,0.886,4963.6,yes,1,3,0.9575
34,admin.,married,university.degree,no,no,no,cellular,jun,wed,1,3,2,success,-1.7,94.055,-39.8,0.715,4991.6,yes,1,3,0.9575
38,admin.,single,high.school,no,yes,no,cellular,apr,thu,1,6,1,success,-1.8,93.749,-34.6,0.659,5008.7,yes,1,6,0.9575
56,technician,married,basic.4y,no,no,no,cellular,oct,thu,1,6,1,success,-3.4,92.431,-26.9,0.733,5017.5,yes,1,6,0.9575
59,unemployed,married,basic.4y,no,yes,no,cellular,jun,mon,1,6,2,success,-1.7,94.055,-39.8,0.72,4991.6,yes,1,6,0.9575
50,entrepreneur,divorced,university.degree,no,yes,no,cellular,jul,thu,1,6,3,success,-1.7,94.215,-40.3,0.899,4991.6,yes,1,6,0.9575
27,student,single,university.degree,no,yes,no,cellular,aug,wed,1,0,3,success,-1.7,94.027,-38.3,0.9,4991.6,yes,1,0,0.9575
41,unemployed,married,high.school,no,yes,yes,cellular,sep,wed,1,6,1,success,-1.1,94.199,-37.5,0.879,4963.6,yes,1,6,0.9572139943672915
68,retired,married,basic.4y,no,yes,yes,cellular,may,fri,1,6,1,success,-1.8,93.876,-40.0,0.684,5008.7,yes,1,6,0.9568114247205264
61,retired,married,university.degree,no,no,no,cellular,sep,mon,1,3,2,success,-3.4,92.379,-29.8,0.797,5017.5,yes,1,3,0.955
37,admin.,single,high.school,no,no,no,cellular,mar,wed,2,4,2,success,-1.8,93.369,-34.8,0.655,5008.7,yes,1,4,0.955
50,management,married,university.degree,no,yes,no,cellular,jul,thu,1,999,0,nonexistent,-1.7,94.215,-40.3,0.846,4991.6,yes,0,-1,0.955
85,retired,married,basic.4y,no,no,no,cellular,sep,tue,1,3,2,success,-1.1,94.199,-37.5,0.881,4963.6,yes,1,3,0.955
52,management,married,university.degree,no,yes,no,cellular,may,fri,3,3,3,success,-1.8,93.876,-40.0,0.684,5008.7,yes,1,3,0.955
71,admin.,married,basic.4y,no,yes,yes,cellular,may,fri,4,3,2,success,-1.8,93.876,-40.0,0.684,5008.7,yes,1,3,0.955
31,admin.,married,university.degree,no,yes,no,cellular,may,thu,1,3,1,success,-1.8,93.876,-40.0,0.683,5008.7,yes,1,3,0.955
34,admin.,single,university.degree,no,no,yes,cellular,mar,tue,2,3,1,success,-1.8,93.369,-34.8,0.652,5008.7,yes,1,3,0.955
80,housemaid,married,basic.4y,no,yes,yes,cellular,apr,tue,1,12,1,success,-1.8,93.749,-34.6,0.644,5008.7,yes,1,12,0.955
59,retired,married,professional.course,no,yes,no,cellular,aug,fri,2,3,2,success,-1.7,94.027,-38.3,0.905,4991.6,yes,1,3,0.955
27,admin.,single,unknown,no,no,no,cellular,mar,tue,1,3,1,success,-1.8,93.369,-34.8,0.637,5008.7,yes,1,3,0.955
18,student,single,unknown,no,yes,no,cellular,aug,wed,2,6,1,success,-1.7,94.027,-38.3,0.9,4991.6,yes,1,6,0.955
50,admin.,married,university.degree,no,yes,no,cellular,may,wed,2,3,3,success,-1.8,93.876,-40.0,0.682,5008.7,yes,1,3,0.955
31,technician,married,university.degree,no,no,no,cellular,sep,thu,1,3,1,success,-1.1,94.199,-37.5,0.878,4963.6,yes,1,3,0.9547105346217344
48,admin.,married,university.degree,no,yes,yes,cellular,apr,thu,1,6,2,success,-1.8,93.749,-34.6,0.644,5008.7,yes,1,6,0.9544999453731018
46,unemployed,single,university.degree,no,no,no,cellular,mar,tue,1,10,2,success,-1.8,93.369,-34.8,0.646,5008.7,yes,1,10,0.9525
58,unemployed,married,basic.9y,no,yes,no,cellular,apr,thu,1,6,1,success,-1.8,93.749,-34.6,0.644,5008.7,yes,1,6,0.9525
28,management,single,university.degree,no,yes,no,cellular,sep,wed,3,6,1,success,-1.1,94.199,-37.5,0.88,4963.6,yes,1,6,0.9525
61,admin.,married,unknown,no,no,no,cellular,may,thu,3,9,2,success,-1.8,93.876,-40.0,0.699,5008.7,yes,1,9,0.9525
34,admin.,single,university.degree,no,no,no,cellular,nov,thu,1,6,1,success,-3.4,92.649,-30.1,0.714,5017.5,yes,1,6,0.9525
68,retired,divorced,high.school,no,yes,yes,cellular,jul,wed,1,3,1,success,-1.7,94.215,-40.3,0.896,4991.6,yes,1,3,0.9525
24,student,single,high.school,no,yes,yes,cellular,sep,wed,2,6,2,success,-1.1,94.199,-37.5,0.876,4963.6,yes,1,6,0.9525
33,admin.,single,university.degree,no,no,no,cellular,mar,mon,1,6,2,success,-1.8,93.369,-34.8,0.646,5008.7,yes,1,6,0.9522175755074294
42,blue-collar,married,basic.9y,no,yes,no,cellular,aug,fri,1,6,1,success,-1.7,94.027,-38.3,0.898,4991.6,yes,1,6,0.9522155724968436
50,housemaid,married,basic.4y,no,no,yes,cellular,jul,wed,1,4,1,success,-1.7,94.215,-40.3,0.896,4991.6,yes,1,4,0.9519329052151112
33,admin.,married,university.degree,no,yes,no,cellular,apr,wed,1,6,1,success,-1.8,93.749,-34.6,0.654,5008.7,yes,1,6,0.95
36,admin.,married,university.degree,no,yes,yes,cellular,may,thu,1,6,2,success,-1.8,93.876,-40.0,0.699,5008.7,yes,1,6,0.95
48,admin.,married,university.degree,no,yes,yes,cellular,aug,wed,1,0,3,success,-1.7,94.027,-38.3,0.9,4991.6,yes,1,0,0.95
58,blue-collar,married,basic.4y,no,yes,no,cellular,aug,wed,1,3,1,success,-1.7,94.027,-38.3,0.9,4991.6,yes,1,3,0.95
29,admin.,single,high.school,no,yes,no,cellular,nov,fri,2,7,2,success,-3.4,92.649,-30.1,0.714,5017.5,yes,1,7,0.95
45,management,married,university.degree,no,yes,no,cellular,jul,thu,2,6,2,success,-1.7,94.215,-40.3,0.884,4991.6,yes,1,6,0.95
83,retired,divorced,basic.4y,no,no,no,cellular,sep,thu,1,9,3,success,-1.1,94.199,-37.5,0.879,4963.6,yes,1,9,0.95
24,student,single,unknown,no,yes,no,cellular,nov,wed,2,3,3,success,-3.4,92.649,-30.1,0.716,5017.5,yes,1,3,0.95
60,housemaid,married,basic.4y,no,yes,yes,cellular,apr,thu,1,12,1,success,-1.8,93.749,-34.6,0.635,5008.7,yes,1,12,0.95
30,technician,married,professional.course,no,yes,no,cellular,oct,mon,1,6,1,success,-1.1,94.601,-49.5,1.032,4963.6,yes,1,6,0.95
57,management,married,university.degree,no,no,no,cellular,sep,fri,2,6,2,success,-1.1,94.199,-37.5,0.883,4963.6,yes,1,6,0.95
35,unemployed,married,high.school,no,yes,no,cellular,aug,mon,1,6,1,success,-1.7,94.027,-38.3,0.904,4991.6,yes,1,6,0.95
54,admin.,married,high.school,no,yes,no,cellular,nov,fri,1,3,3,success,-3.4,92.649,-30.1,0.716,5017.5,yes,1,3,0.95
85,housemaid,married,basic.4y,unknown,yes,no,cellular,apr,tue,1,6,2,success,-1.8,93.749,-34.6,0.642,5008.7,yes,1,6,0.95
30,blue-collar,single,professional.course,no,no,no,cellular,aug,wed,1,9,1,success,-1.7,94.027,-38.3,0.9,4991.6,yes,1,9,0.95
28,admin.,single,unknown,no,yes,no,cellular,apr,wed,2,6,4,success,-1.8,93.749,-34.6,0.654,5008.7,yes,1,6,0.95
29,admin.,single,high.school,no,yes,no,cellular,jul,thu,1,6,1,success,-1.7,94.215,-40.3,0.81,4991.6,yes,1,6,0.95
60,blue-collar,married,basic.4y,no,yes,no,cellular,may,mon,2,6,2,success,-1.8,93.876,-40.0,0.685,5008.7,yes,1,6,0.95
28,admin.,single,university.degree,no,no,no,cellular,mar,wed,2,999,0,nonexistent,-1.8,92.843,-50.0,1.548,5099.1,yes,0,-1,0.9494340584636302
28,admin.,single,university.degree,no,no,no,cellular,mar,wed,2,999,0,nonexistent,-1.8,92.843,-50.0,1.548,5099.1,yes,0,-1,0.9494340584636302
31,admin.,single,university.degree,no,yes,no,telephone,mar,tue,1,3,2,success,-1.8,93.369,-34.8,0.646,5008.7,yes,1,3,0.9475
34,admin.,single,university.degree,no,no,no,telephone,mar,tue,1,3,1,success,-1.8,93.369,-34.8,0.652,5008.7,yes,1,3,0.9475
76,retired,married,professional.course,unknown,yes,no,cellular,jun,tue,1,3,1,success,-1.7,94.055,-39.8,0.761,4991.6,yes,1,3,0.9475
29,admin.,single,university.degree,no,no,no,cellular,may,thu,1,3,3,success,-1.8,93.876,-40.0,0.683,5008.7,yes,1,3,0.9475
32,admin.,single,university.degree,no,no,no,cellular,jun,fri,1,999,0,nonexistent,-2.9,92.963,-40.8,1.268,5076.2,yes,0,-1,0.9475
32,admin.,single,university.degree,no,no,no,cellular,jun,fri,1,999,0,nonexistent,-2.9,92.963,-40.8,1.268,5076.2,yes,0,-1,0.9475
34,admin.,single,university.degree,no,yes,no,cellular,nov,thu,1,3,2,success,-3.4,92.649,-30.1,0.714,5017.5,yes,1,3,0.9475
54,admin.,married,high.school,no,no,no,cellular,oct,wed,2,6,2,success,-1.1,94.601,-49.5,0.985,4963.6,yes,1,6,0.9475
60,retired,married,high.school,no,no,no,cellular,may,thu,3,6,1,success,-1.8,93.876,-40.0,0.699,5008.7,yes,1,6,0.9475
22,student,single,high.school,no,no,no,cellular,sep,wed,3,5,1,success,-1.1,94.199,-37.5,0.886,4963.6,yes,1,5,0.9475
48,admin.,married,university.degree,no,yes,no,cellular,apr,thu,1,999,0,nonexistent,-1.8,93.749,-34.6,0.644,5008.7,yes,0,-1,0.9475
76,retired,married,university.degree,no,no,yes,cellular,dec,thu,3,4,2,success,-3.0,92.713,-33.0,0.712,5023.5,yes,1,4,0.9475
56,retired,married,high.school,no,no,no,cellular,jun,tue,1,3,1,success,-1.7,94.055,-39.8,0.761,4991.6,yes,1,3,0.9475
24,student,single,unknown,no,yes,no,cellular,sep,wed,1,5,1,success,-1.1,94.199,-37.5,0.886,4963.6,yes,1,5,0.9475
50,housemaid,married,basic.6y,no,no,no,cellular,jul,thu,3,6,2,success,-1.7,94.215,-40.3,0.899,4991.6,yes,1,6,0.9475
40,technician,married,professional.course,no,yes,no,cellular,apr,thu,2,2,1,success,-1.8,93.075,-47.1,1.365,5099.1,yes,1,2,0.9475
37,management,married,university.degree,no,yes,no,cellular,jul,fri,1,6,1,success,-1.7,94.215,-40.3,0.896,4991.6,yes,1,6,0.9475
83,housemaid,divorced,basic.4y,no,yes,no,cellular,jul,tue,2,3,1,success,-1.7,94.215,-40.3,0.797,4991.6,yes,1,3,0.9475
44,admin.,single,university.degree,no,no,no,cellular,jun,tue,2,4,1,success,-2.9,92.963,-40.8,1.262,5076.2,yes,1,4,0.9470355874680179
53,management,divorced,university.degree,no,no,yes,cellular,nov,fri,2,3,1,success,-3.4,92.649,-30.1,0.716,5017.5,yes,1,3,0.9470004370629371
52,admin.,married,university.degree,no,no,no,cellular,mar,tue,1,6,2,success,-1.8,93.369,-34.8,0.646,5008.7,yes,1,6,0.9469999453731017
56,retired,married,university.degree,no,no,no,cellular,nov,wed,1,3,1,success,-3.4,92.649,-30.1,0.716,5017.5,yes,1,3,0.945
76,retired,married,professional.course,unknown,yes,no,cellular,jun,tue,1,9,2,success,-1.7,94.055,-39.8,0.761,4991.6,yes,1,9,0.945
34,admin.,married,university.degree,no,yes,no,cellular,aug,wed,1,10,2,failure,-1.7,94.027,-38.3,0.9,4991.6,yes,1,10,0.945
36,admin.,married,university.degree,no,yes,no,cellular,may,tue,1,999,0,nonexistent,-1.8,93.876,-40.0,0.697,5008.7,yes,0,-1,0.945
69,retired,married,high.school,no,no,no,cellular,may,wed,1,10,1,success,-1.8,93.876,-40.0,0.697,5008.7,yes,1,10,0.945
23,student,single,professional.course,no,yes,no,cellular,sep,wed,1,8,2,success,-1.1,94.199,-37.5,0.876,4963.6,yes,1,8,0.945
29,admin.,single,university.degree,no,no,yes,cellular,nov,wed,1,3,1,success,-3.4,92.649,-30.1,0.715,5017.5,yes,1,3,0.945
60,technician,married,basic.4y,no,yes,no,cellular,oct,tue,2,6,1,success,-3.4,92.431,-26.9,0.737,5017.5,yes,1,6,0.945
45,management,married,university.degree,no,yes,no,cellular,jul,wed,2,999,0,nonexistent,-1.7,94.215,-40.3,0.84,4991.6,yes,0,-1,0.945
44,technician,married,university.degree,no,yes,no,cellular,may,fri,2,2,1,success,-1.8,93.876,-40.0,0.682,5008.7,yes,1,2,0.945
27,admin.,single,university.degree,no,no,no,cellular,sep,thu,3,3,1,success,-1.1,94.199,-37.5,0.879,4963.6,yes,1,3,0.945
39,self-employed,divorced,high.school,no,no,no,cellular,sep,tue,1,3,1,success,-3.4,92.379,-29.8,0.788,5017.5,yes,1,3,0.945
23,admin.,single,university.degree,no,yes,no,cellular,apr,wed,1,999,0,nonexistent,-1.8,93.075,-47.1,1.405,5099.1,yes,0,-1,0.9448498565159763
23,admin.,single,university.degree,no,yes,no,cellular,apr,wed,1,999,0,nonexistent,-1.8,93.075,-47.1,1.405,5099.1,yes,0,-1,0.9448498565159763
38,technician,married,professional.course,no,no,yes,cellular,mar,thu,2,999,0,nonexistent,-1.8,92.843,-50.0,1.757,5099.1,yes,0,-1,0.9439358401901207
39,self-employed,divorced,high.school,no,no,no,cellular,sep,tue,2,3,1,success,-3.4,92.379,-29.8,0.788,5017.5,yes,1,3,0.9425
92,retired,married,unknown,no,no,yes,cellular,aug,wed,1,3,4,success,-1.7,94.027,-38.3,0.903,4991.6,yes,1,3,0.9425
19,student,single,basic.4y,no,yes,no,cellular,sep,wed,2,6,3,success,-1.1,94.199,-37.5,0.876,4963.6,yes,1,6,0.9425
52,admin.,married,university.degree,no,yes,yes,cellular,may,thu,1,3,5,success,-1.8,93.876,-40.0,0.677,5008.7,yes,1,3,0.9425
31,technician,single,unknown,no,yes,no,cellular,aug,mon,2,9,3,success,-1.7,94.027,-38.3,0.898,4991.6,yes,1,9,0.9425
37,housemaid,married,university.degree,no,no,no,cellular,oct,thu,2,13,2,success,-1.1,94.601,-49.5,1.025,4963.6,yes,1,13,0.9425
26,unemployed,single,university.degree,no,yes,no,cellular,aug,thu,3,6,2,success,-1.7,94.027,-38.3,0.904,4991.6,yes,1,6,0.9425
67,retired,married,basic.4y,no,no,no,cellular,aug,mon,2,13,1,success,-1.7,94.027,-38.3,0.898,4991.6,yes,1,13,0.9425
20,student,single,high.school,no,yes,no,cellular,nov,wed,1,7,1,success,-3.4,92.649,-30.1,0.715,5017.5,yes,1,7,0.9425
60,management,married,unknown,no,yes,no,cellular,may,thu,3,3,5,success,-1.8,93.876,-40.0,0.683,5008.7,yes,1,3,0.9425
61,management,married,university.degree,no,yes,no,cellular,nov,tue,1,7,1,success,-3.4,92.649,-30.1,0.715,5017.5,yes,1,7,0.9425
47,management,married,university.degree,no,no,no,cellular,sep,thu,1,17,2,success,-1.1,94.199,-37.5,0.884,4963.6,yes,1,17,0.9425
30,student,single,unknown,no,no,yes,telephone,mar,tue,1,3,2,success,-1.8,93.369,-34.8,0.637,5008.7,yes,1,3,0.9425
30,technician,unknown,university.degree,no,no,no,cellular,mar,mon,2,11,2,success,-1.8,93.369,-34.8,0.639,5008.7,yes,1,11,0.9425
76,retired,married,university.degree,no,yes,no,cellular,aug,thu,2,6,3,success,-1.7,94.027,-38.3,0.899,4991.6,yes,1,6,0.9425
21,student,single,basic.9y,no,no,no,cellular,mar,wed,1,6,1,success,-1.8,93.369,-34.8,0.655,5008.7,yes,1,6,0.9425
25,unemployed,married,high.school,no,yes,no,cellular,mar,wed,2,6,1,success,-1.8,93.369,-34.8,0.651,5008.7,yes,1,6,0.9425
27,admin.,single,university.degree,no,no,no,telephone,oct,tue,1,999,0,nonexistent,-0.1,93.798,-40.4,4.86,5195.8,yes,0,-1,0.9425
41,admin.,married,university.degree,no,no,no,telephone,nov,tue,2,3,1,success,-3.4,92.649,-30.1,0.715,5017.5,yes,1,3,0.9425
33,admin.,single,university.degree,no,yes,no,cellular,apr,thu,3,999,0,nonexistent,-1.8,93.749,-34.6,0.659,5008.7,yes,0,-1,0.9423493448657554
38,admin.,single,high.school,no,yes,yes,cellular,apr,thu,1,13,1,success,-1.8,93.749,-34.6,0.659,5008.7,yes,1,13,0.942215997377877
55,admin.,married,high.school,no,no,no,telephone,jul,wed,1,9,1,success,-1.7,94.215,-40.3,0.802,4991.6,yes,1,9,0.9419972921034241
33,technician,married,professional.course,no,yes,no,cellular,may,fri,4,3,4,success,-1.8,93.876,-40.0,0.684,5008.7,yes,1,3,0.94
65,retired,single,university.degree,no,no,no,cellular,nov,thu,2,3,2,success,-3.4,92.649,-30.1,0.714,5017.5,yes,1,3,0.94
57,admin.,divorced,high.school,no,no,no,cellular,sep,tue,1,3,5,success,-1.1,94.199,-37.5,0.877,4963.6,yes,1,3,0.94
52,management,married,university.degree,no,no,no,cellular,may,fri,2,9,1,success,-1.8,93.876,-40.0,0.684,5008.7,yes,1,9,0.94
82,housemaid,married,basic.4y,no,no,no,telephone,sep,tue,3,3,2,success,-1.1,94.199,-37.5,0.877,4963.6,yes,1,3,0.94
38,blue-collar,single,high.school,no,no,no,telephone,mar,tue,3,6,2,success,-1.8,93.369,-34.8,0.652,5008.7,yes,1,6,0.94
33,services,married,high.school,no,yes,no,cellular,jun,wed,2,12,2,success,-1.7,94.055,-39.8,0.767,4991.6,yes,1,12,0.94
50,admin.,single,university.degree,no,no,no,cellular,aug,tue,1,6,2,success,-1.7,94.027,-38.3,0.904,4991.6,yes,1,6,0.94
36,blue-collar,single,high.school,no,no,no,cellular,jun,wed,1,6,1,success,-1.7,94.055,-39.8,0.739,4991.6,yes,1,6,0.94
19,student,single,basic.6y,no,yes,no,cellular,mar,tue,1,5,2,success,-1.8,93.369,-34.8,0.655,5008.7,yes,1,5,0.94
32,services,single,university.degree,no,yes,no,cellular,sep,thu,1,6,3,success,-1.1,94.199,-37.5,0.884,4963.6,yes,1,6,0.94
41,management,divorced,university.degree,no,no,no,cellular,sep,fri,5,3,3,success,-1.1,94.199,-37.5,0.879,4963.6,yes,1,3,0.94
42,admin.,divorced,university.degree,no,no,no,cellular,sep,wed,1,16,1,success,-1.1,94.199,-37.5,0.886,4963.6,yes,1,16,0.94
28,student,single,basic.9y,no,yes,no,cellular,aug,wed,1,0,1,success,-1.7,94.027,-38.3,0.9,4991.6,yes,1,0,0.94
41,admin.,divorced,high.school,no,yes,yes,cellular,aug,thu,2,0,2,success,-1.7,94.027,-38.3,0.904,4991.6,yes,1,0,0.94
84,retired,divorced,basic.4y,no,yes,yes,cellular,jul,tue,1,3,2,success,-1.7,94.215,-40.3,0.893,4991.6,yes,1,3,0.9395682788443867
34,technician,single,professional.course,no,no,no,cellular,mar,fri,1,999,0,nonexistent,-1.8,92.843,-50.0,1.726,5099.1,yes,0,-1,0.9394195583583584
27,admin.,single,university.degree,no,no,no,cellular,mar,tue,1,999,0,nonexistent,-1.8,93.369,-34.8,0.637,5008.7,yes,0,-1,0.9391594032242401
35,unemployed,married,university.degree,no,no,no,cellular,oct,thu,1,6,1,success,-3.4,92.431,-26.9,0.733,5017.5,yes,1,6,0.9375
77,retired,married,unknown,no,yes,no,cellular,nov,fri,1,3,1,success,-3.4,92.649,-30.1,0.714,5017.5,yes,1,3,0.9375
37,admin.,married,university.degree,no,yes,no,cellular,nov,fri,1,999,0,nonexistent,-1.1,94.767,-50.8,1.04,4963.6,yes,0,-1,0.9375
36,management,married,university.degree,no,no,no,cellular,jun,tue,1,3,2,success,-1.7,94.055,-39.8,0.737,4991.6,yes,1,3,0.9375
27,technician,single,university.degree,no,yes,no,cellular,dec,tue,3,10,1,success,-3.0,92.713,-33.0,0.708,5023.5,yes,1,10,0.9375
56,unemployed,married,professional.course,no,no,no,cellular,sep,fri,3,6,1,success,-3.4,92.379,-29.8,0.762,5017.5,yes,1,6,0.9375
29,admin.,single,university.degree,no,yes,no,cellular,mar,mon,1,3,3,success,-1.8,93.369,-34.8,0.646,5008.7,yes,1,3,0.9375
78,retired,married,unknown,no,no,no,cellular,mar,thu,1,6,2,success,-1.8,93.369,-34.8,0.635,5008.7,yes,1,6,0.9375
79,retired,married,basic.4y,no,no,yes,cellular,nov,tue,2,3,1,success,-3.4,92.649,-30.1,0.715,5017.5,yes,1,3,0.9375
77,management,married,unknown,no,yes,no,cellular,aug,fri,1,3,6,success,-1.7,94.027,-38.3,0.905,4991.6,yes,1,3,0.9375
41,admin.,married,university.degree,no,yes,no,cellular,apr,fri,1,999,0,nonexistent,-1.8,93.749,-34.6,0.645,5008.7,yes,0,-1,0.9375
59,housemaid,married,basic.4y,no,yes,no,cellular,oct,tue,2,6,1,success,-3.4,92.431,-26.9,0.737,5017.5,yes,1,6,0.9375
36,admin.,married,university.degree,no,no,no,cellular,may,tue,4,999,0,nonexistent,-1.8,93.876,-40.0,0.697,5008.7,yes,0,-1,0.9375
29,student,single,professional.course,no,no,no,cellular,nov,thu,3,3,2,success,-3.4,92.649,-30.1,0.714,5017.5,yes,1,3,0.9375
77,retired,married,university.degree,no,yes,no,cellular,may,wed,1,6,4,success,-1.8,93.876,-40.0,0.682,5008.7,yes,1,6,0.9375
58,admin.,married,high.school,no,yes,no,cellular,may,wed,1,6,1,success,-1.8,93.876,-40.0,0.682,5008.7,yes,1,6,0.9375
24,admin.,single,high.school,no,no,no,cellular,jul,mon,1,14,1,success,-1.7,94.215,-40.3,0.827,4991.6,yes,1,14,0.9375
34,technician,single,professional.course,no,no,no,cellular,mar,fri,3,999,0,nonexistent,-1.8,92.843,-50.0,1.726,5099.1,yes,0,-1,0.9373524118070554
80,retired,divorced,basic.4y,no,no,yes,cellular,jul,thu,2,6,2,success,-1.7,94.215,-40.3,0.899,4991.6,yes,1,6,0.9372204282800816
39,technician,married,professional.course,no,no,no,cellular,apr,thu,1,2,1,success,-1.8,93.075,-47.1,1.365,5099.1,yes,1,2,0.9367159404582139
77,retired,married,basic.4y,no,unknown,unknown,cellular,jul,tue,2,3,1,success,-1.7,94.215,-40.3,0.893,4991.6,yes,1,3,0.9365097732690236
29,admin.,single,high.school,no,yes,no,cellular,sep,thu,1,6,2,success,-1.1,94.199,-37.5,0.879,4963.6,yes,1,6,0.935
29,student,single,professional.course,no,yes,yes,cellular,nov,thu,1,7,1,success,-3.4,92.649,-30.1,0.714,5017.5,yes,1,7,0.935
56,management,married,basic.6y,no,yes,no,cellular,jun,tue,1,7,2,success,-1.7,94.055,-39.8,0.723,4991.6,yes,1,7,0.935
52,management,married,university.degree,no,yes,no,cellular,aug,thu,3,1,3,success,-1.7,94.027,-38.3,0.899,4991.6,yes,1,1,0.935
84,retired,divorced,unknown,unknown,no,no,cellular,sep,tue,1,3,2,success,-1.1,94.199,-37.5,0.877,4963.6,yes,1,3,0.935
51,blue-collar,married,basic.9y,no,yes,no,cellular,aug,wed,1,6,4,success,-1.7,94.027,-38.3,0.903,4991.6,yes,1,6,0.935
52,admin.,married,university.degree,no,yes,yes,cellular,jul,thu,1,999,0,nonexistent,-1.7,94.215,-40.3,0.884,4991.6,yes,0,-1,0.935
34,admin.,single,high.school,no,no,no,cellular,sep,thu,1,12,1,success,-1.1,94.199,-37.5,0.879,4963.6,yes,1,12,0.935
80,retired,divorced,unknown,no,yes,yes,cellular,nov,fri,2,3,1,success,-3.4,92.649,-30.1,0.714,5017.5,yes,1,3,0.935
23,student,single,university.degree,no,yes,no,cellular,nov,wed,1,3,2,success,-3.4,92.649,-30.1,0.715,5017.5,yes,1,3,0.935
35,admin.,married,university.degree,no,no,no,cellular,jun,thu,4,999,0,nonexistent,-2.9,92.963,-40.8,1.26,5076.2,yes,0,-1,0.935
73,retired,married,basic.4y,no,yes,no,cellular,jul,tue,1,999,0,nonexistent,-1.7,94.215,-40.3,0.835,4991.6,yes,0,-1,0.935
35,admin.,single,university.degree,no,yes,no,cellular,apr,thu,2,999,0,nonexistent,-1.8,93.749,-34.6,0.659,5008.7,yes,0,-1,0.935
31,student,single,university.degree,no,no,no,cellular,aug,tue,4,6,2,success,-1.7,94.027,-38.3,0.899,4991.6,yes,1,6,0.935
48,management,married,university.degree,no,no,no,cellular,oct,wed,1,6,1,success,-3.4,92.431,-26.9,0.74,5017.5,yes,1,6,0.935
45,management,married,unknown,no,yes,no,cellular,apr,tue,3,7,1,success,-1.8,93.749,-34.6,0.642,5008.7,yes,1,7,0.935
61,management,married,university.degree,no,yes,no,cellular,nov,tue,1,3,2,success,-3.4,92.649,-30.1,0.715,5017.5,yes,1,3,0.935
37,admin.,single,high.school,no,no,no,cellular,jul,thu,2,7,3,success,-1.7,94.215,-40.3,0.782,4991.6,yes,1,7,0.935
33,admin.,married,university.degree,no,yes,no,telephone,nov,wed,1,3,1,success,-3.4,92.649,-30.1,0.715,5017.5,yes,1,3,0.935
44,services,divorced,basic.6y,no,yes,no,cellular,aug,wed,3,0,1,success,-1.7,94.027,-38.3,0.9,4991.6,yes,1,0,0.935
37,management,married,university.degree,no,yes,no,cellular,oct,thu,3,3,3,success,-1.1,94.601,-49.5,1.025,4963.6,yes,1,3,0.935
31,self-employed,married,university.degree,no,no,no,cellular,sep,wed,1,3,1,success,-3.4,92.379,-29.8,0.768,5017.5,yes,1,3,0.935
29,services,single,university.degree,no,no,no,cellular,aug,mon,1,6,1,success,-1.7,94.027,-38.3,0.904,4991.6,yes,1,6,0.935
37,admin.,single,high.school,no,yes,no,telephone,oct,wed,1,999,0,nonexistent,-0.1,93.798,-40.4,4.936,5195.8,yes,0,-1,0.935
62,admin.,married,high.school,no,no,no,cellular,oct,tue,1,4,3,success,-1.1,94.601,-49.5,1.037,4963.6,yes,1,4,0.935
27,admin.,married,university.degree,no,no,no,cellular,aug,thu,3,6,1,success,-1.7,94.027,-38.3,0.899,4991.6,yes,1,6,0.935
36,admin.,single,university.degree,no,no,no,cellular,jun,wed,1,7,1,success,-1.7,94.055,-39.8,0.739,4991.6,yes,1,7,0.935
31,admin.,married,university.degree,no,yes,no,cellular,sep,fri,2,13,1,success,-1.1,94.199,-37.5,0.879,4963.6,yes,1,13,0.935
58,admin.,married,university.degree,no,no,no,cellular,sep,thu,4,6,1,success,-1.1,94.199,-37.5,0.878,4963.6,yes,1,6,0.935
26,student,single,high.school,no,no,no,cellular,mar,fri,1,6,3,success,-1.8,93.369,-34.8,0.649,5008.7,yes,1,6,0.9325
33,admin.,married,university.degree,no,no,no,cellular,aug,thu,1,999,0,nonexistent,-1.7,94.027,-38.3,0.899,4991.6,yes,0,-1,0.9325
92,retired,married,unknown,no,no,yes,cellular,aug,tue,1,3,1,success,-1.7,94.027,-38.3,0.904,4991.6,yes,1,3,0.9325
30,technician,married,professional.course,no,yes,no,cellular,oct,mon,1,9,2,success,-1.1,94.601,-49.5,1.032,4963.6,yes,1,9,0.9325
81,unknown,divorced,unknown,unknown,yes,no,cellular,nov,mon,1,999,1,failure,-3.4,92.649,-30.1,0.715,5017.5,yes,0,-1,0.9325
41,management,married,unknown,no,no,yes,cellular,nov,fri,2,3,2,success,-3.4,92.649,-30.1,0.714,5017.5,yes,1,3,0.9325
32,technician,married,basic.9y,no,no,no,cellular,sep,wed,1,6,5,success,-1.1,94.199,-37.5,0.879,4963.6,yes,1,6,0.9325
33,admin.,married,university.degree,no,yes,no,cellular,oct,tue,2,6,1,success,-3.4,92.431,-26.9,0.737,5017.5,yes,1,6,0.9325
34,technician,single,university.degree,no,yes,yes,cellular,mar,thu,3,3,2,success,-1.8,93.369,-34.8,0.654,5008.7,yes,1,3,0.9325
56,retired,married,basic.4y,no,no,no,cellular,dec,thu,1,999,0,nonexistent,-3.0,92.713,-33.0,0.714,5023.5,yes,0,-1,0.9325
45,admin.,married,university.degree,no,no,no,cellular,sep,mon,1,3,2,success,-3.4,92.379,-29.8,0.797,5017.5,yes,1,3,0.9325
56,retired,married,basic.4y,no,yes,no,cellular,jun,wed,2,3,2,success,-1.7,94.055,-39.8,0.767,4991.6,yes,1,3,0.9325
81,unknown,divorced,unknown,unknown,yes,no,cellular,nov,mon,1,999,1,failure,-3.4,92.649,-30.1,0.715,5017.5,yes,0,-1,0.9325
31,student,single,unknown,no,unknown,unknown,cellular,sep,wed,2,6,2,success,-1.1,94.199,-37.5,0.88,4963.6,yes,1,6,0.9325
27,technician,single,university.degree,no,yes,no,cellular,dec,tue,3,6,2,success,-3.0,92.713,-33.0,0.707,5023.5,yes,1,6,0.9325
60,admin.,married,unknown,no,no,no,cellular,nov,tue,1,7,2,success,-1.1,94.767,-50.8,1.046,4963.6,yes,1,7,0.9325
41,technician,married,professional.course,no,no,no,cellular,nov,mon,2,6,1,success,-1.1,94.767,-50.8,1.039,4963.6,yes,1,6,0.9325
83,retired,married,university.degree,no,no,no,telephone,jul,tue,1,12,1,success,-1.7,94.215,-40.3,0.835,4991.6,yes,1,12,0.9325
33,admin.,married,university.degree,no,yes,no,cellular,may,mon,1,3,2,success,-1.8,93.876,-40.0,0.685,5008.7,yes,1,3,0.9325
32,technician,married,professional.course,no,no,no,cellular,oct,wed,1,3,1,success,-1.1,94.601,-49.5,0.959,4963.6,yes,1,3,0.9325
61,blue-collar,married,basic.6y,no,yes,yes,cellular,may,fri,1,3,2,success,-1.8,93.876,-40.0,0.695,5008.7,yes,1,3,0.9325
34,technician,single,professional.course,no,yes,no,cellular,mar,fri,1,999,0,nonexistent,-1.8,92.843,-50.0,1.726,5099.1,yes,0,-1,0.9322224312906673
34,technician,single,professional.course,no,yes,no,cellular,mar,fri,1,999,0,nonexistent,-1.8,92.843,-50.0,1.726,5099.1,yes,0,-1,0.9322224312906673
36,services,married,university.degree,no,no,yes,cellular,jun,tue,2,3,1,success,-2.9,92.963,-40.8,1.206,5076.2,yes,1,3,0.932219457123434
36,management,single,university.degree,no,yes,no,cellular,jun,wed,2,3,1,success,-2.9,92.963,-40.8,1.26,5076.2,yes,1,3,0.9321233474682227
28,student,single,basic.9y,no,yes,no,cellular,mar,tue,2,999,0,nonexistent,-1.8,92.843,-50.0,1.799,5099.1,yes,0,-1,0.9317672167906115
57,admin.,married,university.degree,no,unknown,unknown,cellular,oct,wed,2,3,2,success,-1.1,94.601,-49.5,0.959,4963.6,yes,1,3,0.9317097895765691
23,student,single,high.school,no,no,no,telephone,mar,fri,1,3,1,success,-1.8,93.369,-34.8,0.649,5008.7,yes,1,3,0.93
60,self-employed,divorced,university.degree,no,no,no,cellular,sep,tue,1,3,1,success,-3.4,92.379,-29.8,0.755,5017.5,yes,1,3,0.93
44,technician,married,professional.course,no,yes,no,cellular,sep,tue,1,4,1,success,-3.4,92.379,-29.8,0.755,5017.5,yes,1,4,0.93
35,technician,married,university.degree,no,yes,no,cellular,aug,wed,1,6,3,failure,-1.7,94.027,-38.3,0.9,4991.6,yes,1,6,0.93
40,management,married,university.degree,no,no,no,telephone,jul,fri,2,3,2,success,-1.7,94.215,-40.3,0.896,4991.6,yes,1,3,0.93
56,technician,married,basic.4y,no,no,no,cellular,oct,thu,3,3,1,success,-3.4,92.431,-26.9,0.733,5017.5,yes,1,3,0.93
49,admin.,married,high.school,unknown,no,no,cellular,oct,wed,1,6,3,success,-1.1,94.601,-49.5,0.985,4963.6,yes,1,6,0.93
31,technician,single,university.degree,no,no,no,telephone,oct,thu,1,999,0,nonexistent,-0.1,93.798,-40.4,4.794,5195.8,yes,0,-1,0.93
82,retired,divorced,basic.4y,no,yes,no,cellular,nov,tue,2,3,1,success,-3.4,92.649,-30.1,0.715,5017.5,yes,1,3,0.93
34,technician,single,university.degree,no,no,no,cellular,oct,fri,1,999,0,nonexistent,-3.4,92.431,-26.9,0.72,5017.5,yes,0,-1,0.93
35,admin.,married,high.school,no,yes,no,cellular,jul,wed,2,15,1,success,-1.7,94.215,-40.3,0.802,4991.6,yes,1,15,0.93
29,admin.,married,high.school,no,yes,no,cellular,jun,tue,2,13,1,success,-1.7,94.055,-39.8,0.723,4991.6,yes,1,13,0.93
36,blue-collar,single,basic.6y,no,no,no,cellular,nov,tue,1,999,0,nonexistent,-1.1,94.767,-50.8,1.046,4963.6,yes,0,-1,0.9299230027118958
46,admin.,married,university.degree,no,yes,no,cellular,mar,thu,1,999,0,nonexistent,-1.8,93.369,-34.8,0.65,5008.7,yes,0,-1,0.9298960342227989
41,admin.,married,university.degree,no,yes,no,cellular,dec,thu,1,999,0,nonexistent,-3.0,92.713,-33.0,0.707,5023.5,yes,0,-1,0.929618976166312
34,admin.,single,university.degree,no,no,yes,cellular,mar,tue,1,999,0,nonexistent,-1.8,93.369,-34.8,0.652,5008.7,yes,0,-1,0.9293389345921438
38,technician,married,professional.course,no,no,yes,cellular,mar,thu,1,999,0,nonexistent,-1.8,92.843,-50.0,1.757,5099.1,yes,0,-1,0.9288537617507074
32,management,single,university.degree,no,yes,no,cellular,mar,tue,3,999,0,nonexistent,-1.8,92.843,-50.0,1.687,5099.1,yes,0,-1,0.928410222196751
32,management,single,university.degree,no,yes,no,cellular,mar,tue,3,999,0,nonexistent,-1.8,92.843,-50.0,1.687,5099.1,yes,0,-1,0.928410222196751
27,admin.,single,university.degree,no,no,no,cellular,apr,thu,1,999,0,nonexistent,-1.8,93.075,-47.1,1.365,5099.1,yes,0,-1,0.9283951833106251
41,admin.,divorced,university.degree,no,yes,no,cellular,mar,fri,2,6,3,success,-1.8,93.369,-34.8,0.653,5008.7,yes,1,6,0.9275
25,admin.,single,university.degree,no,no,yes,cellular,nov,mon,1,3,2,success,-3.4,92.649,-30.1,0.715,5017.5,yes,1,3,0.9275
53,technician,married,professional.course,no,no,no,cellular,sep,tue,1,3,1,success,-3.4,92.379,-29.8,0.77,5017.5,yes,1,3,0.9275
64,admin.,married,high.school,no,yes,no,cellular,oct,fri,1,999,1,failure,-3.4,92.431,-26.9,0.73,5017.5,yes,0,-1,0.9275
64,admin.,married,high.school,no,yes,no,cellular,oct,fri,1,999,1,failure,-3.4,92.431,-26.9,0.73,5017.5,yes,0,-1,0.9275
27,admin.,single,university.degree,no,no,no,cellular,aug,fri,2,3,3,success,-1.7,94.027,-38.3,0.905,4991.6,yes,1,3,0.9275
26,unemployed,single,university.degree,no,yes,no,cellular,aug,thu,1,3,3,success,-1.7,94.027,-38.3,0.904,4991.6,yes,1,3,0.9275
31,admin.,married,university.degree,no,no,no,cellular,aug,tue,1,999,0,nonexistent,-1.7,94.027,-38.3,0.904,4991.6,yes,0,-1,0.9275
69,entrepreneur,married,high.school,no,no,no,cellular,jun,wed,2,999,0,nonexistent,-2.9,92.963,-40.8,1.26,5076.2,yes,0,-1,0.9275
30,admin.,single,high.school,no,no,no,cellular,sep,fri,3,6,1,success,-1.1,94.199,-37.5,0.883,4963.6,yes,1,6,0.9275
31,technician,single,university.degree,no,yes,no,telephone,jul,thu,1,6,2,success,-1.7,94.215,-40.3,0.899,4991.6,yes,1,6,0.9275
69,entrepreneur,married,high.school,no,no,no,cellular,jun,wed,2,999,0,nonexistent,-2.9,92.963,-40.8,1.26,5076.2,yes,0,-1,0.9275
18,student,single,unknown,no,yes,no,telephone,may,tue,1,3,1,success,-1.8,93.876,-40.0,0.668,5008.7,yes,1,3,0.9275
30,admin.,married,university.degree,no,yes,no,cellular,jun,thu,2,4,1,success,-2.9,92.963,-40.8,1.26,5076.2,yes,1,4,0.9275
42,management,single,university.degree,no,yes,no,cellular,oct,mon,1,999,0,nonexistent,-3.4,92.431,-26.9,0.743,5017.5,yes,0,-1,0.9275
49,technician,divorced,professional.course,no,yes,no,cellular,jul,mon,3,15,1,success,-1.7,94.215,-40.3,0.87,4991.6,yes,1,15,0.9275
28,student,single,university.degree,no,unknown,unknown,cellular,may,fri,3,3,2,success,-1.8,93.876,-40.0,0.695,5008.7,yes,1,3,0.9275
35,technician,single,professional.course,no,yes,no,cellular,jul,tue,1,6,1,success,-1.7,94.215,-40.3,0.835,4991.6,yes,1,6,0.9275
31,unemployed,single,university.degree,no,yes,no,cellular,mar,tue,1,10,1,success,-1.8,93.369,-34.8,0.646,5008.7,yes,1,10,0.9275
42,management,single,university.degree,no,yes,no,cellular,oct,mon,1,999,0,nonexistent,-3.4,92.431,-26.9,0.743,5017.5,yes,0,-1,0.9275
75,retired,divorced,high.school,no,no,no,telephone,apr,tue,1,6,2,success,-1.8,93.749,-34.6,0.642,5008.7,yes,1,6,0.9275
34,admin.,single,university.degree,no,no,no,telephone,oct,tue,1,999,0,nonexistent,-0.1,93.798,-40.4,4.86,5195.8,yes,0,-1,0.9275
45,admin.,married,high.school,no,yes,no,cellular,oct,fri,3,6,1,success,-1.1,94.601,-49.5,1.029,4963.6,yes,1,6,0.9272212780421483
50,admin.,married,university.degree,no,no,no,cellular,jul,thu,1,999,0,nonexistent,-2.9,92.469,-33.6,1.072,5076.2,yes,0,-1,0.9271337066267351
35,admin.,married,university.degree,no,yes,no,cellular,nov,wed,2,999,0,nonexistent,-0.1,93.2,-42.0,4.12,5195.8,yes,0,-1,0.9269816215532006
35,admin.,married,university.degree,no,yes,no,cellular,nov,wed,2,999,0,nonexistent,-0.1,93.2,-42.0,4.12,5195.8,yes,0,-1,0.9269816215532006
46,admin.,married,high.school,no,yes,yes,cellular,jul,tue,1,13,2,success,-1.7,94.215,-40.3,0.797,4991.6,yes,1,13,0.925715425095211
34,admin.,married,university.degree,no,no,yes,cellular,dec,tue,2,6,2,success,-3.0,92.713,-33.0,0.707,5023.5,yes,1,6,0.925
26,admin.,married,high.school,no,yes,no,cellular,nov,fri,1,7,1,success,-3.4,92.649,-30.1,0.714,5017.5,yes,1,7,0.925
22,admin.,single,university.degree,no,no,no,cellular,jun,wed,1,3,1,success,-1.7,94.055,-39.8,0.704,4991.6,yes,1,3,0.925
31,services,single,high.school,no,yes,no,cellular,sep,fri,2,6,1,success,-1.1,94.199,-37.5,0.879,4963.6,yes,1,6,0.925
65,retired,married,university.degree,no,no,no,cellular,nov,fri,1,3,3,success,-3.4,92.649,-30.1,0.714,5017.5,yes,1,3,0.925
20,student,single,unknown,no,no,no,cellular,may,tue,2,3,5,success,-1.8,93.876,-40.0,0.697,5008.7,yes,1,3,0.925
36,unemployed,single,high.school,no,yes,no,cellular,sep,thu,1,3,1,success,-1.1,94.199,-37.5,0.879,4963.6,yes,1,3,0.925
66,retired,married,high.school,no,no,no,cellular,jul,tue,1,999,0,nonexistent,-1.7,94.215,-40.3,0.835,4991.6,yes,0,-1,0.925
41,entrepreneur,married,university.degree,no,yes,no,cellular,aug,thu,1,999,0,nonexistent,-1.7,94.027,-38.3,0.904,4991.6,yes,0,-1,0.925
37,management,married,university.degree,no,yes,no,cellular,oct,thu,3,5,5,success,-1.1,94.601,-49.5,1.025,4963.6,yes,1,5,0.925
41,entrepreneur,married,university.degree,no,yes,no,cellular,aug,thu,1,999,0,nonexistent,-1.7,94.027,-38.3,0.904,4991.6,yes,0,-1,0.925
62,retired,married,professional.course,no,yes,no,cellular,aug,tue,3,6,1,success,-2.9,92.201,-31.4,0.838,5076.2,yes,1,6,0.925
68,retired,divorced,high.school,no,yes,yes,cellular,oct,mon,1,3,1,success,-1.1,94.601,-49.5,1.0,4963.6,yes,1,3,0.925
54,admin.,married,professional.course,no,no,no,cellular,nov,tue,2,10,1,success,-1.1,94.767,-50.8,1.035,4963.6,yes,1,10,0.9247170899291055
29,admin.,single,university.degree,no,no,no,cellular,apr,thu,1,999,0,nonexistent,-1.8,93.075,-47.1,1.365,5099.1,yes,0,-1,0.9241891313062923
60,admin.,married,professional.course,no,yes,yes,cellular,sep,thu,1,6,1,success,-1.1,94.199,-37.5,0.879,4963.6,yes,1,6,0.9232630017372793
82,retired,divorced,basic.4y,no,yes,yes,cellular,apr,mon,2,999,0,nonexistent,-1.8,93.749,-34.6,0.643,5008.7,yes,0,-1,0.9225
27,admin.,single,high.school,no,no,no,cellular,jun,tue,2,999,0,nonexistent,-1.7,94.055,-39.8,0.761,4991.6,yes,0,-1,0.9225
38,technician,married,professional.course,no,yes,no,cellular,mar,fri,2,7,1,success,-1.8,92.843,-50.0,1.726,5099.1,yes,1,7,0.9225
25,blue-collar,single,basic.9y,no,no,no,cellular,mar,thu,2,10,2,success,-1.8,93.369,-34.8,0.654,5008.7,yes,1,10,0.9225
65,retired,married,basic.4y,no,yes,yes,cellular,oct,mon,1,3,1,success,-1.1,94.601,-49.5,0.977,4963.6,yes,1,3,0.9225
26,student,single,unknown,no,yes,yes,cellular,sep,thu,1,3,1,success,-3.4,92.379,-29.8,0.809,5017.5,yes,1,3,0.9225
30,technician,single,university.degree,no,no,no,telephone,oct,wed,1,999,0,nonexistent,-0.1,93.798,-40.4,4.936,5195.8,yes,0,-1,0.9225
27,admin.,single,high.school,no,no,no,cellular,jun,tue,2,999,0,nonexistent,-1.7,94.055,-39.8,0.761,4991.6,yes,0,-1,0.9225
52,admin.,married,professional.course,no,no,no,cellular,sep,wed,2,999,0,nonexistent,-1.1,94.199,-37.5,0.876,4963.6,yes,0,-1,0.9225
28,student,single,university.degree,no,unknown,unknown,cellular,may,fri,2,999,0,nonexistent,-1.8,93.876,-40.0,0.695,5008.7,yes,0,-1,0.9225
31,technician,divorced,university.degree,no,no,no,cellular,may,wed,3,7,3,success,-1.8,93.876,-40.0,0.697,5008.7,yes,1,7,0.9225
39,technician,divorced,high.school,no,no,no,cellular,mar,mon,1,3,1,success,-1.8,93.369,-34.8,0.639,5008.7,yes,1,3,0.9225
24,student,single,unknown,no,yes,no,cellular,aug,fri,1,6,1,success,-2.9,92.201,-31.4,0.849,5076.2,yes,1,6,0.9225
32,admin.,married,university.degree,no,no,yes,cellular,jun,thu,3,3,1,success,-2.9,92.963,-40.8,1.26,5076.2,yes,1,3,0.9223514584083543
41,admin.,divorced,university.degree,no,no,no,cellular,mar,fri,1,999,0,nonexistent,-1.8,93.369,-34.8,0.653,5008.7,yes,0,-1,0.9214370439590769
28,student,single,high.school,no,yes,no,cellular,jul,mon,2,6,1,success,-1.7,94.215,-40.3,0.827,4991.6,yes,1,6,0.92
38,entrepreneur,married,university.degree,no,yes,no,cellular,aug,fri,1,16,1,success,-1.7,94.027,-38.3,0.898,4991.6,yes,1,16,0.92
33,admin.,single,university.degree,no,yes,no,cellular,oct,thu,1,3,3,success,-1.1,94.601,-49.5,1.025,4963.6,yes,1,3,0.92
39,technician,married,university.degree,no,yes,no,cellular,jun,mon,1,3,5,success,-1.7,94.055,-39.8,0.72,4991.6,yes,1,3,0.92
43,unemployed,married,basic.9y,no,no,no,cellular,sep,fri,2,9,1,success,-1.1,94.199,-37.5,0.883,4963.6,yes,1,9,0.92
83,retired,divorced,basic.4y,no,no,no,cellular,nov,tue,1,3,3,success,-3.4,92.649,-30.1,0.716,5017.5,yes,1,3,0.92
46,services,married,high.school,no,yes,yes,cellular,apr,thu,1,999,0,nonexistent,-1.8,93.075,-47.1,1.365,5099.1,yes,0,-1,0.92
26,student,single,high.school,no,yes,no,cellular,aug,wed,1,14,1,success,-1.7,94.027,-38.3,0.903,4991.6,yes,1,14,0.92
34,technician,married,unknown,no,no,no,cellular,nov,tue,1,6,2,success,-1.1,94.767,-50.8,1.046,4963.6,yes,1,6,0.92
33,housemaid,married,high.school,no,no,no,telephone,oct,tue,1,999,0,nonexistent,-0.1,93.798,-40.4,4.968,5195.8,yes,0,-1,0.92
70,retired,divorced,high.school,no,yes,no,telephone,may,wed,2,4,2,success,-1.8,93.876,-40.0,0.697,5008.7,yes,1,4,0.92
83,retired,married,university.degree,no,yes,no,cellular,jul,tue,1,6,2,success,-1.7,94.215,-40.3,0.835,4991.6,yes,1,6,0.92
35,blue-collar,married,basic.9y,no,yes,no,cellular,jul,mon,1,6,2,success,-1.7,94.215,-40.3,0.889,4991.6,yes,1,6,0.92
56,retired,married,professional.course,no,no,no,cellular,oct,thu,1,3,1,success,-3.4,92.431,-26.9,0.733,5017.5,yes,1,3,0.92
41,admin.,divorced,university.degree,no,yes,yes,cellular,mar,fri,1,999,0,nonexistent,-1.8,93.369,-34.8,0.653,5008.7,yes,0,-1,0.92
34,technician,single,basic.9y,no,no,no,cellular,aug,mon,3,6,3,success,-1.7,94.027,-38.3,0.896,4991.6,yes,1,6,0.9198976701630273
32,technician,married,professional.course,no,no,no,cellular,oct,wed,1,999,0,nonexistent,-1.1,94.601,-49.5,0.959,4963.6,yes,0,-1,0.9198522756492672
56,technician,married,professional.course,no,yes,no,cellular,jul,mon,2,13,1,success,-1.7,94.215,-40.3,0.87,4991.6,yes,1,13,0.91971508691852
37,admin.,divorced,university.degree,no,no,no,cellular,aug,thu,3,9,1,success,-2.9,92.201,-31.4,0.851,5076.2,yes,1,9,0.9175
20,student,single,basic.9y,no,yes,no,cellular,jul,thu,3,6,3,success,-1.7,94.215,-40.3,0.846,4991.6,yes,1,6,0.9175
29,admin.,single,high.school,no,yes,no,cellular,jul,tue,3,6,1,success,-1.7,94.215,-40.3,0.835,4991.6,yes,1,6,0.9175
34,technician,single,unknown,no,yes,no,cellular,aug,thu,2,3,1,success,-2.9,92.201,-31.4,0.851,5076.2,yes,1,3,0.9175
33,admin.,married,university.degree,no,yes,no,cellular,may,fri,3,999,0,nonexistent,-1.8,93.876,-40.0,0.699,5008.7,yes,0,-1,0.9175
58,self-employed,married,university.degree,no,no,no,cellular,aug,tue,4,6,3,success,-1.7,94.027,-38.3,0.895,4991.6,yes,1,6,0.9175
48,self-employed,divorced,university.degree,no,no,no,cellular,may,wed,3,999,0,nonexistent,-1.8,93.876,-40.0,0.69,5008.7,yes,0,-1,0.9175
59,unknown,married,unknown,no,no,no,cellular,aug,wed,1,6,1,success,-1.7,94.027,-38.3,0.9,4991.6,yes,1,6,0.9175
57,admin.,married,university.degree,no,no,no,cellular,nov,wed,1,3,2,success,-3.4,92.649,-30.1,0.716,5017.5,yes,1,3,0.9175
48,admin.,divorced,university.degree,no,no,no,cellular,aug,thu,3,3,6,success,-1.7,94.027,-38.3,0.904,4991.6,yes,1,3,0.9175
35,admin.,divorced,high.school,no,yes,yes,telephone,apr,thu,1,999,0,nonexistent,-1.8,93.749,-34.6,0.635,5008.7,yes,0,-1,0.9175
62,retired,married,university.degree,no,no,no,cellular,nov,thu,2,6,3,success,-1.1,94.767,-50.8,1.031,4963.6,yes,1,6,0.9175
80,retired,divorced,basic.4y,no,yes,yes,cellular,apr,thu,1,10,2,success,-1.8,93.749,-34.6,0.644,5008.7,yes,1,10,0.9175
35,admin.,married,university.degree,no,yes,no,cellular,apr,thu,1,10,1,success,-1.8,93.749,-34.6,0.644,5008.7,yes,1,10,0.9175
72,retired,married,basic.4y,no,yes,no,cellular,jul,mon,1,999,0,nonexistent,-1.7,94.215,-40.3,0.87,4991.6,yes,0,-1,0.9175
50,management,married,university.degree,no,yes,no,cellular,oct,thu,2,4,1,success,-3.4,92.431,-26.9,0.754,5017.5,yes,1,4,0.9175
25,services,single,unknown,no,yes,no,cellular,jun,tue,1,13,2,failure,-1.7,94.055,-39.8,0.702,4991.6,yes,1,13,0.9175
28,services,single,basic.6y,no,no,no,cellular,jun,wed,2,4,1,success,-2.9,92.963,-40.8,1.26,5076.2,yes,1,4,0.9173524798806983
60,admin.,married,university.degree,no,no,no,cellular,jul,fri,1,6,2,success,-1.7,94.215,-40.3,0.861,4991.6,yes,1,6,0.9169999453731017
34,technician,married,high.school,no,yes,no,cellular,jun,wed,1,3,4,success,-1.7,94.055,-39.8,0.715,4991.6,yes,1,3,0.915
20,student,single,high.school,no,no,no,cellular,nov,wed,2,3,3,success,-3.4,92.649,-30.1,0.715,5017.5,yes,1,3,0.915
49,technician,divorced,professional.course,no,yes,no,cellular,oct,fri,2,3,1,success,-1.1,94.601,-49.5,0.972,4963.6,yes,1,3,0.915
34,technician,single,professional.course,no,no,no,cellular,aug,wed,1,999,0,nonexistent,-2.9,92.201,-31.4,0.884,5076.2,yes,0,-1,0.915
54,admin.,married,university.degree,no,yes,no,cellular,mar,mon,1,999,0,nonexistent,-1.8,92.843,-50.0,1.56,5099.1,yes,0,-1,0.915
48,admin.,divorced,university.degree,no,no,no,cellular,aug,thu,1,999,0,nonexistent,-1.7,94.027,-38.3,0.904,4991.6,yes,0,-1,0.915
26,admin.,single,university.degree,no,yes,no,cellular,nov,tue,3,7,1,success,-3.4,92.649,-30.1,0.715,5017.5,yes,1,7,0.915
61,retired,married,university.degree,no,no,no,telephone,aug,wed,2,7,1,success,-1.7,94.027,-38.3,0.9,4991.6,yes,1,7,0.915
68,retired,married,university.degree,no,no,no,cellular,jul,mon,2,12,1,success,-1.7,94.215,-40.3,0.889,4991.6,yes,1,12,0.915
56,admin.,single,university.degree,no,no,no,cellular,mar,wed,1,5,1,success,-1.8,93.369,-34.8,0.634,5008.7,yes,1,5,0.915
51,technician,married,professional.course,no,yes,yes,cellular,apr,thu,1,2,2,success,-1.8,93.075,-47.1,1.365,5099.1,yes,1,2,0.915
42,self-employed,married,university.degree,no,yes,no,cellular,jun,wed,1,3,1,success,-2.9,92.963,-40.8,1.26,5076.2,yes,1,3,0.915
65,retired,married,basic.4y,no,yes,no,cellular,oct,wed,1,3,3,success,-1.1,94.601,-49.5,1.043,4963.6,yes,1,3,0.915
24,admin.,single,university.degree,no,no,no,cellular,sep,tue,1,3,1,success,-3.4,92.379,-29.8,0.77,5017.5,yes,1,3,0.915
54,admin.,married,university.degree,no,yes,no,cellular,mar,mon,1,999,0,nonexistent,-1.8,92.843,-50.0,1.56,5099.1,yes,0,-1,0.915
27,admin.,single,university.degree,no,no,no,cellular,apr,tue,1,12,1,success,-1.8,93.749,-34.6,0.638,5008.7,yes,1,12,0.915
34,technician,single,professional.course,no,no,no,cellular,aug,wed,1,999,0,nonexistent,-2.9,92.201,-31.4,0.884,5076.2,yes,0,-1,0.915
32,self-employed,married,university.degree,no,no,no,cellular,nov,thu,2,3,2,success,-3.4,92.649,-30.1,0.714,5017.5,yes,1,3,0.915
52,admin.,married,university.degree,no,no,no,cellular,may,thu,1,3,2,success,-1.8,93.876,-40.0,0.677,5008.7,yes,1,3,0.915
23,student,single,high.school,no,no,yes,cellular,sep,thu,2,3,2,success,-1.1,94.199,-37.5,0.878,4963.6,yes,1,3,0.915
30,student,single,high.school,no,no,no,cellular,may,fri,2,3,2,success,-1.8,93.876,-40.0,0.682,5008.7,yes,1,3,0.915
22,services,single,professional.course,no,no,no,cellular,jul,tue,3,999,1,failure,-1.7,94.215,-40.3,0.835,4991.6,yes,0,-1,0.915
51,technician,married,professional.course,no,yes,no,cellular,apr,thu,1,0,1,success,-1.8,93.075,-47.1,1.365,5099.1,yes,1,0,0.914852616017483
69,retired,married,high.school,no,no,no,cellular,nov,mon,1,999,0,nonexistent,-3.4,92.649,-30.1,0.715,5017.5,yes,0,-1,0.91472407011751
35,admin.,married,high.school,no,yes,no,cellular,mar,tue,3,999,0,nonexistent,-1.8,92.843,-50.0,1.799,5099.1,yes,0,-1,0.914715997377877
49,unemployed,married,high.school,no,no,no,cellular,sep,wed,1,999,0,nonexistent,-3.4,92.379,-29.8,0.768,5017.5,yes,0,-1,0.9143664620692701
49,unemployed,married,high.school,no,no,no,cellular,sep,wed,1,999,0,nonexistent,-3.4,92.379,-29.8,0.768,5017.5,yes,0,-1,0.9143664620692701
37,technician,single,professional.course,no,yes,no,cellular,nov,wed,1,999,0,nonexistent,-1.1,94.767,-50.8,1.044,4963.6,yes,0,-1,0.9142124793612254
88,retired,divorced,basic.4y,no,no,no,cellular,mar,wed,1,999,0,nonexistent,-1.8,92.843,-50.0,1.663,5099.1,yes,0,-1,0.9126822602929898
24,student,single,professional.course,no,no,no,cellular,jul,wed,2,6,3,success,-1.7,94.215,-40.3,0.896,4991.6,yes,1,6,0.9125
27,management,single,professional.course,no,yes,no,cellular,nov,tue,1,3,1,success,-3.4,92.649,-30.1,0.716,5017.5,yes,1,3,0.9125
26,student,single,high.school,no,yes,yes,cellular,apr,fri,1,6,2,success,-1.8,93.749,-34.6,0.645,5008.7,yes,1,6,0.9125
42,services,married,university.degree,no,no,no,cellular,dec,wed,1,6,1,success,-3.0,92.713,-33.0,0.715,5023.5,yes,1,6,0.9125
27,student,single,unknown,no,yes,no,telephone,apr,thu,1,4,1,success,-1.8,93.749,-34.6,0.635,5008.7,yes,1,4,0.9125
28,technician,single,professional.course,no,yes,no,cellular,nov,wed,2,6,1,success,-3.4,92.649,-30.1,0.716,5017.5,yes,1,6,0.9125
25,admin.,single,high.school,no,no,no,cellular,sep,thu,1,3,1,success,-3.4,92.379,-29.8,0.778,5017.5,yes,1,3,0.9125
23,student,single,professional.course,no,no,no,cellular,sep,wed,2,15,1,success,-1.1,94.199,-37.5,0.876,4963.6,yes,1,15,0.9125
48,blue-collar,married,basic.9y,no,yes,no,cellular,may,tue,1,3,3,success,-1.8,93.876,-40.0,0.668,5008.7,yes,1,3,0.9125
61,admin.,married,university.degree,no,yes,yes,telephone,aug,wed,1,6,2,success,-1.7,94.027,-38.3,0.903,4991.6,yes,1,6,0.9125
37,admin.,married,university.degree,no,no,yes,cellular,dec,mon,2,6,1,success,-3.0,92.713,-33.0,0.706,5023.5,yes,1,6,0.9125
56,admin.,married,university.degree,no,yes,no,cellular,sep,thu,2,3,2,success,-3.4,92.379,-29.8,0.778,5017.5,yes,1,3,0.9125
34,admin.,single,university.degree,no,no,no,cellular,sep,fri,3,3,2,success,-3.4,92.379,-29.8,0.773,5017.5,yes,1,3,0.9125
47,self-employed,divorced,university.degree,no,no,no,cellular,mar,tue,1,999,0,nonexistent,-1.8,93.369,-34.8,0.646,5008.7,yes,0,-1,0.912215997377877
59,technician,married,professional.course,no,yes,no,cellular,jul,fri,2,15,1,success,-1.7,94.215,-40.3,0.861,4991.6,yes,1,15,0.9122145406429056
34,technician,married,professional.course,no,yes,no,cellular,oct,wed,2,8,1,success,-3.4,92.431,-26.9,0.735,5017.5,yes,1,8,0.91
45,blue-collar,married,professional.course,no,yes,no,telephone,may,thu,1,6,2,success,-1.8,93.876,-40.0,0.683,5008.7,yes,1,6,0.91
66,retired,married,basic.4y,unknown,unknown,unknown,cellular,oct,wed,1,6,3,success,-1.1,94.601,-49.5,0.985,4963.6,yes,1,6,0.91
34,technician,single,university.degree,no,yes,no,cellular,sep,fri,4,10,3,success,-1.1,94.199,-37.5,0.879,4963.6,yes,1,10,0.91
30,admin.,single,university.degree,no,unknown,unknown,cellular,may,fri,3,999,0,nonexistent,-1.8,93.876,-40.0,0.699,5008.7,yes,0,-1,0.91
52,admin.,married,professional.course,no,no,yes,cellular,sep,wed,3,999,0,nonexistent,-1.1,94.199,-37.5,0.876,4963.6,yes,0,-1,0.91
60,management,married,university.degree,no,yes,yes,cellular,jul,thu,1,4,2,success,-1.7,94.215,-40.3,0.782,4991.6,yes,1,4,0.91
51,technician,married,high.school,no,no,no,cellular,jul,mon,1,6,3,success,-1.7,94.215,-40.3,0.889,4991.6,yes,1,6,0.91
33,admin.,single,university.degree,no,yes,no,cellular,may,fri,5,999,0,nonexistent,-1.8,93.876,-40.0,0.684,5008.7,yes,0,-1,0.91
49,blue-collar,married,basic.9y,unknown,no,no,cellular,mar,mon,1,3,1,success,-1.8,93.369,-34.8,0.652,5008.7,yes,1,3,0.91
49,admin.,divorced,university.degree,no,yes,no,cellular,sep,fri,3,3,1,success,-3.4,92.379,-29.8,0.773,5017.5,yes,1,3,0.91
39,technician,divorced,high.school,no,no,no,cellular,mar,mon,1,12,2,success,-1.8,93.369,-34.8,0.639,5008.7,yes,1,12,0.91
27,admin.,single,university.degree,no,yes,no,cellular,mar,wed,1,6,2,success,-1.8,93.369,-34.8,0.634,5008.7,yes,1,6,0.91
57,housemaid,married,basic.4y,no,no,no,cellular,apr,wed,2,6,1,success,-1.8,93.749,-34.6,0.642,5008.7,yes,1,6,0.91
28,student,single,high.school,no,yes,no,cellular,jun,mon,2,999,0,nonexistent,-2.9,92.963,-40.8,1.266,5076.2,yes,0,-1,0.91
48,admin.,married,university.degree,no,no,no,telephone,apr,thu,1,6,2,success,-1.8,93.749,-34.6,0.644,5008.7,yes,1,6,0.91
36,technician,married,professional.course,no,yes,yes,cellular,apr,thu,2,2,2,success,-1.8,93.075,-47.1,1.365,5099.1,yes,1,2,0.91
30,student,single,unknown,no,yes,no,cellular,mar,tue,1,9,1,success,-1.8,93.369,-34.8,0.637,5008.7,yes,1,9,0.91
29,technician,married,professional.course,no,yes,no,cellular,oct,fri,1,5,2,success,-1.1,94.601,-49.5,0.972,4963.6,yes,1,5,0.91
86,retired,married,unknown,unknown,yes,yes,cellular,sep,tue,1,7,4,success,-1.1,94.199,-37.5,0.877,4963.6,yes,1,7,0.91
56,retired,married,professional.course,no,unknown,unknown,cellular,oct,thu,1,6,1,success,-3.4,92.431,-26.9,0.733,5017.5,yes,1,6,0.9097192750315625
29,admin.,single,university.degree,no,no,no,cellular,sep,tue,2,3,3,success,-1.1,94.199,-37.5,0.88,4963.6,yes,1,3,0.9075
28,services,married,high.school,no,no,yes,cellular,jun,wed,2,6,2,success,-1.7,94.055,-39.8,0.715,4991.6,yes,1,6,0.9075
41,admin.,divorced,university.degree,no,yes,no,cellular,mar,fri,2,999,0,nonexistent,-1.8,93.369,-34.8,0.653,5008.7,yes,0,-1,0.9075
76,retired,married,university.degree,no,yes,yes,cellular,dec,thu,2,4,2,success,-3.0,92.713,-33.0,0.712,5023.5,yes,1,4,0.9075
68,retired,divorced,basic.4y,no,yes,no,cellular,mar,tue,2,11,1,success,-1.8,93.369,-34.8,0.635,5008.7,yes,1,11,0.9075
30,admin.,married,high.school,no,yes,no,cellular,jun,fri,1,12,1,success,-1.7,94.055,-39.8,0.732,4991.6,yes,1,12,0.9075
41,admin.,divorced,high.school,no,no,no,telephone,apr,thu,2,999,0,nonexistent,-1.8,93.749,-34.6,0.635,5008.7,yes,0,-1,0.9075
26,unemployed,single,high.school,no,yes,no,cellular,oct,fri,3,14,1,success,-1.1,94.601,-49.5,1.029,4963.6,yes,1,14,0.9075
22,student,single,unknown,no,yes,no,cellular,may,mon,2,3,2,success,-1.8,93.876,-40.0,0.682,5008.7,yes,1,3,0.9075
25,student,single,high.school,no,no,no,cellular,oct,fri,1,999,1,failure,-3.4,92.431,-26.9,0.72,5017.5,yes,0,-1,0.9075
28,student,single,high.school,no,no,yes,cellular,may,wed,1,3,5,success,-1.8,93.876,-40.0,0.69,5008.7,yes,1,3,0.9075
65,management,married,unknown,no,no,no,cellular,dec,wed,2,9,1,success,-3.0,92.713,-33.0,0.715,5023.5,yes,1,9,0.9075
51,blue-collar,married,basic.4y,no,no,yes,cellular,jun,mon,1,3,1,success,-1.7,94.055,-39.8,0.754,4991.6,yes,1,3,0.9075
35,admin.,married,university.degree,no,no,no,cellular,jun,thu,3,999,0,nonexistent,-2.9,92.963,-40.8,1.26,5076.2,yes,0,-1,0.9075
56,technician,divorced,professional.course,no,no,no,cellular,oct,mon,1,3,2,success,-1.1,94.601,-49.5,1.0,4963.6,yes,1,3,0.9075
60,unemployed,married,basic.4y,no,no,no,cellular,nov,thu,2,6,1,success,-3.4,92.649,-30.1,0.714,5017.5,yes,1,6,0.9075
49,technician,divorced,professional.course,no,yes,no,cellular,mar,tue,4,3,1,success,-1.8,93.369,-34.8,0.635,5008.7,yes,1,3,0.9075
26,technician,single,university.degree,no,yes,no,cellular,dec,tue,1,5,1,success,-3.0,92.713,-33.0,0.707,5023.5,yes,1,5,0.9074391039988063
38,technician,married,professional.course,no,no,yes,cellular,mar,fri,1,999,0,nonexistent,-1.8,92.843,-50.0,1.726,5099.1,yes,0,-1,0.9072225065734937
21,student,single,high.school,no,yes,no,cellular,aug,tue,3,9,2,success,-1.7,94.027,-38.3,0.899,4991.6,yes,1,9,0.9072169685345247
34,admin.,married,professional.course,no,no,no,cellular,sep,tue,1,3,3,success,-1.1,94.199,-37.5,0.877,4963.6,yes,1,3,0.9072146620374866
37,unemployed,single,university.degree,no,yes,yes,cellular,jul,wed,1,5,2,success,-1.7,94.215,-40.3,0.881,4991.6,yes,1,5,0.9072139943672914
53,admin.,divorced,university.degree,no,no,no,cellular,mar,thu,1,999,0,nonexistent,-1.8,93.369,-34.8,0.654,5008.7,yes,0,-1,0.9066363508778089
72,retired,married,basic.4y,no,no,no,cellular,sep,fri,1,3,2,success,-3.4,92.379,-29.8,0.803,5017.5,yes,1,3,0.905
27,admin.,married,university.degree,no,yes,no,cellular,aug,tue,5,12,1,success,-1.7,94.027,-38.3,0.886,4991.6,yes,1,12,0.905
31,student,single,unknown,no,yes,no,cellular,aug,thu,2,999,0,nonexistent,-1.7,94.027,-38.3,0.904,4991.6,yes,0,-1,0.905
31,student,single,unknown,no,yes,no,cellular,aug,thu,2,999,0,nonexistent,-1.7,94.027,-38.3,0.904,4991.6,yes,0,-1,0.905
39,admin.,married,high.school,no,yes,no,cellular,may,tue,1,3,2,success,-1.8,93.876,-40.0,0.668,5008.7,yes,1,3,0.905
44,admin.,single,university.degree,no,yes,no,cellular,may,fri,4,3,1,success,-1.8,93.876,-40.0,0.682,5008.7,yes,1,3,0.905
80,retired,married,basic.4y,no,no,no,cellular,may,mon,1,3,3,success,-1.8,93.876,-40.0,0.697,5008.7,yes,1,3,0.905
28,admin.,single,university.degree,no,no,no,cellular,may,wed,2,3,2,success,-1.8,93.876,-40.0,0.697,5008.7,yes,1,3,0.905
29,admin.,single,high.school,no,no,no,cellular,jul,tue,1,999,0,nonexistent,-1.7,94.215,-40.3,0.797,4991.6,yes,0,-1,0.905
25,services,single,high.school,no,yes,no,cellular,jun,thu,2,3,1,success,-2.9,92.963,-40.8,1.26,5076.2,yes,1,3,0.905
29,technician,single,professional.course,no,yes,no,cellular,jun,wed,2,6,1,success,-1.7,94.055,-39.8,0.704,4991.6,yes,1,6,0.905
42,blue-collar,married,professional.course,no,yes,no,cellular,oct,wed,1,7,1,success,-3.4,92.431,-26.9,0.735,5017.5,yes,1,7,0.905
29,admin.,single,university.degree,no,no,no,cellular,jun,wed,2,3,4,success,-1.7,94.055,-39.8,0.715,4991.6,yes,1,3,0.905
59,management,married,university.degree,no,yes,no,cellular,sep,fri,2,3,1,success,-3.4,92.379,-29.8,0.803,5017.5,yes,1,3,0.905
48,management,divorced,university.degree,no,yes,no,cellular,nov,wed,1,3,1,success,-3.4,92.649,-30.1,0.716,5017.5,yes,1,3,0.905
36,technician,single,professional.course,no,yes,no,cellular,apr,thu,1,2,2,success,-1.8,93.075,-47.1,1.365,5099.1,yes,1,2,0.905
46,technician,married,professional.course,no,no,yes,cellular,apr,tue,1,5,2,success,-1.8,93.749,-34.6,0.638,5008.7,yes,1,5,0.905
33,admin.,single,university.degree,no,yes,no,cellular,apr,thu,1,7,2,success,-1.8,93.749,-34.6,0.635,5008.7,yes,1,7,0.905
37,admin.,married,university.degree,no,yes,yes,cellular,apr,thu,1,999,0,nonexistent,-1.8,93.749,-34.6,0.644,5008.7,yes,0,-1,0.905
65,retired,married,high.school,no,yes,yes,cellular,oct,fri,2,12,1,success,-1.1,94.601,-49.5,1.029,4963.6,yes,1,12,0.905
47,admin.,married,university.degree,no,unknown,unknown,cellular,aug,wed,1,10,2,failure,-1.7,94.027,-38.3,0.9,4991.6,yes,1,10,0.905
80,retired,divorced,basic.4y,no,yes,no,telephone,apr,wed,2,999,0,nonexistent,-1.8,93.749,-34.6,0.642,5008.7,yes,0,-1,0.905
29,technician,married,university.degree,no,yes,no,cellular,nov,fri,1,3,1,success,-3.4,92.649,-30.1,0.714,5017.5,yes,1,3,0.905
36,management,divorced,university.degree,no,yes,no,cellular,jun,mon,1,3,4,success,-1.7,94.055,-39.8,0.72,4991.6,yes,1,3,0.905
69,retired,married,basic.4y,no,yes,no,cellular,oct,thu,1,999,0,nonexistent,-3.4,92.431,-26.9,0.722,5017.5,yes,0,-1,0.9049833056374251
41,services,married,high.school,no,no,no,cellular,mar,wed,2,999,0,nonexistent,-1.8,92.843,-50.0,1.778,5099.1,yes,0,-1,0.9033800916352197
34,technician,married,professional.course,no,no,no,cellular,aug,tue,1,13,1,success,-2.9,92.201,-31.4,0.859,5076.2,yes,1,13,0.9025
64,retired,divorced,basic.4y,no,yes,yes,telephone,sep,fri,2,6,2,success,-1.1,94.199,-37.5,0.878,4963.6,yes,1,6,0.9025
48,unemployed,married,professional.course,no,no,no,telephone,may,wed,1,6,1,success,-1.8,93.876,-40.0,0.682,5008.7,yes,1,6,0.9025
28,admin.,single,high.school,no,yes,no,cellular,may,thu,1,6,1,success,-1.8,93.876,-40.0,0.683,5008.7,yes,1,6,0.9025
19,student,single,basic.6y,no,yes,no,cellular,sep,thu,2,6,4,success,-1.1,94.199,-37.5,0.879,4963.6,yes,1,6,0.9025
48,unemployed,single,basic.9y,no,yes,no,cellular,apr,thu,1,2,1,success,-1.8,93.075,-47.1,1.365,5099.1,yes,1,2,0.9025
46,admin.,married,university.degree,no,yes,no,cellular,jul,fri,3,999,0,nonexistent,-1.7,94.215,-40.3,0.822,4991.6,yes,0,-1,0.9025
21,student,single,unknown,no,no,no,telephone,jul,thu,1,12,1,success,-1.7,94.215,-40.3,0.81,4991.6,yes,1,12,0.9025
29,technician,single,basic.9y,no,yes,no,telephone,jul,wed,1,6,1,success,-1.7,94.215,-40.3,0.84,4991.6,yes,1,6,0.9025
34,blue-collar,single,high.school,no,yes,no,telephone,oct,wed,1,999,0,nonexistent,-0.1,93.798,-40.4,4.827,5195.8,yes,0,-1,0.9025
25,student,single,high.school,no,yes,no,cellular,oct,fri,1,3,1,success,-1.1,94.601,-49.5,1.029,4963.6,yes,1,3,0.9025
31,technician,single,university.degree,no,no,no,telephone,jul,thu,1,5,1,success,-1.7,94.215,-40.3,0.899,4991.6,yes,1,5,0.9025
31,student,single,university.degree,no,yes,yes,cellular,apr,fri,1,6,2,success,-1.8,93.749,-34.6,0.663,5008.7,yes,1,6,0.9025
36,blue-collar,married,unknown,no,no,no,cellular,apr,fri,1,6,1,success,-1.8,93.749,-34.6,0.663,5008.7,yes,1,6,0.9025
37,technician,married,university.degree,no,yes,no,telephone,sep,tue,1,3,2,success,-3.4,92.379,-29.8,0.755,5017.5,yes,1,3,0.9025
63,housemaid,married,basic.4y,no,yes,no,cellular,sep,wed,1,3,1,success,-3.4,92.379,-29.8,0.749,5017.5,yes,1,3,0.9025
26,admin.,single,university.degree,no,yes,yes,cellular,apr,tue,4,6,2,success,-1.8,93.749,-34.6,0.644,5008.7,yes,1,6,0.9025
70,blue-collar,married,basic.4y,no,no,yes,cellular,jun,fri,1,3,1,success,-1.7,94.055,-39.8,0.732,4991.6,yes,1,3,0.9025
43,self-employed,married,university.degree,no,yes,no,cellular,mar,wed,1,999,0,nonexistent,-1.8,93.369,-34.8,0.651,5008.7,yes,0,-1,0.9023220197838774
35,admin.,married,university.degree,no,no,no,cellular,jul,thu,2,6,1,success,-1.7,94.215,-40.3,0.846,4991.6,yes,1,6,0.9022150869185199
41,technician,divorced,professional.course,no,yes,no,cellular,apr,thu,2,999,0,nonexistent,-1.8,93.075,-47.1,1.365,5099.1,yes,0,-1,0.9
34,admin.,single,university.degree,no,yes,yes,cellular,mar,tue,1,999,0,nonexistent,-1.8,93.369,-34.8,0.652,5008.7,yes,0,-1,0.9
70,retired,married,basic.4y,no,yes,no,cellular,may,thu,1,3,2,success,-1.8,93.876,-40.0,0.683,5008.7,yes,1,3,0.9
28,management,single,university.degree,no,yes,no,cellular,jun,thu,3,6,2,success,-1.7,94.055,-39.8,0.729,4991.6,yes,1,6,0.9
41,admin.,divorced,university.degree,no,yes,no,cellular,jul,mon,1,14,2,success,-1.7,94.215,-40.3,0.793,4991.6,yes,1,14,0.9
78,retired,married,basic.4y,no,yes,no,cellular,jul,mon,1,13,2,success,-1.7,94.215,-40.3,0.87,4991.6,yes,1,13,0.9
52,admin.,married,professional.course,no,no,no,cellular,jul,tue,1,999,0,nonexistent,-1.7,94.215,-40.3,0.893,4991.6,yes,0,-1,0.9
38,technician,married,professional.course,no,yes,no,cellular,mar,fri,2,10,1,success,-1.8,92.843,-50.0,1.726,5099.1,yes,1,10,0.9
26,blue-collar,married,basic.9y,no,no,no,cellular,apr,thu,2,999,0,nonexistent,-1.8,93.075,-47.1,1.41,5099.1,yes,0,-1,0.9
26,admin.,single,university.degree,no,yes,no,cellular,sep,tue,3,6,3,success,-1.1,94.199,-37.5,0.881,4963.6,yes,1,6,0.9
54,services,divorced,high.school,no,yes,yes,cellular,oct,wed,4,3,1,success,-1.1,94.601,-49.5,1.016,4963.6,yes,1,3,0.9
22,student,single,high.school,no,no,no,cellular,oct,fri,3,6,1,success,-3.4,92.431,-26.9,0.73,5017.5,yes,1,6,0.9
66,housemaid,divorced,basic.4y,no,yes,no,cellular,mar,thu,1,3,2,success,-1.8,93.369,-34.8,0.635,5008.7,yes,1,3,0.9
26,admin.,single,university.degree,no,no,no,cellular,aug,mon,1,6,5,success,-1.7,94.027,-38.3,0.904,4991.6,yes,1,6,0.9
26,blue-collar,married,basic.9y,no,no,no,cellular,apr,thu,2,999,0,nonexistent,-1.8,93.075,-47.1,1.41,5099.1,yes,0,-1,0.9
31,services,single,basic.9y,no,yes,no,cellular,may,fri,4,999,0,nonexistent,-1.8,93.876,-40.0,0.695,5008.7,yes,0,-1,0.8997191536369817
26,blue-collar,single,basic.6y,no,no,no,cellular,oct,wed,1,999,0,nonexistent,-1.1,94.601,-49.5,0.959,4963.6,yes,0,-1,0.8997181217830437
39,management,single,university.degree,no,yes,no,cellular,nov,fri,2,3,2,success,-3.4,92.649,-30.1,0.714,5017.5,yes,1,3,0.8995004370629371
26,management,single,university.degree,no,no,no,cellular,mar,thu,1,999,0,nonexistent,-1.8,92.843,-50.0,1.65,5099.1,yes,0,-1,0.8982518420462051
30,technician,married,professional.course,no,yes,no,cellular,mar,tue,2,6,2,success,-1.8,93.369,-34.8,0.655,5008.7,yes,1,6,0.8975
53,blue-collar,single,basic.9y,no,yes,no,cellular,jul,wed,1,999,0,nonexistent,-1.7,94.215,-40.3,0.84,4991.6,yes,0,-1,0.8975
53,blue-collar,single,basic.9y,no,no,no,telephone,jul,wed,1,6,2,success,-1.7,94.215,-40.3,0.84,4991.6,yes,1,6,0.8975
56,retired,married,university.degree,no,yes,no,cellular,nov,wed,2,3,3,success,-3.4,92.649,-30.1,0.716,5017.5,yes,1,3,0.8975
65,retired,married,basic.4y,no,no,no,cellular,oct,fri,2,7,3,success,-1.1,94.601,-49.5,0.993,4963.6,yes,1,7,0.8975
24,student,single,high.school,no,yes,no,cellular,may,tue,2,6,2,success,-1.8,93.876,-40.0,0.668,5008.7,yes,1,6,0.8975
63,retired,married,professional.course,no,yes,yes,cellular,may,mon,2,14,1,success,-1.8,93.876,-40.0,0.685,5008.7,yes,1,14,0.8975
77,retired,married,university.degree,no,yes,no,telephone,may,wed,1,3,4,success,-1.8,93.876,-40.0,0.682,5008.7,yes,1,3,0.8975
41,technician,married,professional.course,no,unknown,unknown,cellular,jun,tue,1,4,3,success,-2.9,92.963,-40.8,1.262,5076.2,yes,1,4,0.8975
76,retired,married,basic.4y,no,yes,no,cellular,may,fri,2,6,2,success,-1.8,93.876,-40.0,0.684,5008.7,yes,1,6,0.8975
79,retired,married,basic.4y,no,yes,no,cellular,nov,tue,1,3,1,success,-3.4,92.649,-30.1,0.715,5017.5,yes,1,3,0.8975
34,admin.,single,university.degree,no,yes,no,cellular,mar,thu,2,6,3,success,-1.8,93.369,-34.8,0.643,5008.7,yes,1,6,0.8975
36,blue-collar,single,basic.6y,no,no,no,cellular,nov,tue,4,999,0,nonexistent,-1.1,94.767,-50.8,1.046,4963.6,yes,0,-1,0.8975
26,technician,single,professional.course,no,yes,no,cellular,jun,tue,2,3,1,success,-2.9,92.963,-40.8,1.262,5076.2,yes,1,3,0.8975
53,blue-collar,single,basic.9y,no,unknown,unknown,cellular,mar,thu,1,9,2,success,-1.8,93.369,-34.8,0.643,5008.7,yes,1,9,0.8975
52,technician,married,basic.6y,no,yes,no,cellular,jul,thu,1,3,1,success,-1.7,94.215,-40.3,0.846,4991.6,yes,1,3,0.8969334514907255
41,admin.,married,university.degree,no,yes,no,cellular,dec,thu,2,999,0,nonexistent,-3.0,92.713,-33.0,0.707,5023.5,yes,0,-1,0.8965629282882892
32,admin.,married,university.degree,no,yes,yes,cellular,jun,tue,1,999,0,nonexistent,-2.9,92.963,-40.8,1.262,5076.2,yes,0,-1,0.8964261678486544
32,admin.,married,university.degree,no,yes,yes,cellular,jun,tue,1,999,0,nonexistent,-2.9,92.963,-40.8,1.262,5076.2,yes,0,-1,0.8964261678486544
27,services,single,high.school,no,no,no,cellular,jul,fri,5,6,2,success,-1.7,94.215,-40.3,0.896,4991.6,yes,1,6,0.895
71,retired,married,basic.4y,no,no,no,cellular,oct,tue,1,999,0,nonexistent,-3.4,92.431,-26.9,0.728,5017.5,yes,0,-1,0.895
32,admin.,married,professional.course,no,no,yes,cellular,oct,tue,1,6,1,success,-3.4,92.431,-26.9,0.742,5017.5,yes,1,6,0.895
38,entrepreneur,married,basic.4y,no,no,no,telephone,oct,fri,1,999,0,nonexistent,-0.1,93.798,-40.4,4.76,5195.8,yes,0,-1,0.895
28,admin.,single,university.degree,no,yes,yes,cellular,aug,tue,2,6,2,success,-1.7,94.027,-38.3,0.899,4991.6,yes,1,6,0.895
52,technician,married,professional.course,no,yes,no,cellular,nov,fri,1,3,1,success,-3.4,92.649,-30.1,0.714,5017.5,yes,1,3,0.895
41,unemployed,married,high.school,no,no,no,cellular,sep,wed,1,6,3,success,-1.1,94.199,-37.5,0.879,4963.6,yes,1,6,0.895
20,student,single,unknown,no,no,no,cellular,may,tue,2,12,1,success,-1.8,93.876,-40.0,0.697,5008.7,yes,1,12,0.895
71,retired,married,basic.4y,no,no,no,cellular,oct,tue,1,999,0,nonexistent,-3.4,92.431,-26.9,0.728,5017.5,yes,0,-1,0.895
26,student,single,university.degree,no,no,no,cellular,nov,fri,1,7,1,success,-3.4,92.649,-30.1,0.714,5017.5,yes,1,7,0.895
62,retired,married,university.degree,no,yes,no,cellular,dec,wed,1,6,1,success,-3.0,92.713,-33.0,0.706,5023.5,yes,1,6,0.895
67,unknown,divorced,unknown,unknown,yes,no,cellular,sep,wed,2,6,2,success,-1.1,94.199,-37.5,0.88,4963.6,yes,1,6,0.8948979542709081
27,admin.,single,university.degree,no,no,no,cellular,mar,tue,2,999,0,nonexistent,-1.8,93.369,-34.8,0.637,5008.7,yes,0,-1,0.8948547583265898
24,student,single,basic.9y,no,unknown,unknown,cellular,sep,tue,1,999,0,nonexistent,-3.4,92.379,-29.8,0.788,5017.5,yes,0,-1,0.8947146013401962
53,admin.,single,university.degree,no,yes,no,cellular,jun,fri,2,3,1,success,-2.9,92.963,-40.8,1.268,5076.2,yes,1,3,0.8944953287348292
41,unemployed,married,basic.9y,no,no,no,cellular,nov,thu,2,3,2,success,-1.1,94.767,-50.8,1.041,4963.6,yes,1,3,0.8925
38,technician,married,professional.course,no,yes,yes,cellular,mar,thu,2,999,0,nonexistent,-1.8,92.843,-50.0,1.757,5099.1,yes,0,-1,0.8925
41,technician,divorced,university.degree,no,no,no,cellular,mar,thu,1,6,1,success,-1.8,93.369,-34.8,0.635,5008.7,yes,1,6,0.8925
30,admin.,married,unknown,no,yes,no,cellular,jun,fri,2,4,1,success,-2.9,92.963,-40.8,1.268,5076.2,yes,1,4,0.8925
73,retired,divorced,high.school,no,no,yes,cellular,dec,tue,3,6,2,success,-3.0,92.713,-33.0,0.707,5023.5,yes,1,6,0.8925
37,admin.,single,high.school,no,no,no,telephone,oct,thu,1,3,1,success,-1.1,94.601,-49.5,0.987,4963.6,yes,1,3,0.8925
60,retired,married,university.degree,no,no,no,cellular,dec,fri,3,6,2,success,-3.0,92.713,-33.0,0.718,5023.5,yes,1,6,0.8925
30,admin.,single,university.degree,no,yes,no,cellular,jun,wed,3,999,0,nonexistent,-2.9,92.963,-40.8,1.26,5076.2,yes,0,-1,0.8925
34,admin.,married,university.degree,no,yes,no,cellular,jul,thu,1,6,3,success,-1.7,94.215,-40.3,0.899,4991.6,yes,1,6,0.8925
52,admin.,married,university.degree,no,no,no,cellular,may,thu,1,999,0,nonexistent,-1.8,93.876,-40.0,0.677,5008.7,yes,0,-1,0.8925
38,admin.,married,university.degree,no,no,no,telephone,nov,thu,1,13,1,success,-3.4,92.649,-30.1,0.714,5017.5,yes,1,13,0.8925
34,admin.,married,university.degree,no,no,no,cellular,oct,fri,1,999,2,failure,-3.4,92.431,-26.9,0.73,5017.5,yes,0,-1,0.8925
30,admin.,single,university.degree,no,yes,no,cellular,apr,thu,1,0,1,success,-1.8,93.075,-47.1,1.365,5099.1,yes,1,0,0.8925
41,admin.,married,university.degree,no,yes,no,telephone,aug,thu,1,9,3,failure,-1.7,94.027,-38.3,0.899,4991.6,yes,1,9,0.8925
34,technician,single,university.degree,no,no,no,cellular,oct,thu,1,999,1,failure,-3.4,92.431,-26.9,0.722,5017.5,yes,0,-1,0.8925
33,admin.,single,university.degree,no,yes,no,cellular,jun,wed,2,999,0,nonexistent,-2.9,92.963,-40.8,1.26,5076.2,yes,0,-1,0.8925
21,student,single,unknown,no,yes,no,cellular,jul,thu,1,13,2,failure,-1.7,94.215,-40.3,0.81,4991.6,yes,1,13,0.8925
37,admin.,married,high.school,no,no,no,telephone,apr,tue,2,999,0,nonexistent,-1.8,93.749,-34.6,0.646,5008.7,yes,0,-1,0.8925
35,technician,divorced,basic.4y,no,yes,no,cellular,nov,tue,3,4,2,success,-1.1,94.767,-50.8,1.035,4963.6,yes,1,4,0.8925
59,admin.,single,university.degree,no,no,no,cellular,aug,thu,3,15,1,success,-2.9,92.201,-31.4,0.829,5076.2,yes,1,15,0.8925
29,services,single,high.school,no,no,no,telephone,apr,tue,1,999,0,nonexistent,-1.8,93.749,-34.6,0.646,5008.7,yes,0,-1,0.8922201247936292
24,admin.,single,professional.course,no,yes,no,cellular,apr,mon,1,999,0,nonexistent,-1.8,93.075,-47.1,1.405,5099.1,yes,0,-1,0.8921448017050578
30,admin.,single,university.degree,no,no,yes,cellular,jun,fri,1,3,1,success,-2.9,92.963,-40.8,1.268,5076.2,yes,1,3,0.8918630243950462
52,blue-collar,single,basic.9y,no,no,no,cellular,jun,fri,2,3,1,success,-2.9,92.963,-40.8,1.268,5076.2,yes,1,3,0.8918253840929629
53,admin.,single,university.degree,no,no,no,cellular,apr,thu,1,2,1,success,-1.8,93.075,-47.1,1.365,5099.1,yes,1,2,0.8909911402942279
61,retired,married,university.degree,no,yes,no,cellular,apr,tue,1,999,0,nonexistent,-1.8,93.075,-47.1,1.423,5099.1,yes,0,-1,0.8903713586507003
31,student,single,university.degree,no,no,no,cellular,jul,fri,3,6,2,success,-1.7,94.215,-40.3,0.885,4991.6,yes,1,6,0.89
24,student,single,unknown,no,yes,yes,cellular,aug,fri,1,3,2,success,-2.9,92.201,-31.4,0.849,5076.2,yes,1,3,0.89
36,self-employed,single,university.degree,no,yes,no,telephone,oct,thu,1,999,0,nonexistent,-0.1,93.798,-40.4,4.794,5195.8,yes,0,-1,0.89
36,blue-collar,single,basic.6y,no,yes,no,cellular,nov,tue,1,999,0,nonexistent,-1.1,94.767,-50.8,1.046,4963.6,yes,0,-1,0.89
35,services,married,basic.6y,no,no,no,cellular,may,mon,2,3,2,success,-1.8,92.893,-46.2,1.354,5099.1,yes,1,3,0.89
35,technician,single,professional.course,no,yes,no,cellular,jun,tue,1,6,2,success,-1.7,94.055,-39.8,0.713,4991.6,yes,1,6,0.89
28,admin.,married,high.school,no,yes,no,cellular,nov,tue,5,999,0,nonexistent,-3.4,92.649,-30.1,0.715,5017.5,yes,0,-1,0.89
61,retired,married,basic.4y,no,yes,no,cellular,aug,fri,1,15,1,success,-2.9,92.201,-31.4,0.849,5076.2,yes,1,15,0.89
52,admin.,married,university.degree,no,no,yes,telephone,apr,thu,3,999,0,nonexistent,-1.8,93.749,-34.6,0.659,5008.7,yes,0,-1,0.89
29,technician,married,high.school,no,no,no,cellular,jun,fri,2,999,0,nonexistent,-2.9,92.963,-40.8,1.268,5076.2,yes,0,-1,0.89
35,technician,married,professional.course,no,yes,no,cellular,aug,fri,1,999,0,nonexistent,-2.9,92.201,-31.4,0.869,5076.2,yes,0,-1,0.89
28,admin.,married,high.school,no,no,yes,cellular,may,wed,2,999,0,nonexistent,-1.8,93.876,-40.0,0.697,5008.7,yes,0,-1,0.89
52,self-employed,married,university.degree,no,yes,no,cellular,jun,mon,1,3,1,success,-2.9,92.963,-40.8,1.26,5076.2,yes,1,3,0.8898097182317657
32,admin.,married,university.degree,no,no,no,cellular,jun,tue,1,4,1,success,-2.9,92.963,-40.8,1.262,5076.2,yes,1,4,0.8894983726873593
46,technician,married,professional.course,no,yes,no,cellular,apr,thu,2,999,0,nonexistent,-1.8,93.075,-47.1,1.365,5099.1,yes,0,-1,0.8886086734598172
21,student,single,high.school,no,no,no,cellular,oct,tue,1,999,0,nonexistent,-3.4,92.431,-26.9,0.728,5017.5,yes,0,-1,0.8884359113511056
46,admin.,married,high.school,no,yes,no,cellular,jul,tue,1,999,0,nonexistent,-1.7,94.215,-40.3,0.797,4991.6,yes,0,-1,0.8875
29,technician,married,high.school,no,no,no,cellular,jun,fri,1,999,0,nonexistent,-2.9,92.963,-40.8,1.268,5076.2,yes,0,-1,0.8875
35,technician,divorced,basic.4y,no,yes,no,cellular,nov,tue,1,9,4,success,-1.1,94.767,-50.8,1.035,4963.6,yes,1,9,0.8875
41,admin.,divorced,high.school,no,yes,no,cellular,aug,fri,1,4,3,failure,-1.7,94.027,-38.3,0.905,4991.6,yes,1,4,0.8875
29,admin.,single,high.school,no,no,no,telephone,oct,thu,2,6,1,success,-1.1,94.601,-49.5,1.025,4963.6,yes,1,6,0.8875
21,student,single,high.school,no,no,no,cellular,oct,tue,2,999,0,nonexistent,-1.1,94.601,-49.5,1.037,4963.6,yes,0,-1,0.8875
55,admin.,divorced,high.school,no,no,no,cellular,aug,tue,1,999,0,nonexistent,-1.7,94.027,-38.3,0.904,4991.6,yes,0,-1,0.8875
53,admin.,married,university.degree,no,yes,yes,telephone,dec,mon,1,6,2,success,-3.0,92.713,-33.0,0.706,5023.5,yes,1,6,0.8875
26,technician,single,professional.course,no,yes,no,cellular,sep,fri,1,3,3,success,-1.1,94.199,-37.5,0.879,4963.6,yes,1,3,0.8875
33,services,single,high.school,no,yes,no,cellular,oct,mon,1,6,1,success,-1.1,94.601,-49.5,1.032,4963.6,yes,1,6,0.8875
28,technician,single,professional.course,no,yes,no,cellular,aug,thu,2,3,1,success,-2.9,92.201,-31.4,0.851,5076.2,yes,1,3,0.8875
34,admin.,married,university.degree,no,yes,yes,cellular,apr,thu,2,999,0,nonexistent,-1.8,93.075,-47.1,1.365,5099.1,yes,0,-1,0.8875
22,services,single,professional.course,no,yes,yes,cellular,sep,tue,1,3,2,success,-3.4,92.379,-29.8,0.755,5017.5,yes,1,3,0.8875
59,admin.,married,unknown,no,yes,yes,cellular,sep,mon,3,3,1,success,-3.4,92.379,-29.8,0.797,5017.5,yes,1,3,0.8875
37,technician,single,professional.course,no,yes,no,cellular,nov,wed,1,6,4,success,-1.1,94.767,-50.8,1.044,4963.6,yes,1,6,0.8875
25,student,single,high.school,no,yes,no,cellular,apr,wed,1,999,0,nonexistent,-1.8,93.075,-47.1,1.445,5099.1,yes,0,-1,0.8872168471399436
25,student,single,high.school,no,yes,no,cellular,apr,wed,1,999,0,nonexistent,-1.8,93.075,-47.1,1.445,5099.1,yes,0,-1,0.8872168471399436
59,retired,married,university.degree,no,no,no,cellular,apr,tue,1,999,0,nonexistent,-1.8,93.075,-47.1,1.423,5099.1,yes,0,-1,0.8869980779311549
50,admin.,married,university.degree,no,no,no,cellular,jun,mon,1,3,1,success,-2.9,92.963,-40.8,1.215,5076.2,yes,1,3,0.8869326017286587
59,retired,divorced,basic.4y,no,yes,yes,cellular,jul,mon,1,6,1,success,-1.7,94.215,-40.3,0.827,4991.6,yes,1,6,0.8868017466213547
70,retired,married,basic.4y,no,no,no,cellular,apr,wed,2,999,1,failure,-1.8,93.075,-47.1,1.415,5099.1,yes,0,-1,0.8858735508601492
37,technician,married,professional.course,no,no,no,cellular,apr,thu,1,18,1,success,-1.8,93.749,-34.6,0.659,5008.7,yes,1,18,0.885
41,admin.,single,high.school,no,yes,no,cellular,aug,mon,1,6,1,success,-2.9,92.201,-31.4,0.861,5076.2,yes,1,6,0.885
64,retired,married,university.degree,no,no,no,cellular,apr,tue,4,999,0,nonexistent,-1.8,93.075,-47.1,1.405,5099.1,yes,0,-1,0.885
34,admin.,single,university.degree,no,no,no,cellular,aug,wed,1,999,0,nonexistent,-2.9,92.201,-31.4,0.854,5076.2,yes,0,-1,0.885
31,admin.,single,university.degree,no,yes,no,cellular,nov,thu,1,999,0,nonexistent,-1.1,94.767,-50.8,1.041,4963.6,yes,0,-1,0.885
34,blue-collar,divorced,high.school,no,yes,no,telephone,oct,thu,1,999,0,nonexistent,-0.1,93.798,-40.4,4.794,5195.8,yes,0,-1,0.885
38,technician,single,professional.course,no,yes,no,cellular,sep,thu,3,22,1,success,-1.1,94.199,-37.5,0.879,4963.6,yes,1,22,0.885
51,technician,married,university.degree,no,yes,no,cellular,jun,tue,1,10,1,success,-1.7,94.055,-39.8,0.702,4991.6,yes,1,10,0.885
31,admin.,single,university.degree,no,no,no,cellular,aug,thu,1,3,1,success,-2.9,92.201,-31.4,0.829,5076.2,yes,1,3,0.885
29,admin.,single,high.school,no,no,no,cellular,jul,tue,2,3,3,success,-1.7,94.215,-40.3,0.835,4991.6,yes,1,3,0.885
42,management,married,university.degree,no,no,no,telephone,oct,tue,1,3,1,success,-3.4,92.431,-26.9,0.728,5017.5,yes,1,3,0.885
29,services,single,unknown,no,yes,no,cellular,apr,thu,2,999,0,nonexistent,-1.8,93.749,-34.6,0.659,5008.7,yes,0,-1,0.885
19,student,single,unknown,no,yes,no,cellular,apr,fri,1,999,0,nonexistent,-1.8,93.075,-47.1,1.405,5099.1,yes,0,-1,0.885
36,technician,married,high.school,no,no,no,telephone,oct,wed,1,999,0,nonexistent,-0.1,93.798,-40.4,4.936,5195.8,yes,0,-1,0.885
28,management,single,university.degree,no,yes,no,cellular,jun,thu,1,22,1,success,-1.7,94.055,-39.8,0.729,4991.6,yes,1,22,0.885
48,admin.,divorced,high.school,no,no,no,cellular,jun,wed,1,6,1,success,-1.7,94.055,-39.8,0.704,4991.6,yes,1,6,0.8847178182965912
29,admin.,single,university.degree,no,yes,no,cellular,jun,wed,1,999,0,nonexistent,-2.9,92.963,-40.8,1.26,5076.2,yes,0,-1,0.8835224286596858
54,retired,married,basic.4y,no,no,no,cellular,oct,thu,1,999,0,nonexistent,-3.4,92.431,-26.9,0.722,5017.5,yes,0,-1,0.8833973822069283
88,retired,divorced,basic.4y,no,yes,no,cellular,mar,wed,3,999,0,nonexistent,-1.8,92.843,-50.0,1.663,5099.1,yes,0,-1,0.8828446705157657
56,unemployed,divorced,basic.4y,no,no,yes,cellular,oct,fri,2,5,3,success,-1.1,94.601,-49.5,0.972,4963.6,yes,1,5,0.8825
33,admin.,married,university.degree,no,yes,no,cellular,nov,fri,1,12,1,success,-1.1,94.767,-50.8,1.049,4963.6,yes,1,12,0.8825
18,student,single,unknown,no,no,no,cellular,sep,thu,1,3,1,success,-3.4,92.379,-29.8,0.809,5017.5,yes,1,3,0.8825
30,technician,married,university.degree,no,yes,yes,cellular,jul,mon,4,999,0,nonexistent,-1.7,94.215,-40.3,0.87,4991.6,yes,0,-1,0.8825
18,student,single,unknown,no,yes,no,cellular,may,tue,1,6,1,success,-1.8,93.876,-40.0,0.668,5008.7,yes,1,6,0.8825
34,technician,single,professional.course,no,yes,no,cellular,aug,tue,2,12,1,success,-2.9,92.201,-31.4,0.883,5076.2,yes,1,12,0.8825
20,student,single,basic.4y,no,yes,yes,cellular,apr,tue,4,6,1,success,-1.8,93.749,-34.6,0.644,5008.7,yes,1,6,0.8825
30,student,single,professional.course,no,yes,no,cellular,sep,tue,2,6,1,success,-1.1,94.199,-37.5,0.88,4963.6,yes,1,6,0.8825
19,student,single,basic.6y,no,yes,yes,cellular,sep,thu,5,13,1,success,-1.1,94.199,-37.5,0.879,4963.6,yes,1,13,0.8825
26,blue-collar,single,high.school,no,yes,no,telephone,nov,fri,2,3,1,success,-3.4,92.649,-30.1,0.714,5017.5,yes,1,3,0.8825
33,admin.,married,high.school,no,no,no,cellular,aug,fri,3,15,1,success,-2.9,92.201,-31.4,0.825,5076.2,yes,1,15,0.8825
72,retired,married,basic.4y,no,no,yes,cellular,jul,fri,4,8,1,success,-1.7,94.215,-40.3,0.822,4991.6,yes,1,8,0.8825
72,retired,divorced,basic.6y,no,yes,no,cellular,nov,wed,2,999,0,nonexistent,-3.4,92.649,-30.1,0.715,5017.5,yes,0,-1,0.8825
25,services,single,unknown,no,yes,no,cellular,jun,tue,2,3,3,success,-1.7,94.055,-39.8,0.702,4991.6,yes,1,3,0.8825
31,admin.,single,high.school,no,no,no,cellular,apr,thu,1,5,1,success,-1.8,93.075,-47.1,1.365,5099.1,yes,1,5,0.8825
35,admin.,single,professional.course,no,yes,no,cellular,nov,fri,3,999,0,nonexistent,-1.1,94.767,-50.8,1.04,4963.6,yes,0,-1,0.8825
62,blue-collar,married,high.school,no,yes,no,cellular,jun,mon,4,4,3,success,-1.7,94.055,-39.8,0.754,4991.6,yes,1,4,0.8825
41,technician,married,professional.course,no,no,no,cellular,oct,wed,2,27,1,success,-1.1,94.601,-49.5,0.959,4963.6,yes,1,27,0.8825
53,admin.,married,university.degree,no,yes,no,cellular,nov,tue,2,999,0,nonexistent,-3.4,92.649,-30.1,0.715,5017.5,yes,0,-1,0.8825
78,retired,divorced,unknown,no,no,no,cellular,jun,thu,1,999,0,nonexistent,-1.7,94.055,-39.8,0.729,4991.6,yes,0,-1,0.8825
35,technician,divorced,basic.4y,no,no,no,cellular,nov,tue,1,999,0,nonexistent,-1.1,94.767,-50.8,1.035,4963.6,yes,0,-1,0.8817318878651552
32,technician,married,professional.course,no,yes,no,cellular,oct,wed,2,999,0,nonexistent,-1.1,94.601,-49.5,0.959,4963.6,yes,0,-1,0.881479876753398
51,admin.,married,university.degree,no,yes,yes,cellular,oct,thu,3,3,1,success,-1.1,94.601,-49.5,0.965,4963.6,yes,1,3,0.8814281541487746
25,admin.,single,high.school,no,yes,no,cellular,apr,wed,1,999,0,nonexistent,-1.8,93.075,-47.1,1.405,5099.1,yes,0,-1,0.8802526467840854
33,services,single,university.degree,no,yes,no,cellular,oct,mon,2,3,2,success,-1.1,94.601,-49.5,0.977,4963.6,yes,1,3,0.88
35,admin.,single,university.degree,no,yes,no,cellular,jun,mon,1,14,1,success,-1.7,94.055,-39.8,0.72,4991.6,yes,1,14,0.88
33,management,married,university.degree,no,no,no,telephone,aug,thu,1,6,2,success,-1.7,94.027,-38.3,0.899,4991.6,yes,1,6,0.88
35,unemployed,married,professional.course,no,yes,no,cellular,dec,mon,1,6,1,success,-3.0,92.713,-33.0,0.706,5023.5,yes,1,6,0.88
70,retired,married,basic.4y,no,no,no,cellular,sep,tue,1,3,2,success,-3.4,92.379,-29.8,0.77,5017.5,yes,1,3,0.88
30,student,single,unknown,no,no,no,cellular,mar,thu,1,14,1,success,-1.8,93.369,-34.8,0.635,5008.7,yes,1,14,0.88
30,admin.,single,university.degree,no,no,no,cellular,aug,fri,6,6,3,success,-1.7,94.027,-38.3,0.898,4991.6,yes,1,6,0.88
47,management,married,university.degree,no,yes,no,cellular,sep,mon,1,3,2,success,-3.4,92.379,-29.8,0.771,5017.5,yes,1,3,0.88
65,unknown,married,unknown,no,yes,no,cellular,jun,thu,2,4,2,success,-1.7,94.055,-39.8,0.729,4991.6,yes,1,4,0.88
25,admin.,single,university.degree,no,no,no,cellular,aug,thu,1,999,0,nonexistent,-1.7,94.027,-38.3,0.904,4991.6,yes,0,-1,0.88
27,admin.,single,university.degree,no,no,no,cellular,aug,tue,1,999,0,nonexistent,-1.7,94.027,-38.3,0.899,4991.6,yes,0,-1,0.88
43,management,married,unknown,no,yes,no,telephone,dec,mon,2,8,1,success,-3.0,92.713,-33.0,0.709,5023.5,yes,1,8,0.88
33,admin.,single,university.degree,no,yes,no,telephone,oct,thu,3,6,2,success,-3.4,92.431,-26.9,0.74,5017.5,yes,1,6,0.88
36,management,married,university.degree,no,no,yes,cellular,nov,wed,3,3,3,success,-3.4,92.649,-30.1,0.715,5017.5,yes,1,3,0.88
21,student,single,basic.9y,no,unknown,unknown,cellular,sep,tue,1,999,0,nonexistent,-3.4,92.379,-29.8,0.77,5017.5,yes,0,-1,0.88
72,retired,divorced,basic.6y,no,yes,no,cellular,nov,wed,1,999,0,nonexistent,-3.4,92.649,-30.1,0.715,5017.5,yes,0,-1,0.8796321414372911
30,admin.,married,university.degree,no,no,no,cellular,jun,tue,2,999,0,nonexistent,-2.9,92.963,-40.8,1.262,5076.2,yes,0,-1,0.8795733371344754
44,self-employed,married,university.degree,no,no,no,cellular,jun,tue,2,3,1,success,-2.9,92.963,-40.8,1.286,5076.2,yes,1,3,0.8791367842077439
26,student,single,basic.9y,no,yes,no,cellular,mar,mon,4,999,0,nonexistent,-1.8,92.843,-50.0,1.811,5099.1,yes,0,-1,0.87813173304021
40,management,married,university.degree,no,yes,no,cellular,jul,thu,4,999,0,nonexistent,-1.7,94.215,-40.3,0.884,4991.6,yes,0,-1,0.8775
30,student,single,unknown,no,no,no,cellular,dec,wed,1,4,2,success,-3.0,92.713,-33.0,0.715,5023.5,yes,1,4,0.8775
29,technician,single,basic.9y,no,yes,no,cellular,jul,wed,1,999,0,nonexistent,-1.7,94.215,-40.3,0.84,4991.6,yes,0,-1,0.8775
30,admin.,single,university.degree,no,no,no,cellular,jul,thu,1,6,2,success,-1.7,94.215,-40.3,0.846,4991.6,yes,1,6,0.8775
78,retired,divorced,unknown,no,no,no,cellular,jun,thu,4,999,0,nonexistent,-1.7,94.055,-39.8,0.729,4991.6,yes,0,-1,0.8775
50,technician,married,university.degree,no,yes,no,cellular,mar,fri,1,999,0,nonexistent,-1.8,93.369,-34.8,0.653,5008.7,yes,0,-1,0.8775
22,student,single,high.school,no,yes,yes,cellular,may,tue,2,999,0,nonexistent,-1.8,92.893,-46.2,1.266,5099.1,yes,0,-1,0.8775
29,admin.,single,high.school,no,yes,no,cellular,sep,tue,2,3,1,success,-3.4,92.379,-29.8,0.77,5017.5,yes,1,3,0.8775
27,services,single,high.school,no,no,no,cellular,jul,fri,3,999,0,nonexistent,-1.7,94.215,-40.3,0.79,4991.6,yes,0,-1,0.8775
25,blue-collar,single,professional.course,no,yes,no,cellular,jun,tue,2,3,1,success,-2.9,92.963,-40.8,1.262,5076.2,yes,1,3,0.8775
27,admin.,single,unknown,no,yes,no,cellular,mar,mon,3,6,2,success,-1.8,93.369,-34.8,0.639,5008.7,yes,1,6,0.8775
30,management,married,university.degree,no,no,yes,cellular,oct,wed,1,6,1,success,-1.1,94.601,-49.5,1.043,4963.6,yes,1,6,0.8775
56,unemployed,divorced,basic.4y,no,no,no,cellular,mar,wed,1,999,0,nonexistent,-1.8,93.369,-34.8,0.634,5008.7,yes,0,-1,0.8775
31,services,married,high.school,no,no,no,telephone,nov,fri,2,3,2,success,-3.4,92.649,-30.1,0.714,5017.5,yes,1,3,0.8775
30,admin.,married,university.degree,no,no,no,cellular,jul,fri,2,999,0,nonexistent,-2.9,92.469,-33.6,1.059,5076.2,yes,0,-1,0.8758465579007492
27,services,single,university.degree,no,no,no,cellular,mar,fri,1,999,0,nonexistent,-1.8,93.369,-34.8,0.649,5008.7,yes,0,-1,0.8755795767364419
31,admin.,single,university.degree,no,yes,no,cellular,nov,thu,1,999,0,nonexistent,-1.1,94.767,-50.8,1.031,4963.6,yes,0,-1,0.875
32,admin.,single,university.degree,no,no,no,cellular,jun,tue,1,12,2,success,-1.7,94.055,-39.8,0.737,4991.6,yes,1,12,0.875
24,services,single,high.school,no,yes,no,cellular,jul,thu,2,9,2,failure,-1.7,94.215,-40.3,0.884,4991.6,yes,1,9,0.875
76,unknown,married,unknown,no,no,no,telephone,jul,thu,3,999,0,nonexistent,-1.7,94.215,-40.3,0.899,4991.6,yes,0,-1,0.875
23,student,single,high.school,no,yes,no,cellular,jul,tue,2,13,1,success,-2.9,92.469,-33.6,1.044,5076.2,yes,1,13,0.875
24,technician,married,university.degree,no,yes,yes,cellular,sep,tue,2,3,1,success,-3.4,92.379,-29.8,0.77,5017.5,yes,1,3,0.875
32,admin.,married,high.school,no,no,no,telephone,oct,tue,1,999,0,nonexistent,-0.1,93.798,-40.4,4.968,5195.8,yes,0,-1,0.875
35,technician,married,professional.course,no,no,no,cellular,apr,thu,2,5,1,success,-1.8,93.075,-47.1,1.365,5099.1,yes,1,5,0.875
28,unemployed,married,high.school,no,no,no,telephone,mar,fri,4,6,1,success,-1.8,93.369,-34.8,0.653,5008.7,yes,1,6,0.875
78,retired,divorced,basic.4y,no,yes,no,cellular,nov,fri,2,3,1,success,-3.4,92.649,-30.1,0.714,5017.5,yes,1,3,0.875
33,blue-collar,single,professional.course,no,yes,no,cellular,apr,thu,2,999,0,nonexistent,-1.8,93.075,-47.1,1.365,5099.1,yes,0,-1,0.875
27,services,single,university.degree,no,yes,no,cellular,mar,mon,1,6,1,success,-1.8,93.369,-34.8,0.652,5008.7,yes,1,6,0.875
61,retired,married,high.school,no,yes,no,cellular,sep,wed,1,3,1,success,-3.4,92.379,-29.8,0.753,5017.5,yes,1,3,0.875
55,retired,married,basic.4y,no,yes,no,cellular,oct,thu,1,999,0,nonexistent,-3.4,92.431,-26.9,0.722,5017.5,yes,0,-1,0.8748524798806983
26,student,single,basic.9y,no,yes,no,cellular,mar,mon,3,999,0,nonexistent,-1.8,92.843,-50.0,1.811,5099.1,yes,0,-1,0.8743229691735237
29,admin.,single,university.degree,no,yes,yes,cellular,jun,thu,1,999,0,nonexistent,-2.9,92.963,-40.8,1.26,5076.2,yes,0,-1,0.8739230046789381
29,admin.,single,high.school,no,no,no,cellular,jul,fri,1,999,0,nonexistent,-2.9,92.469,-33.6,1.059,5076.2,yes,0,-1,0.8725
50,technician,single,university.degree,no,yes,no,telephone,apr,fri,1,999,0,nonexistent,-1.8,93.749,-34.6,0.644,5008.7,yes,0,-1,0.8725
53,blue-collar,married,basic.6y,no,yes,no,cellular,jun,thu,2,3,1,success,-2.9,92.963,-40.8,1.26,5076.2,yes,1,3,0.8725
37,admin.,married,university.degree,no,no,no,cellular,nov,mon,2,6,1,success,-1.1,94.767,-50.8,1.05,4963.6,yes,1,6,0.8725
26,technician,single,university.degree,no,yes,no,cellular,sep,fri,3,999,1,failure,-1.1,94.199,-37.5,0.879,4963.6,yes,0,-1,0.8725
55,services,married,basic.9y,no,yes,no,cellular,dec,wed,1,6,1,success,-3.0,92.713,-33.0,0.715,5023.5,yes,1,6,0.8725
28,self-employed,single,university.degree,no,yes,no,cellular,jul,thu,2,999,0,nonexistent,-1.7,94.215,-40.3,0.846,4991.6,yes,0,-1,0.8725
59,admin.,divorced,university.degree,no,yes,no,cellular,mar,tue,1,999,0,nonexistent,-1.8,93.369,-34.8,0.635,5008.7,yes,0,-1,0.8725
62,technician,married,unknown,no,no,no,cellular,jul,mon,2,999,2,failure,-1.7,94.215,-40.3,0.827,4991.6,yes,0,-1,0.8725
29,admin.,single,high.school,no,yes,yes,cellular,mar,mon,1,999,0,nonexistent,-1.8,93.369,-34.8,0.646,5008.7,yes,0,-1,0.8725
51,admin.,married,university.degree,no,yes,no,cellular,jun,mon,3,10,3,success,-1.7,94.055,-39.8,0.754,4991.6,yes,1,10,0.8725
41,technician,divorced,professional.course,no,unknown,unknown,cellular,apr,thu,1,999,0,nonexistent,-1.8,93.075,-47.1,1.365,5099.1,yes,0,-1,0.8725
21,student,single,high.school,no,yes,no,cellular,jun,mon,2,999,0,nonexistent,-2.9,92.963,-40.8,1.266,5076.2,yes,0,-1,0.8725
45,technician,divorced,high.school,no,yes,no,telephone,oct,tue,1,999,0,nonexistent,-0.1,93.798,-40.4,4.86,5195.8,yes,0,-1,0.8725
24,technician,married,professional.course,no,no,no,cellular,jul,fri,4,26,1,success,-1.7,94.215,-40.3,0.885,4991.6,yes,1,26,0.8725
28,management,single,university.degree,no,no,no,cellular,oct,fri,1,999,1,failure,-3.4,92.431,-26.9,0.739,5017.5,yes,0,-1,0.8725
32,admin.,single,university.degree,no,yes,no,cellular,jul,wed,5,999,0,nonexistent,-2.9,92.469,-33.6,1.029,5076.2,yes,0,-1,0.8725
60,admin.,married,basic.9y,no,no,no,cellular,jul,thu,2,25,2,failure,-1.7,94.215,-40.3,0.884,4991.6,yes,1,25,0.8725
25,admin.,single,university.degree,no,yes,no,cellular,apr,thu,2,999,0,nonexistent,-1.8,93.075,-47.1,1.406,5099.1,yes,0,-1,0.8724373668162829
25,admin.,single,high.school,no,no,no,cellular,jul,thu,2,999,0,nonexistent,-1.7,94.215,-40.3,0.81,4991.6,yes,0,-1,0.8723483209723939
47,housemaid,single,professional.course,no,yes,no,cellular,apr,tue,2,999,0,nonexistent,-1.8,93.075,-47.1,1.405,5099.1,yes,0,-1,0.8722218243177625
54,retired,married,basic.4y,no,no,yes,cellular,oct,thu,2,999,0,nonexistent,-3.4,92.431,-26.9,0.722,5017.5,yes,0,-1,0.8719802680241918
60,admin.,married,university.degree,no,yes,no,cellular,jun,mon,3,3,1,success,-2.9,92.963,-40.8,1.266,5076.2,yes,1,3,0.8719429809653297
56,housemaid,married,basic.4y,no,yes,no,cellular,apr,mon,1,999,0,nonexistent,-1.8,93.075,-47.1,1.405,5099.1,yes,0,-1,0.8710830155338044
64,retired,married,high.school,no,no,no,cellular,nov,mon,1,3,1,success,-3.4,92.649,-30.1,0.714,5017.5,yes,1,3,0.87
37,student,divorced,university.degree,no,yes,yes,cellular,may,thu,2,999,0,nonexistent,-1.8,93.876,-40.0,0.699,5008.7,yes,0,-1,0.87
82,retired,divorced,basic.4y,no,no,no,cellular,apr,mon,1,6,2,success,-1.8,93.749,-34.6,0.643,5008.7,yes,1,6,0.87
62,retired,married,high.school,no,no,no,cellular,jul,tue,2,999,0,nonexistent,-1.7,94.215,-40.3,0.876,4991.6,yes,0,-1,0.87
32,admin.,single,university.degree,no,yes,no,cellular,sep,thu,2,10,3,success,-1.1,94.199,-37.5,0.884,4963.6,yes,1,10,0.87
22,services,single,professional.course,no,no,no,cellular,jul,tue,1,999,1,failure,-1.7,94.215,-40.3,0.835,4991.6,yes,0,-1,0.87
59,admin.,divorced,basic.4y,no,yes,no,cellular,may,wed,1,999,0,nonexistent,-1.8,93.876,-40.0,0.682,5008.7,yes,0,-1,0.87
35,technician,married,university.degree,no,yes,no,cellular,aug,wed,1,999,0,nonexistent,-1.7,94.027,-38.3,0.9,4991.6,yes,0,-1,0.87
34,unemployed,single,high.school,no,yes,no,cellular,may,wed,3,999,0,nonexistent,-1.8,92.893,-46.2,1.281,5099.1,yes,0,-1,0.87
34,unemployed,single,high.school,no,yes,no,cellular,may,wed,3,999,0,nonexistent,-1.8,92.893,-46.2,1.281,5099.1,yes,0,-1,0.87
63,retired,married,unknown,no,yes,no,cellular,apr,thu,4,999,0,nonexistent,-1.8,93.075,-47.1,1.41,5099.1,yes,0,-1,0.87
38,housemaid,single,high.school,no,yes,no,cellular,mar,fri,1,10,1,success,-1.8,93.369,-34.8,0.649,5008.7,yes,1,10,0.87
83,retired,married,high.school,no,no,no,cellular,dec,thu,1,4,3,success,-3.0,92.713,-33.0,0.72,5023.5,yes,1,4,0.87
41,services,single,university.degree,no,yes,no,cellular,aug,fri,1,4,2,success,-2.9,92.201,-31.4,0.881,5076.2,yes,1,4,0.87
43,self-employed,married,high.school,no,yes,no,telephone,oct,wed,1,999,0,nonexistent,-0.1,93.798,-40.4,4.936,5195.8,yes,0,-1,0.87
21,student,single,high.school,no,yes,no,cellular,oct,fri,1,999,0,nonexistent,-3.4,92.431,-26.9,0.73,5017.5,yes,0,-1,0.87
72,retired,married,high.school,no,no,no,cellular,nov,mon,1,999,0,nonexistent,-3.4,92.649,-30.1,0.714,5017.5,yes,0,-1,0.8697240701175101
23,admin.,single,university.degree,no,no,no,cellular,apr,wed,2,999,0,nonexistent,-1.8,93.075,-47.1,1.405,5099.1,yes,0,-1,0.8697183645722055
31,admin.,married,university.degree,no,yes,no,cellular,mar,tue,3,999,0,nonexistent,-1.8,92.843,-50.0,1.556,5099.1,yes,0,-1,0.8695672587537896
42,management,single,university.degree,no,no,no,cellular,oct,mon,1,999,0,nonexistent,-3.4,92.431,-26.9,0.743,5017.5,yes,0,-1,0.8693671300837729
26,student,single,high.school,no,no,no,cellular,oct,fri,3,999,0,nonexistent,-3.4,92.431,-26.9,0.72,5017.5,yes,0,-1,0.8692231990856523
23,student,single,basic.9y,no,yes,no,cellular,dec,tue,2,999,0,nonexistent,-3.0,92.713,-33.0,0.708,5023.5,yes,0,-1,0.8688064992385892
23,student,single,basic.9y,no,yes,no,cellular,dec,tue,2,999,0,nonexistent,-3.0,92.713,-33.0,0.708,5023.5,no,0,-1,0.8688064992385892
23,student,single,basic.9y,no,yes,no,cellular,dec,tue,2,999,0,nonexistent,-3.0,92.713,-33.0,0.708,5023.5,yes,0,-1,0.8688064992385892
51,services,married,basic.6y,no,no,no,cellular,apr,thu,1,2,1,success,-1.8,93.075,-47.1,1.365,5099.1,yes,1,2,0.8678923657761554
33,blue-collar,married,basic.6y,no,yes,no,cellular,apr,wed,3,999,0,nonexistent,-1.8,93.075,-47.1,1.498,5099.1,yes,0,-1,0.8675
33,student,married,professional.course,no,yes,no,cellular,aug,mon,3,3,4,success,-1.7,94.027,-38.3,0.896,4991.6,yes,1,3,0.8675
71,retired,married,basic.4y,no,yes,no,cellular,jul,thu,2,9,3,failure,-1.7,94.215,-40.3,0.899,4991.6,yes,1,9,0.8675
70,retired,married,professional.course,no,no,no,cellular,oct,thu,1,6,3,success,-1.1,94.601,-49.5,0.987,4963.6,yes,1,6,0.8675
22,student,single,basic.9y,no,no,no,cellular,oct,fri,2,6,1,success,-3.4,92.431,-26.9,0.73,5017.5,yes,1,6,0.8675
24,technician,single,professional.course,no,yes,no,cellular,jul,mon,3,13,1,success,-1.7,94.215,-40.3,0.889,4991.6,yes,1,13,0.8675
23,blue-collar,single,basic.9y,no,no,no,cellular,jul,thu,4,999,1,failure,-1.7,94.215,-40.3,0.846,4991.6,yes,0,-1,0.8675
45,admin.,single,high.school,no,yes,no,cellular,apr,thu,1,2,1,success,-1.8,93.075,-47.1,1.365,5099.1,yes,1,2,0.8675
24,student,single,high.school,no,no,yes,cellular,jun,thu,2,12,2,failure,-1.7,94.055,-39.8,0.729,4991.6,yes,1,12,0.8675
49,admin.,married,high.school,no,no,no,cellular,sep,tue,1,3,1,success,-3.4,92.379,-29.8,0.788,5017.5,yes,1,3,0.8675
43,technician,married,high.school,no,yes,no,cellular,aug,wed,1,999,0,nonexistent,-1.7,94.027,-38.3,0.903,4991.6,yes,0,-1,0.8675
38,admin.,single,university.degree,unknown,yes,no,cellular,sep,wed,1,3,1,success,-3.4,92.379,-29.8,0.768,5017.5,yes,1,3,0.8675
55,retired,married,high.school,no,yes,no,cellular,oct,thu,2,7,1,success,-3.4,92.431,-26.9,0.722,5017.5,yes,1,7,0.8675
47,admin.,divorced,university.degree,no,no,no,cellular,nov,tue,4,6,1,success,-3.4,92.649,-30.1,0.72,5017.5,yes,1,6,0.8675
42,self-employed,married,basic.4y,no,no,no,telephone,oct,fri,1,999,0,nonexistent,-0.1,93.798,-40.4,5.045,5195.8,yes,0,-1,0.8675
75,retired,married,basic.4y,no,no,no,cellular,apr,tue,2,999,1,failure,-1.8,93.075,-47.1,1.405,5099.1,yes,0,-1,0.8675
44,admin.,single,university.degree,no,no,no,cellular,aug,mon,1,6,1,success,-2.9,92.201,-31.4,0.861,5076.2,yes,1,6,0.8675
29,services,single,unknown,no,yes,no,cellular,apr,thu,5,999,0,nonexistent,-1.8,93.749,-34.6,0.659,5008.7,yes,0,-1,0.8675
50,technician,married,high.school,no,yes,no,cellular,dec,mon,1,999,1,failure,-3.0,92.713,-33.0,0.717,5023.5,yes,0,-1,0.8675
29,admin.,married,university.degree,no,yes,yes,cellular,may,fri,3,13,2,failure,-1.8,93.876,-40.0,0.684,5008.7,yes,1,13,0.8675
38,technician,single,high.school,no,yes,no,cellular,mar,fri,2,999,0,nonexistent,-1.8,93.369,-34.8,0.653,5008.7,yes,0,-1,0.8675
30,blue-collar,married,high.school,no,yes,no,telephone,mar,tue,1,999,0,nonexistent,-1.8,93.369,-34.8,0.655,5008.7,yes,0,-1,0.8675
39,technician,married,university.degree,no,no,no,cellular,oct,fri,1,6,1,success,-3.4,92.431,-26.9,0.739,5017.5,yes,1,6,0.8673506406627901
29,unemployed,single,basic.4y,no,no,yes,cellular,jun,wed,3,3,2,success,-2.9,92.963,-40.8,1.244,5076.2,yes,1,3,0.8673038250952491
41,admin.,married,university.degree,no,yes,no,cellular,nov,fri,4,999,0,nonexistent,-1.1,94.767,-50.8,1.04,4963.6,yes,0,-1,0.8671045641149481
50,management,married,university.degree,no,no,no,telephone,jun,mon,5,6,1,success,-1.7,94.055,-39.8,0.72,4991.6,yes,1,6,0.8668111820199778
60,admin.,married,high.school,no,no,no,cellular,apr,thu,1,2,1,success,-1.8,93.075,-47.1,1.365,5099.1,yes,1,2,0.8664421090146197
25,student,single,high.school,no,no,no,cellular,oct,fri,3,999,0,nonexistent,-1.1,94.601,-49.5,1.029,4963.6,yes,0,-1,0.8663107767479923
38,admin.,single,university.degree,no,yes,no,cellular,mar,thu,1,999,0,nonexistent,-1.8,93.369,-34.8,0.643,5008.7,yes,0,-1,0.8651087259451373
43,admin.,divorced,university.degree,no,no,no,telephone,apr,fri,4,999,0,nonexistent,-1.8,93.749,-34.6,0.645,5008.7,yes,0,-1,0.865
43,technician,single,professional.course,no,no,no,cellular,may,tue,2,3,2,success,-1.8,93.876,-40.0,0.668,5008.7,yes,1,3,0.865
33,admin.,married,university.degree,no,yes,no,cellular,mar,wed,3,4,1,success,-1.8,93.369,-34.8,0.655,5008.7,yes,1,4,0.865
85,housemaid,married,basic.4y,unknown,no,no,cellular,apr,tue,6,6,1,success,-1.8,93.749,-34.6,0.642,5008.7,yes,1,6,0.865
30,admin.,single,high.school,no,yes,no,cellular,may,fri,5,999,0,nonexistent,-1.8,93.876,-40.0,0.684,5008.7,yes,0,-1,0.865
43,admin.,married,university.degree,no,yes,no,telephone,nov,tue,1,999,0,nonexistent,-3.4,92.649,-30.1,0.715,5017.5,yes,0,-1,0.865
43,entrepreneur,married,university.degree,no,no,no,cellular,sep,mon,1,3,1,success,-1.1,94.199,-37.5,0.882,4963.6,yes,1,3,0.865
30,entrepreneur,married,university.degree,no,no,no,telephone,oct,fri,1,999,0,nonexistent,-0.1,93.798,-40.4,5.045,5195.8,yes,0,-1,0.865
30,admin.,single,professional.course,no,unknown,unknown,cellular,jun,thu,1,7,1,success,-2.9,92.963,-40.8,1.26,5076.2,yes,1,7,0.865
34,admin.,married,university.degree,no,yes,no,cellular,may,fri,3,8,3,failure,-1.8,93.876,-40.0,0.695,5008.7,yes,1,8,0.865
47,services,divorced,university.degree,no,yes,yes,cellular,may,tue,1,15,3,failure,-1.8,93.876,-40.0,0.688,5008.7,yes,1,15,0.865
39,entrepreneur,married,professional.course,no,no,no,telephone,sep,wed,3,6,1,success,-1.1,94.199,-37.5,0.876,4963.6,yes,1,6,0.865
24,admin.,single,university.degree,no,yes,no,cellular,oct,fri,3,3,2,success,-1.1,94.601,-49.5,0.993,4963.6,yes,1,3,0.865
80,retired,divorced,basic.4y,no,yes,no,telephone,apr,wed,1,999,0,nonexistent,-1.8,93.749,-34.6,0.642,5008.7,yes,0,-1,0.865
62,technician,married,unknown,no,no,no,cellular,mar,mon,2,3,2,success,-1.8,93.369,-34.8,0.646,5008.7,yes,1,3,0.865
30,management,married,university.degree,no,yes,no,cellular,apr,thu,1,2,1,success,-1.8,93.075,-47.1,1.365,5099.1,yes,1,2,0.865
24,student,single,high.school,no,yes,no,cellular,may,wed,1,3,5,success,-1.8,93.876,-40.0,0.672,5008.7,yes,1,3,0.865
63,admin.,married,university.degree,no,yes,no,cellular,jul,fri,2,999,0,nonexistent,-1.7,94.215,-40.3,0.885,4991.6,yes,0,-1,0.865
30,admin.,single,university.degree,no,yes,no,cellular,jul,thu,1,999,0,nonexistent,-1.7,94.215,-40.3,0.884,4991.6,yes,0,-1,0.865
31,technician,married,university.degree,no,yes,yes,cellular,oct,tue,4,6,2,success,-1.1,94.601,-49.5,0.982,4963.6,yes,1,6,0.8647170899291055
60,admin.,married,high.school,no,unknown,unknown,cellular,apr,thu,1,2,1,success,-1.8,93.075,-47.1,1.365,5099.1,yes,1,2,0.8643076671813755
40,blue-collar,divorced,professional.course,no,no,no,cellular,jun,wed,2,3,1,success,-2.9,92.963,-40.8,1.26,5076.2,yes,1,3,0.8642883858722185
33,blue-collar,single,basic.4y,no,yes,no,cellular,apr,thu,1,999,0,nonexistent,-1.8,93.075,-47.1,1.365,5099.1,yes,0,-1,0.8641508495123672
50,admin.,married,university.degree,no,yes,no,cellular,jul,thu,5,999,0,nonexistent,-2.9,92.469,-33.6,1.072,5076.2,yes,0,-1,0.8637990984397348
47,admin.,single,basic.9y,no,yes,yes,cellular,jul,thu,2,6,1,success,-1.7,94.215,-40.3,0.846,4991.6,yes,1,6,0.8637480623529242
28,admin.,single,high.school,no,yes,no,cellular,mar,fri,1,999,0,nonexistent,-1.8,92.843,-50.0,1.531,5099.1,yes,0,-1,0.8631680811479874
28,admin.,single,high.school,no,yes,no,cellular,mar,fri,1,999,0,nonexistent,-1.8,92.843,-50.0,1.531,5099.1,no,0,-1,0.8631680811479874
28,admin.,single,high.school,no,yes,no,cellular,mar,fri,1,999,0,nonexistent,-1.8,92.843,-50.0,1.531,5099.1,yes,0,-1,0.8631680811479874
33,admin.,married,university.degree,no,no,no,cellular,apr,wed,1,999,0,nonexistent,-1.8,93.075,-47.1,1.415,5099.1,yes,0,-1,0.8631150798473359
31,admin.,married,university.degree,no,yes,no,telephone,oct,mon,1,999,0,nonexistent,-0.1,93.798,-40.4,4.912,5195.8,yes,0,-1,0.8625
52,admin.,married,university.degree,no,yes,no,cellular,may,tue,2,999,0,nonexistent,-1.8,93.876,-40.0,0.668,5008.7,yes,0,-1,0.8625
54,admin.,married,university.degree,no,yes,no,cellular,aug,fri,2,3,1,success,-2.9,92.201,-31.4,0.849,5076.2,yes,1,3,0.8625
22,student,single,high.school,no,no,no,cellular,oct,fri,2,999,1,failure,-3.4,92.431,-26.9,0.739,5017.5,yes,0,-1,0.8625
38,admin.,married,high.school,no,yes,yes,cellular,apr,thu,1,999,0,nonexistent,-1.8,93.075,-47.1,1.365,5099.1,yes,0,-1,0.8625
71,retired,married,basic.4y,no,no,no,cellular,apr,mon,2,4,1,success,-1.8,93.749,-34.6,0.645,5008.7,yes,1,4,0.8625
31,technician,divorced,professional.course,no,yes,no,cellular,jul,wed,1,999,0,nonexistent,1.4,93.918,-42.7,4.962,5228.1,yes,0,-1,0.8625
31,technician,divorced,professional.course,no,yes,no,cellular,jul,wed,1,999,0,nonexistent,1.4,93.918,-42.7,4.962,5228.1,yes,0,-1,0.8625
28,student,single,high.school,no,yes,no,cellular,jun,fri,3,999,0,nonexistent,-2.9,92.963,-40.8,1.268,5076.2,yes,0,-1,0.8625
26,admin.,single,high.school,no,no,no,telephone,oct,fri,2,4,1,success,-3.4,92.431,-26.9,0.73,5017.5,yes,1,4,0.8625
80,retired,married,basic.4y,no,no,no,cellular,mar,fri,3,6,4,success,-1.8,93.369,-34.8,0.649,5008.7,yes,1,6,0.8625
31,admin.,single,university.degree,no,yes,no,cellular,jun,tue,2,13,1,success,-2.9,92.963,-40.8,1.262,5076.2,yes,1,13,0.8625
24,technician,single,professional.course,no,yes,no,cellular,jul,thu,2,3,1,success,-1.7,94.215,-40.3,0.884,4991.6,yes,1,3,0.8625
26,admin.,single,university.degree,no,yes,no,telephone,oct,mon,1,999,0,nonexistent,-0.1,93.798,-40.4,4.912,5195.8,yes,0,-1,0.8625
55,admin.,married,professional.course,no,yes,no,cellular,dec,thu,1,9,2,success,-3.0,92.713,-33.0,0.714,5023.5,yes,1,9,0.8625
26,services,single,high.school,no,yes,no,cellular,jul,tue,1,13,1,success,-2.9,92.469,-33.6,1.044,5076.2,yes,1,13,0.8625
34,services,married,basic.9y,no,no,no,cellular,jul,wed,1,999,0,nonexistent,-1.7,94.215,-40.3,0.84,4991.6,yes,0,-1,0.8625
32,admin.,single,university.degree,no,yes,no,cellular,apr,thu,2,999,0,nonexistent,-1.8,93.749,-34.6,0.635,5008.7,yes,0,-1,0.8625
25,admin.,single,university.degree,no,yes,no,cellular,may,tue,1,999,0,nonexistent,-1.8,92.893,-46.2,1.266,5099.1,yes,0,-1,0.8625
35,services,married,professional.course,no,yes,no,cellular,apr,thu,2,6,1,success,-1.8,93.749,-34.6,0.644,5008.7,yes,1,6,0.8625
39,technician,single,university.degree,unknown,no,yes,cellular,oct,fri,1,999,0,nonexistent,-3.4,92.431,-26.9,0.72,5017.5,yes,0,-1,0.8625
48,technician,married,high.school,no,yes,no,cellular,oct,thu,2,999,0,nonexistent,-3.4,92.431,-26.9,0.722,5017.5,yes,0,-1,0.8625
31,technician,single,university.degree,no,yes,no,cellular,apr,thu,1,5,1,success,-1.8,93.075,-47.1,1.365,5099.1,yes,1,5,0.8625
25,admin.,single,university.degree,no,yes,no,cellular,may,tue,1,999,0,nonexistent,-1.8,92.893,-46.2,1.266,5099.1,yes,0,-1,0.8625
59,admin.,divorced,high.school,no,no,no,cellular,nov,thu,3,3,2,success,-1.1,94.767,-50.8,1.05,4963.6,yes,1,3,0.8625
40,services,married,professional.course,no,yes,no,cellular,oct,thu,1,3,1,success,-3.4,92.431,-26.9,0.74,5017.5,yes,1,3,0.8625
25,admin.,single,university.degree,no,no,yes,cellular,nov,mon,1,7,2,success,-3.4,92.649,-30.1,0.714,5017.5,yes,1,7,0.8625
32,blue-collar,married,basic.4y,no,no,no,cellular,sep,wed,2,999,0,nonexistent,-1.1,94.199,-37.5,0.88,4963.6,yes,0,-1,0.8625
76,retired,married,basic.4y,no,yes,no,cellular,sep,wed,2,3,1,success,-3.4,92.379,-29.8,0.781,5017.5,yes,1,3,0.8625
36,blue-collar,single,high.school,no,yes,yes,cellular,jun,wed,2,3,1,success,-1.7,94.055,-39.8,0.739,4991.6,yes,1,3,0.8625
66,retired,married,basic.4y,no,no,yes,cellular,apr,wed,5,999,1,failure,-1.8,93.075,-47.1,1.415,5099.1,yes,0,-1,0.8623482868289919
42,services,married,high.school,no,yes,no,cellular,apr,thu,1,999,0,nonexistent,-1.8,93.075,-47.1,1.365,5099.1,yes,0,-1,0.8623077553387287
42,services,married,high.school,no,yes,no,cellular,apr,thu,1,999,0,nonexistent,-1.8,93.075,-47.1,1.365,5099.1,yes,0,-1,0.8623077553387287
55,technician,married,high.school,no,yes,no,cellular,dec,thu,1,999,1,failure,-3.0,92.713,-33.0,0.72,5023.5,yes,0,-1,0.8622207317665339
46,housemaid,single,university.degree,no,yes,yes,cellular,jun,fri,1,3,1,success,-2.9,92.963,-40.8,1.268,5076.2,yes,1,3,0.8620027002208278
47,housemaid,single,professional.course,no,yes,no,cellular,apr,tue,1,999,0,nonexistent,-1.8,93.075,-47.1,1.405,5099.1,yes,0,-1,0.8613792852287073
67,admin.,married,basic.4y,unknown,no,no,cellular,oct,thu,2,2,2,success,-3.4,92.431,-26.9,0.722,5017.5,yes,1,2,0.86
25,services,single,high.school,no,no,yes,telephone,jul,thu,2,8,4,success,-1.7,94.215,-40.3,0.81,4991.6,yes,1,8,0.86
26,admin.,single,university.degree,no,unknown,unknown,cellular,jun,tue,2,3,1,success,-2.9,92.963,-40.8,1.262,5076.2,yes,1,3,0.86
36,admin.,single,basic.9y,no,yes,yes,telephone,apr,wed,1,999,0,nonexistent,-1.8,93.749,-34.6,0.644,5008.7,yes,0,-1,0.86
34,blue-collar,married,high.school,no,yes,no,cellular,mar,fri,1,999,0,nonexistent,-1.8,93.369,-34.8,0.653,5008.7,yes,0,-1,0.86
58,management,married,university.degree,no,no,no,cellular,aug,tue,1,999,0,nonexistent,-1.7,94.027,-38.3,0.904,4991.6,yes,0,-1,0.86
42,blue-collar,married,basic.6y,no,yes,yes,cellular,mar,tue,1,7,3,failure,-1.8,93.369,-34.8,0.652,5008.7,yes,1,7,0.86
40,admin.,married,high.school,no,no,yes,cellular,aug,tue,2,999,0,nonexistent,-1.7,94.027,-38.3,0.899,4991.6,yes,0,-1,0.86
25,admin.,single,university.degree,no,yes,no,cellular,aug,mon,1,6,1,success,-2.9,92.201,-31.4,0.861,5076.2,yes,1,6,0.86
28,student,single,basic.9y,no,no,yes,cellular,aug,wed,1,6,3,failure,-1.7,94.027,-38.3,0.9,4991.6,yes,1,6,0.86
22,student,single,high.school,no,yes,no,cellular,oct,tue,1,6,1,success,-3.4,92.431,-26.9,0.742,5017.5,yes,1,6,0.86
22,student,single,high.school,no,yes,no,cellular,may,tue,1,999,0,nonexistent,-1.8,93.876,-40.0,0.697,5008.7,yes,0,-1,0.86
59,admin.,divorced,professional.course,no,unknown,unknown,cellular,aug,tue,1,4,1,success,-2.9,92.201,-31.4,0.883,5076.2,yes,1,4,0.86
73,retired,single,professional.course,no,no,no,cellular,apr,fri,1,6,3,success,-1.8,93.749,-34.6,0.645,5008.7,yes,1,6,0.86
75,retired,married,basic.4y,no,no,no,cellular,apr,tue,1,999,1,failure,-1.8,93.075,-47.1,1.405,5099.1,yes,0,-1,0.86
88,retired,divorced,basic.4y,no,no,no,cellular,oct,wed,2,6,1,success,-3.4,92.431,-26.9,0.735,5017.5,yes,1,6,0.86
53,technician,married,high.school,no,yes,no,cellular,mar,tue,2,999,0,nonexistent,-1.8,93.369,-34.8,0.655,5008.7,yes,0,-1,0.86
43,admin.,married,high.school,no,yes,no,cellular,mar,thu,1,999,0,nonexistent,-1.8,93.369,-34.8,0.643,5008.7,yes,0,-1,0.8590779040622106
30,admin.,single,university.degree,no,no,no,cellular,jun,fri,1,999,0,nonexistent,-2.9,92.963,-40.8,1.268,5076.2,yes,0,-1,0.8585242108995714
70,retired,married,basic.4y,no,yes,no,cellular,aug,fri,2,999,0,nonexistent,-2.9,92.201,-31.4,0.881,5076.2,yes,0,-1,0.8575
52,technician,married,university.degree,no,no,yes,telephone,may,tue,1,2,2,success,-1.8,93.876,-40.0,0.668,5008.7,yes,1,2,0.8575
37,technician,married,professional.course,no,yes,no,telephone,apr,mon,1,999,0,nonexistent,-1.8,93.749,-34.6,0.642,5008.7,yes,0,-1,0.8575
44,technician,married,university.degree,no,yes,yes,cellular,apr,thu,2,999,0,nonexistent,-1.8,93.075,-47.1,1.365,5099.1,yes,0,-1,0.8575
32,management,single,university.degree,no,no,no,cellular,aug,thu,1,3,2,success,-2.9,92.201,-31.4,0.851,5076.2,yes,1,3,0.8575
52,admin.,married,university.degree,no,yes,no,cellular,may,wed,1,999,0,nonexistent,-1.8,93.876,-40.0,0.672,5008.7,yes,0,-1,0.8575
30,student,married,university.degree,no,no,no,cellular,aug,mon,2,3,2,success,-2.9,92.201,-31.4,0.821,5076.2,yes,1,3,0.8575
41,management,married,unknown,no,yes,no,cellular,may,fri,1,18,2,failure,-1.8,93.876,-40.0,0.695,5008.7,yes,1,18,0.8575
56,retired,married,basic.4y,no,no,no,cellular,dec,thu,4,999,0,nonexistent,-3.0,92.713,-33.0,0.714,5023.5,yes,0,-1,0.8575
32,student,single,unknown,no,yes,no,cellular,may,wed,2,999,0,nonexistent,-1.8,93.876,-40.0,0.672,5008.7,yes,0,-1,0.8575
34,admin.,married,university.degree,no,no,yes,cellular,sep,mon,3,999,0,nonexistent,-1.1,94.199,-37.5,0.882,4963.6,yes,0,-1,0.8575
37,admin.,married,university.degree,no,yes,no,cellular,jul,fri,5,4,2,success,-1.7,94.215,-40.3,0.896,4991.6,yes,1,4,0.8572183645722055
19,student,single,unknown,no,yes,yes,cellular,apr,mon,1,999,0,nonexistent,-1.8,93.075,-47.1,1.405,5099.1,yes,0,-1,0.8571720785598999
24,student,single,high.school,no,yes,no,cellular,oct,thu,3,999,0,nonexistent,-3.4,92.431,-26.9,0.722,5017.5,yes,0,-1,0.8569341191609208
30,admin.,single,university.degree,no,no,no,cellular,apr,thu,1,999,0,nonexistent,-1.8,93.075,-47.1,1.365,5099.1,no,0,-1,0.8569253663795169
30,admin.,single,university.degree,no,no,no,cellular,apr,thu,1,999,0,nonexistent,-1.8,93.075,-47.1,1.365,5099.1,yes,0,-1,0.8569253663795169
30,admin.,single,university.degree,no,no,no,cellular,apr,thu,1,999,0,nonexistent,-1.8,93.075,-47.1,1.365,5099.1,yes,0,-1,0.8569253663795169
30,admin.,single,university.degree,no,no,no,cellular,apr,thu,1,999,0,nonexistent,-1.8,93.075,-47.1,1.365,5099.1,yes,0,-1,0.8569253663795169
30,admin.,single,university.degree,no,no,no,cellular,apr,thu,1,999,0,nonexistent,-1.8,93.075,-47.1,1.365,5099.1,no,0,-1,0.8569253663795169
26,admin.,single,high.school,no,yes,no,cellular,apr,mon,1,999,0,nonexistent,-1.8,93.075,-47.1,1.405,5099.1,yes,0,-1,0.8566516588535539
42,technician,married,professional.course,no,yes,no,cellular,aug,fri,2,999,0,nonexistent,-2.9,92.201,-31.4,0.869,5076.2,yes,0,-1,0.856429019314188
36,admin.,married,university.degree,no,no,no,cellular,jun,mon,1,3,1,success,-2.9,92.963,-40.8,1.266,5076.2,yes,1,3,0.8559438872611637
26,unemployed,single,university.degree,no,yes,no,cellular,apr,tue,1,999,0,nonexistent,-1.8,93.075,-47.1,1.423,5099.1,yes,0,-1,0.8557565074789986
26,unemployed,single,university.degree,no,yes,no,cellular,apr,tue,1,999,0,nonexistent,-1.8,93.075,-47.1,1.423,5099.1,no,0,-1,0.8557565074789986
26,unemployed,single,university.degree,no,yes,no,cellular,apr,tue,1,999,0,nonexistent,-1.8,93.075,-47.1,1.423,5099.1,yes,0,-1,0.8557565074789986
26,admin.,single,university.degree,no,no,no,cellular,nov,fri,3,999,0,nonexistent,-1.1,94.767,-50.8,1.04,4963.6,yes,0,-1,0.855
46,services,married,university.degree,no,yes,no,cellular,sep,wed,1,999,0,nonexistent,-1.1,94.199,-37.5,0.88,4963.6,yes,0,-1,0.855
61,retired,married,basic.4y,no,yes,no,cellular,apr,wed,4,999,1,failure,-1.8,93.075,-47.1,1.405,5099.1,yes,0,-1,0.855
53,management,divorced,university.degree,no,yes,no,cellular,apr,thu,1,2,1,success,-1.8,93.075,-47.1,1.365,5099.1,yes,1,2,0.855
31,admin.,single,university.degree,no,unknown,unknown,cellular,oct,tue,1,3,1,success,-1.1,94.601,-49.5,1.008,4963.6,yes,1,3,0.855
32,admin.,single,university.degree,no,yes,no,cellular,jul,wed,3,999,0,nonexistent,-2.9,92.469,-33.6,1.029,5076.2,yes,0,-1,0.855
29,admin.,single,university.degree,no,yes,no,cellular,jul,wed,1,999,0,nonexistent,-1.7,94.215,-40.3,0.84,4991.6,yes,0,-1,0.855
60,retired,married,high.school,no,no,no,cellular,sep,wed,1,999,0,nonexistent,-1.1,94.199,-37.5,0.876,4963.6,yes,0,-1,0.855
56,admin.,married,basic.9y,no,yes,no,cellular,aug,wed,1,4,1,success,-2.9,92.201,-31.4,0.879,5076.2,yes,1,4,0.855
38,services,married,high.school,no,yes,no,cellular,mar,thu,1,999,0,nonexistent,-1.8,93.369,-34.8,0.65,5008.7,yes,0,-1,0.855
32,blue-collar,single,high.school,no,no,no,cellular,jun,mon,1,2,2,success,-1.7,94.055,-39.8,0.754,4991.6,yes,1,2,0.855
31,admin.,single,university.degree,no,yes,yes,cellular,sep,tue,1,999,0,nonexistent,-1.1,94.199,-37.5,0.877,4963.6,yes,0,-1,0.855
29,admin.,single,university.degree,no,no,no,cellular,nov,thu,2,9,2,failure,-3.4,92.649,-30.1,0.714,5017.5,yes,1,9,0.855
50,blue-collar,married,basic.6y,no,yes,no,telephone,may,mon,4,3,2,success,-1.8,92.893,-46.2,1.354,5099.1,yes,1,3,0.855
33,entrepreneur,married,university.degree,no,yes,no,telephone,oct,tue,1,999,0,nonexistent,-0.1,93.798,-40.4,4.86,5195.8,yes,0,-1,0.855
22,technician,single,professional.course,no,yes,no,cellular,nov,tue,1,999,0,nonexistent,-3.4,92.649,-30.1,0.72,5017.5,yes,0,-1,0.8547138729727105
29,self-employed,single,university.degree,no,yes,no,cellular,sep,tue,2,999,0,nonexistent,-3.4,92.379,-29.8,0.788,5017.5,yes,0,-1,0.8546401390638572
36,admin.,married,high.school,no,no,no,cellular,mar,tue,1,999,0,nonexistent,-1.8,92.843,-50.0,1.799,5099.1,yes,0,-1,0.8544405377053224
41,technician,divorced,professional.course,no,yes,no,cellular,apr,thu,1,999,0,nonexistent,-1.8,93.075,-47.1,1.365,5099.1,yes,0,-1,0.8543671335217189
31,self-employed,single,university.degree,no,no,no,cellular,apr,thu,1,999,0,nonexistent,-1.8,93.749,-34.6,0.659,5008.7,yes,0,-1,0.8536008643768987
29,admin.,single,university.degree,no,no,no,cellular,apr,thu,4,999,0,nonexistent,-1.8,93.075,-47.1,1.41,5099.1,yes,0,-1,0.8534486971598539
33,admin.,single,university.degree,no,no,no,cellular,aug,wed,1,999,0,nonexistent,-2.9,92.201,-31.4,0.854,5076.2,yes,0,-1,0.8525
33,technician,married,professional.course,no,no,no,cellular,sep,wed,1,999,0,nonexistent,-1.1,94.199,-37.5,0.879,4963.6,yes,0,-1,0.8525
45,unemployed,married,high.school,no,no,no,cellular,sep,wed,2,999,0,nonexistent,-1.1,94.199,-37.5,0.88,4963.6,yes,0,-1,0.8525
23,blue-collar,single,high.school,no,no,no,cellular,jul,fri,2,999,0,nonexistent,-2.9,92.469,-33.6,1.007,5076.2,yes,0,-1,0.8525
63,retired,married,basic.4y,no,yes,no,cellular,nov,fri,1,3,2,success,-1.1,94.767,-50.8,1.049,4963.6,yes,1,3,0.8525
61,retired,married,basic.4y,no,yes,no,cellular,nov,mon,1,9,3,failure,-3.4,92.649,-30.1,0.714,5017.5,yes,1,9,0.8525
34,admin.,married,high.school,no,yes,no,cellular,jun,wed,1,6,2,success,-1.7,94.055,-39.8,0.704,4991.6,yes,1,6,0.8525
32,self-employed,married,university.degree,no,yes,no,cellular,nov,thu,1,6,3,failure,-3.4,92.649,-30.1,0.714,5017.5,yes,1,6,0.8525
30,student,married,university.degree,no,yes,no,cellular,aug,mon,3,3,1,success,-2.9,92.201,-31.4,0.821,5076.2,yes,1,3,0.8525
66,retired,married,basic.4y,no,yes,no,cellular,nov,mon,1,7,1,success,-3.4,92.649,-30.1,0.714,5017.5,yes,1,7,0.8525
32,technician,single,university.degree,no,no,no,cellular,oct,tue,1,999,1,failure,-3.4,92.431,-26.9,0.728,5017.5,yes,0,-1,0.8525
30,admin.,married,university.degree,no,no,no,cellular,sep,mon,2,6,1,success,-3.4,92.379,-29.8,0.739,5017.5,yes,1,6,0.8525
40,services,married,high.school,no,yes,no,cellular,nov,thu,3,3,2,success,-3.4,92.649,-30.1,0.714,5017.5,yes,1,3,0.8525
50,blue-collar,married,basic.6y,no,yes,no,cellular,may,mon,3,3,1,success,-1.8,92.893,-46.2,1.354,5099.1,yes,1,3,0.8525
26,admin.,single,university.degree,no,no,yes,cellular,jun,thu,1,999,0,nonexistent,-2.9,92.963,-40.8,1.26,5076.2,yes,0,-1,0.8522607323730523
51,technician,single,university.degree,no,yes,no,cellular,jun,fri,1,999,0,nonexistent,-2.9,92.963,-40.8,1.268,5076.2,yes,0,-1,0.852218303874915
33,admin.,single,university.degree,no,yes,no,cellular,apr,tue,3,999,0,nonexistent,-1.8,93.749,-34.6,0.638,5008.7,yes,0,-1,0.8522172113236866
34,admin.,single,university.degree,no,no,no,cellular,mar,tue,2,999,0,nonexistent,-1.8,92.843,-50.0,1.614,5099.1,yes,0,-1,0.8519878835425384
28,self-employed,married,professional.course,no,yes,no,cellular,nov,tue,1,999,0,nonexistent,-3.4,92.649,-30.1,0.72,5017.5,yes,0,-1,0.8518973051136355
57,unemployed,married,basic.4y,no,yes,no,cellular,jun,mon,1,999,0,nonexistent,-2.9,92.963,-40.8,1.26,5076.2,yes,0,-1,0.8515697983693674
43,admin.,married,university.degree,no,yes,no,cellular,nov,tue,1,999,0,nonexistent,-3.4,92.649,-30.1,0.715,5017.5,yes,0,-1,0.8513771774461635
27,blue-collar,single,high.school,no,yes,no,cellular,jun,mon,2,4,1,success,-2.9,92.963,-40.8,1.281,5076.2,yes,1,4,0.8505173486051223
26,student,single,basic.9y,no,yes,no,cellular,aug,wed,1,999,0,nonexistent,-2.9,92.201,-31.4,0.879,5076.2,yes,0,-1,0.850021302649707
42,management,married,university.degree,no,no,no,telephone,oct,fri,1,999,0,nonexistent,-0.1,93.798,-40.4,4.76,5195.8,yes,0,-1,0.85
32,services,single,university.degree,no,no,yes,cellular,may,fri,3,999,0,nonexistent,-1.8,93.876,-40.0,0.699,5008.7,yes,0,-1,0.85
43,admin.,single,high.school,no,yes,no,cellular,sep,fri,1,999,0,nonexistent,-3.4,92.379,-29.8,0.773,5017.5,yes,0,-1,0.85
89,retired,divorced,basic.4y,no,no,no,cellular,jun,mon,1,999,0,nonexistent,-1.7,94.055,-39.8,0.72,4991.6,yes,0,-1,0.85
31,technician,single,university.degree,no,no,no,cellular,jul,thu,4,999,1,failure,-1.7,94.215,-40.3,0.899,4991.6,yes,0,-1,0.85
59,admin.,married,high.school,no,yes,no,cellular,aug,wed,2,2,1,success,-2.9,92.201,-31.4,0.884,5076.2,yes,1,2,0.85
18,student,single,unknown,no,yes,no,cellular,aug,wed,1,17,2,failure,-1.7,94.027,-38.3,0.9,4991.6,yes,1,17,0.85
35,services,married,basic.6y,no,no,no,cellular,may,mon,1,3,1,success,-1.8,92.893,-46.2,1.354,5099.1,yes,1,3,0.85
28,technician,single,high.school,no,unknown,unknown,cellular,oct,wed,1,6,1,success,-3.4,92.431,-26.9,0.742,5017.5,yes,1,6,0.85
64,retired,married,unknown,no,no,no,cellular,aug,fri,4,999,0,nonexistent,-2.9,92.201,-31.4,0.849,5076.2,yes,0,-1,0.85
23,student,single,high.school,no,yes,no,telephone,jun,mon,1,9,1,success,-1.7,94.055,-39.8,0.72,4991.6,yes,1,9,0.85
77,retired,married,basic.4y,no,no,no,cellular,aug,thu,1,9,4,failure,-1.7,94.027,-38.3,0.904,4991.6,yes,1,9,0.85
25,admin.,single,unknown,no,yes,no,cellular,nov,mon,1,999,1,failure,-3.4,92.649,-30.1,0.714,5017.5,yes,0,-1,0.85
48,blue-collar,married,basic.9y,no,no,no,cellular,aug,wed,1,16,3,failure,-1.7,94.027,-38.3,0.9,4991.6,yes,1,16,0.85
31,management,married,university.degree,no,yes,no,cellular,oct,tue,3,4,1,success,-3.4,92.431,-26.9,0.728,5017.5,yes,1,4,0.85
37,admin.,married,university.degree,no,yes,no,cellular,nov,fri,1,999,0,nonexistent,-1.1,94.767,-50.8,1.028,4963.6,yes,0,-1,0.85
38,entrepreneur,married,basic.6y,no,no,no,cellular,jun,tue,1,2,3,success,-1.7,94.055,-39.8,0.761,4991.6,yes,1,2,0.85
37,admin.,single,university.degree,no,yes,no,cellular,apr,thu,1,999,0,nonexistent,-1.8,93.075,-47.1,1.365,5099.1,yes,0,-1,0.8498513902821719
38,blue-collar,single,high.school,no,yes,no,telephone,mar,wed,1,999,0,nonexistent,-1.8,93.369,-34.8,0.655,5008.7,yes,0,-1,0.8498472279472382
33,blue-collar,single,basic.4y,no,no,no,cellular,apr,thu,1,999,0,nonexistent,-1.8,93.075,-47.1,1.365,5099.1,yes,0,-1,0.8498032131892166
64,admin.,married,high.school,no,no,no,cellular,jul,thu,1,999,0,nonexistent,-1.7,94.215,-40.3,0.884,4991.6,yes,0,-1,0.8497195785180149
33,blue-collar,married,basic.9y,no,yes,no,cellular,may,fri,1,999,0,nonexistent,-1.8,92.893,-46.2,1.313,5099.1,yes,0,-1,0.8493050061315717
33,blue-collar,married,basic.9y,no,yes,no,cellular,may,fri,1,999,0,nonexistent,-1.8,92.893,-46.2,1.313,5099.1,yes,0,-1,0.8493050061315717
31,technician,married,unknown,no,no,no,cellular,nov,fri,1,999,1,failure,-3.4,92.649,-30.1,0.714,5017.5,yes,0,-1,0.8484347719987722
36,technician,single,university.degree,no,yes,no,cellular,jun,mon,1,999,0,nonexistent,-2.9,92.963,-40.8,1.266,5076.2,yes,0,-1,0.8482296158053347
27,admin.,single,university.degree,no,no,no,cellular,aug,wed,2,999,0,nonexistent,-2.9,92.201,-31.4,0.879,5076.2,yes,0,-1,0.848163900010087
34,management,married,university.degree,no,no,no,cellular,mar,tue,1,999,0,nonexistent,-1.8,92.843,-50.0,1.799,5099.1,yes,0,-1,0.8481511772748236
27,unknown,single,university.degree,no,yes,no,cellular,jun,wed,4,3,2,success,-1.7,94.055,-39.8,0.767,4991.6,yes,1,3,0.8475
52,retired,divorced,university.degree,no,no,no,cellular,aug,thu,1,15,1,success,-2.9,92.201,-31.4,0.883,5076.2,yes,1,15,0.8475
56,retired,married,university.degree,no,no,no,cellular,aug,tue,3,999,1,failure,-1.7,94.027,-38.3,0.886,4991.6,yes,0,-1,0.8475
52,retired,divorced,university.degree,no,yes,yes,cellular,aug,thu,2,4,1,success,-2.9,92.201,-31.4,0.883,5076.2,yes,1,4,0.8475
23,student,single,high.school,no,no,yes,cellular,oct,fri,1,3,1,success,-1.1,94.601,-49.5,1.029,4963.6,yes,1,3,0.8475
39,technician,single,university.degree,unknown,yes,no,cellular,oct,fri,1,999,0,nonexistent,-3.4,92.431,-26.9,0.72,5017.5,yes,0,-1,0.8475
60,unemployed,married,high.school,no,yes,no,cellular,apr,thu,2,2,1,success,-1.8,93.075,-47.1,1.365,5099.1,yes,1,2,0.8475
33,technician,married,university.degree,no,no,no,cellular,sep,wed,1,999,0,nonexistent,-1.1,94.199,-37.5,0.876,4963.6,yes,0,-1,0.8475
54,unemployed,married,high.school,no,yes,no,cellular,dec,wed,1,999,0,nonexistent,-3.0,92.713,-33.0,0.721,5023.5,yes,0,-1,0.8475
35,admin.,married,university.degree,no,yes,no,cellular,mar,mon,4,999,0,nonexistent,-1.8,92.843,-50.0,1.811,5099.1,yes,0,-1,0.8475
30,unemployed,married,high.school,no,yes,no,cellular,may,mon,3,3,1,success,-1.8,92.893,-46.2,1.354,5099.1,yes,1,3,0.8475
54,admin.,married,high.school,no,yes,no,cellular,apr,mon,2,999,0,nonexistent,-1.8,93.749,-34.6,0.642,5008.7,yes,0,-1,0.8475
74,retired,divorced,basic.4y,no,yes,no,cellular,aug,wed,1,13,1,success,-2.9,92.201,-31.4,0.854,5076.2,yes,1,13,0.8475
53,housemaid,married,basic.4y,no,no,yes,telephone,nov,wed,1,3,1,success,-3.4,92.649,-30.1,0.715,5017.5,yes,1,3,0.8475
54,management,divorced,university.degree,no,yes,no,cellular,oct,thu,2,6,1,success,-3.4,92.431,-26.9,0.741,5017.5,yes,1,6,0.8475
47,admin.,married,high.school,no,no,no,cellular,aug,thu,2,16,1,success,-1.7,94.027,-38.3,0.904,4991.6,yes,1,16,0.8475
26,admin.,single,university.degree,no,yes,no,telephone,sep,thu,1,7,1,success,-3.4,92.379,-29.8,0.809,5017.5,yes,1,7,0.8475
62,retired,married,unknown,no,no,no,cellular,aug,fri,4,999,0,nonexistent,-2.9,92.201,-31.4,0.869,5076.2,yes,0,-1,0.8475
53,blue-collar,married,basic.6y,no,no,no,cellular,jun,thu,3,999,1,failure,-2.9,92.963,-40.8,1.26,5076.2,yes,0,-1,0.8475
28,admin.,single,high.school,no,yes,yes,cellular,jun,thu,2,999,0,nonexistent,-2.9,92.963,-40.8,1.26,5076.2,yes,0,-1,0.8475
36,technician,married,university.degree,no,unknown,unknown,cellular,sep,thu,2,999,0,nonexistent,-1.1,94.199,-37.5,0.879,4963.6,yes,0,-1,0.8474002936138977
28,admin.,single,high.school,no,no,no,telephone,mar,fri,2,999,0,nonexistent,-1.8,92.843,-50.0,1.531,5099.1,yes,0,-1,0.847353194724584
34,housemaid,single,basic.4y,no,yes,no,cellular,nov,tue,4,999,0,nonexistent,-3.4,92.649,-30.1,0.715,5017.5,yes,0,-1,0.847348081950114
30,management,married,university.degree,no,yes,no,cellular,oct,tue,2,999,0,nonexistent,-3.4,92.431,-26.9,0.742,5017.5,yes,0,-1,0.8473057351803558
48,admin.,married,university.degree,no,no,no,telephone,oct,wed,1,999,0,nonexistent,-0.1,93.798,-40.4,4.936,5195.8,yes,0,-1,0.8472191536369817
38,blue-collar,single,high.school,no,no,no,cellular,mar,wed,1,999,1,failure,-1.8,93.369,-34.8,0.655,5008.7,yes,0,-1,0.8470712561101377
30,technician,married,university.degree,no,yes,yes,cellular,apr,thu,2,999,0,nonexistent,-1.8,93.075,-47.1,1.365,5099.1,yes,0,-1,0.8463615009225989
26,admin.,single,high.school,no,yes,no,cellular,nov,mon,1,3,1,success,-3.4,92.649,-30.1,0.715,5017.5,yes,1,3,0.845
86,retired,married,unknown,unknown,yes,no,cellular,sep,tue,1,999,0,nonexistent,-1.1,94.199,-37.5,0.877,4963.6,yes,0,-1,0.845
56,admin.,married,basic.9y,no,yes,yes,cellular,sep,thu,1,999,0,nonexistent,-1.1,94.199,-37.5,0.879,4963.6,yes,0,-1,0.845
46,admin.,divorced,high.school,no,yes,no,telephone,jul,thu,1,999,0,nonexistent,-2.9,92.469,-33.6,1.072,5076.2,yes,0,-1,0.845
33,technician,married,unknown,no,yes,yes,cellular,sep,thu,1,9,3,failure,-1.1,94.199,-37.5,0.879,4963.6,yes,1,9,0.845
37,unemployed,married,university.degree,unknown,yes,no,cellular,jun,mon,3,3,2,success,-1.7,94.055,-39.8,0.754,4991.6,yes,1,3,0.845
34,unemployed,single,professional.course,no,no,no,cellular,aug,fri,2,2,1,success,-2.9,92.201,-31.4,0.849,5076.2,yes,1,2,0.845
37,services,married,high.school,no,yes,yes,cellular,oct,fri,2,12,2,failure,-1.1,94.601,-49.5,1.029,4963.6,yes,1,12,0.845
23,student,single,unknown,no,no,no,cellular,jul,tue,2,16,1,success,-1.7,94.215,-40.3,0.876,4991.6,yes,1,16,0.845
52,admin.,single,university.degree,no,yes,no,cellular,jun,mon,1,999,0,nonexistent,-2.9,92.963,-40.8,1.266,5076.2,yes,0,-1,0.845
33,admin.,married,university.degree,no,no,no,cellular,oct,fri,1,6,1,success,-3.4,92.431,-26.9,0.739,5017.5,yes,1,6,0.845
68,retired,married,basic.4y,no,yes,no,cellular,oct,tue,1,6,2,success,-3.4,92.431,-26.9,0.728,5017.5,yes,1,6,0.845
54,admin.,divorced,high.school,no,yes,no,cellular,aug,thu,2,4,1,success,-2.9,92.201,-31.4,0.883,5076.2,yes,1,4,0.845
37,technician,married,professional.course,no,yes,no,cellular,aug,wed,1,999,0,nonexistent,-2.9,92.201,-31.4,0.884,5076.2,yes,0,-1,0.8448528201964112
33,admin.,single,university.degree,no,no,no,cellular,jul,fri,1,999,0,nonexistent,-2.9,92.469,-33.6,1.059,5076.2,yes,0,-1,0.8443595980828994
76,retired,single,basic.4y,no,no,no,cellular,nov,mon,4,6,1,success,-3.4,92.649,-30.1,0.715,5017.5,yes,1,6,0.8443143401317356
28,admin.,single,university.degree,no,yes,no,cellular,jun,wed,1,999,0,nonexistent,-2.9,92.963,-40.8,1.26,5076.2,yes,0,-1,0.8438084949896847
64,retired,married,university.degree,no,yes,no,cellular,apr,tue,4,999,0,nonexistent,-1.8,93.075,-47.1,1.405,5099.1,yes,0,-1,0.8434589825847882
27,admin.,single,university.degree,no,no,no,cellular,sep,wed,1,999,0,nonexistent,-3.4,92.379,-29.8,0.781,5017.5,yes,0,-1,0.8431901640989327
28,admin.,single,high.school,no,yes,no,telephone,mar,fri,1,999,0,nonexistent,-1.8,92.843,-50.0,1.531,5099.1,yes,0,-1,0.8426258557811934
34,self-employed,single,university.degree,no,no,no,cellular,jul,thu,3,999,0,nonexistent,-1.7,94.215,-40.3,0.81,4991.6,yes,0,-1,0.8425
58,retired,married,basic.4y,no,no,no,cellular,apr,wed,1,999,0,nonexistent,-1.8,93.749,-34.6,0.639,5008.7,yes,0,-1,0.8425
33,admin.,married,university.degree,no,no,no,cellular,nov,tue,1,999,0,nonexistent,-1.1,94.767,-50.8,1.035,4963.6,yes,0,-1,0.8425
33,admin.,married,university.degree,no,no,no,cellular,sep,wed,2,999,0,nonexistent,-1.1,94.199,-37.5,0.879,4963.6,yes,0,-1,0.8425
31,unemployed,single,university.degree,no,yes,no,cellular,jul,tue,1,6,3,success,-1.7,94.215,-40.3,0.835,4991.6,yes,1,6,0.8425
62,technician,married,unknown,no,unknown,unknown,cellular,jul,mon,3,999,1,failure,-1.7,94.215,-40.3,0.827,4991.6,yes,0,-1,0.8425
49,blue-collar,married,basic.9y,unknown,no,no,cellular,mar,mon,1,6,2,success,-1.8,93.369,-34.8,0.652,5008.7,yes,1,6,0.8425
66,retired,married,basic.4y,no,no,yes,cellular,jun,wed,2,999,0,nonexistent,-1.7,94.055,-39.8,0.767,4991.6,yes,0,-1,0.8425
26,admin.,single,university.degree,no,no,no,telephone,aug,mon,1,3,1,success,-1.7,94.027,-38.3,0.904,4991.6,yes,1,3,0.8425
49,technician,married,university.degree,no,yes,no,cellular,may,thu,1,999,0,nonexistent,-1.8,93.876,-40.0,0.699,5008.7,yes,0,-1,0.8425
27,self-employed,single,university.degree,no,no,no,cellular,mar,fri,1,999,0,nonexistent,-1.8,93.369,-34.8,0.636,5008.7,yes,0,-1,0.8425
26,technician,single,university.degree,no,yes,no,cellular,jul,fri,3,6,2,success,-1.7,94.215,-40.3,0.861,4991.6,yes,1,6,0.8425
39,admin.,married,university.degree,no,yes,yes,cellular,aug,fri,2,14,1,success,-2.9,92.201,-31.4,0.849,5076.2,yes,1,14,0.8425
32,admin.,single,university.degree,no,no,no,cellular,jul,tue,1,999,0,nonexistent,-1.7,94.215,-40.3,0.893,4991.6,yes,0,-1,0.8425
42,management,single,university.degree,no,no,no,cellular,oct,fri,2,999,0,nonexistent,-3.4,92.431,-26.9,0.743,5017.5,yes,0,-1,0.8425
38,admin.,married,university.degree,no,no,no,cellular,nov,thu,1,7,4,failure,-3.4,92.649,-30.1,0.714,5017.5,yes,1,7,0.8425
31,admin.,single,university.degree,no,yes,no,cellular,jul,fri,2,13,2,success,-1.7,94.215,-40.3,0.861,4991.6,yes,1,13,0.8425
46,admin.,married,high.school,no,no,no,cellular,apr,mon,3,999,0,nonexistent,-1.8,93.749,-34.6,0.645,5008.7,yes,0,-1,0.8425
36,admin.,married,high.school,no,yes,no,cellular,mar,thu,3,999,0,nonexistent,-1.8,92.843,-50.0,1.584,5099.1,yes,0,-1,0.8422186680586579
29,admin.,married,university.degree,no,unknown,unknown,cellular,jul,tue,1,3,1,success,-1.7,94.215,-40.3,0.835,4991.6,yes,1,3,0.8422167257453627
34,technician,single,university.degree,no,yes,no,cellular,mar,thu,2,999,0,nonexistent,-1.8,93.369,-34.8,0.654,5008.7,yes,0,-1,0.8422155117995532
29,services,single,high.school,no,no,no,cellular,jun,wed,2,3,1,success,-2.9,92.963,-40.8,1.26,5076.2,yes,1,3,0.8422139943672914
32,admin.,single,high.school,no,no,no,cellular,apr,thu,1,999,0,nonexistent,-1.8,93.075,-47.1,1.365,5099.1,yes,0,-1,0.8419377579491014
34,unemployed,single,university.degree,no,yes,no,cellular,apr,tue,1,999,0,nonexistent,-1.8,93.075,-47.1,1.423,5099.1,yes,0,-1,0.84193611145849
25,student,single,university.degree,no,no,yes,cellular,jun,thu,1,999,0,nonexistent,-2.9,92.963,-40.8,1.26,5076.2,yes,0,-1,0.8416587796756824
23,student,single,high.school,no,no,no,cellular,mar,wed,1,999,0,nonexistent,-1.8,93.369,-34.8,0.644,5008.7,yes,0,-1,0.8416447144799457
30,admin.,married,university.degree,no,no,no,cellular,apr,wed,2,999,0,nonexistent,-1.8,93.075,-47.1,1.415,5099.1,yes,0,-1,0.8413355620644183
28,admin.,married,university.degree,no,no,no,cellular,apr,thu,1,2,2,success,-1.8,93.075,-47.1,1.365,5099.1,yes,1,2,0.8410941161947447
62,technician,married,unknown,no,yes,no,cellular,jul,mon,1,999,2,failure,-1.7,94.215,-40.3,0.827,4991.6,yes,0,-1,0.84
58,admin.,married,high.school,no,yes,yes,cellular,jul,thu,2,999,0,nonexistent,-1.7,94.215,-40.3,0.81,4991.6,yes,0,-1,0.84
41,technician,married,unknown,no,yes,yes,cellular,may,mon,1,3,2,success,-1.8,92.893,-46.2,1.354,5099.1,yes,1,3,0.84
78,retired,married,unknown,no,yes,no,cellular,jul,wed,3,999,0,nonexistent,-1.7,94.215,-40.3,0.84,4991.6,yes,0,-1,0.84
57,blue-collar,married,basic.4y,no,no,yes,cellular,jul,wed,2,999,0,nonexistent,-1.7,94.215,-40.3,0.896,4991.6,yes,0,-1,0.84
45,unemployed,married,basic.9y,no,no,no,cellular,jun,mon,2,999,0,nonexistent,-2.9,92.963,-40.8,1.266,5076.2,yes,0,-1,0.84
30,technician,married,university.degree,no,yes,no,cellular,dec,thu,2,6,1,success,-3.0,92.713,-33.0,0.72,5023.5,yes,1,6,0.84
98,retired,married,basic.4y,unknown,yes,no,cellular,oct,fri,1,2,2,success,-3.4,92.431,-26.9,0.73,5017.5,yes,1,2,0.84
54,blue-collar,married,basic.9y,no,yes,no,cellular,jun,fri,2,3,1,success,-2.9,92.963,-40.8,1.268,5076.2,yes,1,3,0.84
70,retired,married,basic.4y,no,no,no,cellular,dec,wed,2,999,0,nonexistent,-3.0,92.713,-33.0,0.715,5023.5,yes,0,-1,0.84
30,admin.,single,university.degree,no,no,no,cellular,aug,tue,1,999,0,nonexistent,-1.7,94.027,-38.3,0.886,4991.6,yes,0,-1,0.84
24,blue-collar,single,high.school,no,no,no,cellular,oct,thu,1,3,1,success,-1.1,94.601,-49.5,1.025,4963.6,yes,1,3,0.84
27,admin.,single,university.degree,no,no,no,cellular,mar,tue,4,999,0,nonexistent,-1.8,93.369,-34.8,0.635,5008.7,yes,0,-1,0.8398547583265897
53,technician,married,professional.course,no,yes,no,cellular,apr,thu,1,999,0,nonexistent,-1.8,93.075,-47.1,1.365,5099.1,yes,0,-1,0.8395508491450279
71,retired,married,professional.course,no,yes,no,cellular,nov,tue,1,999,0,nonexistent,-3.4,92.649,-30.1,0.72,5017.5,yes,0,-1,0.8394977832135758
21,student,single,high.school,no,no,no,cellular,oct,tue,1,999,0,nonexistent,-1.1,94.601,-49.5,0.982,4963.6,yes,0,-1,0.8394352117121491
30,admin.,married,university.degree,no,yes,no,cellular,apr,thu,2,999,0,nonexistent,-1.8,93.075,-47.1,1.365,5099.1,yes,0,-1,0.8391587962513354
29,admin.,divorced,university.degree,no,yes,no,cellular,jun,wed,3,999,0,nonexistent,-2.9,92.963,-40.8,1.26,5076.2,yes,0,-1,0.8378791320077218
38,management,divorced,university.degree,no,yes,no,cellular,apr,mon,2,6,1,success,-1.8,93.749,-34.6,0.645,5008.7,yes,1,6,0.8375
60,retired,married,professional.course,no,yes,no,cellular,sep,thu,1,3,1,success,-3.4,92.379,-29.8,0.809,5017.5,yes,1,3,0.8375
56,blue-collar,married,basic.4y,unknown,yes,no,cellular,dec,tue,3,6,1,success,-3.0,92.713,-33.0,0.715,5023.5,yes,1,6,0.8375
42,management,divorced,unknown,no,yes,no,cellular,aug,wed,2,4,1,success,-2.9,92.201,-31.4,0.879,5076.2,yes,1,4,0.8375
45,admin.,married,university.degree,no,no,no,cellular,dec,thu,2,6,1,success,-3.0,92.713,-33.0,0.707,5023.5,yes,1,6,0.8375
54,admin.,married,university.degree,no,yes,no,cellular,aug,fri,3,999,0,nonexistent,-2.9,92.201,-31.4,0.869,5076.2,yes,0,-1,0.8375
51,admin.,single,high.school,no,yes,no,telephone,jul,wed,1,999,0,nonexistent,-2.9,92.469,-33.6,1.085,5076.2,yes,0,-1,0.8375
48,admin.,married,university.degree,no,yes,no,cellular,nov,mon,1,6,3,success,-1.1,94.767,-50.8,1.05,4963.6,yes,1,6,0.8375
57,technician,married,high.school,no,yes,yes,cellular,aug,wed,2,4,1,success,-2.9,92.201,-31.4,0.884,5076.2,yes,1,4,0.8375
41,admin.,married,university.degree,no,no,no,cellular,aug,tue,2,999,0,nonexistent,1.4,93.444,-36.1,4.968,5228.1,yes,0,-1,0.8375
24,student,single,high.school,no,no,no,cellular,may,wed,1,7,2,success,-1.8,93.876,-40.0,0.672,5008.7,yes,1,7,0.8375
38,student,single,unknown,no,no,yes,cellular,mar,mon,1,3,4,success,-1.8,93.369,-34.8,0.639,5008.7,yes,1,3,0.8375
62,retired,married,high.school,no,no,no,cellular,oct,wed,1,6,1,success,-3.4,92.431,-26.9,0.724,5017.5,yes,1,6,0.8375
78,retired,married,basic.4y,no,no,no,cellular,jul,mon,1,999,0,nonexistent,-1.7,94.215,-40.3,0.87,4991.6,yes,0,-1,0.8375
80,retired,married,basic.4y,no,no,no,telephone,jul,thu,2,999,0,nonexistent,-1.7,94.215,-40.3,0.846,4991.6,yes,0,-1,0.8375
31,admin.,single,high.school,no,yes,no,cellular,sep,fri,1,999,0,nonexistent,-3.4,92.379,-29.8,0.773,5017.5,yes,0,-1,0.8375
66,management,divorced,university.degree,no,no,no,cellular,sep,tue,1,1,1,success,-3.4,92.379,-29.8,0.788,5017.5,yes,1,1,0.8375
31,technician,married,university.degree,no,yes,no,cellular,jun,fri,2,999,0,nonexistent,-2.9,92.963,-40.8,1.268,5076.2,yes,0,-1,0.8375
43,self-employed,married,university.degree,no,yes,no,cellular,mar,mon,2,9,1,success,-1.8,93.369,-34.8,0.652,5008.7,yes,1,9,0.8375
22,student,single,basic.9y,no,no,no,cellular,oct,fri,1,999,1,failure,-3.4,92.431,-26.9,0.73,5017.5,yes,0,-1,0.8375
50,technician,married,high.school,no,no,no,cellular,dec,mon,3,999,0,nonexistent,-3.0,92.713,-33.0,0.717,5023.5,yes,0,-1,0.8375
51,technician,married,professional.course,no,yes,yes,cellular,apr,thu,1,999,0,nonexistent,-1.8,93.075,-47.1,1.365,5099.1,yes,0,-1,0.8374208230432462
29,admin.,single,high.school,no,yes,no,cellular,jun,mon,1,3,1,success,-2.9,92.963,-40.8,1.26,5076.2,yes,1,3,0.8372189108478197
28,admin.,single,university.degree,no,no,yes,cellular,mar,wed,2,999,0,nonexistent,-1.8,92.843,-50.0,1.548,5099.1,yes,0,-1,0.8372170899291055
36,unemployed,single,university.degree,no,yes,no,cellular,jun,mon,1,4,1,success,-2.9,92.963,-40.8,1.266,5076.2,yes,1,4,0.8370286290795854
37,management,married,high.school,no,yes,no,cellular,aug,thu,1,999,0,nonexistent,-1.7,94.027,-38.3,0.904,4991.6,yes,0,-1,0.8369903298955584
20,student,single,basic.4y,no,yes,no,cellular,aug,wed,1,999,0,nonexistent,-2.9,92.201,-31.4,0.879,5076.2,yes,0,-1,0.8366500406982001
42,admin.,married,university.degree,no,no,no,cellular,jun,thu,1,999,0,nonexistent,-2.9,92.963,-40.8,1.26,5076.2,yes,0,-1,0.8364404586975013
60,admin.,married,high.school,no,yes,yes,cellular,apr,thu,2,999,0,nonexistent,-1.8,93.075,-47.1,1.365,5099.1,yes,0,-1,0.8364241690592812
29,technician,single,university.degree,no,yes,no,cellular,dec,mon,2,999,0,nonexistent,-3.0,92.713,-33.0,0.709,5023.5,yes,0,-1,0.8358901165812793
85,retired,divorced,basic.4y,unknown,yes,no,cellular,dec,mon,3,6,1,success,-3.0,92.713,-33.0,0.715,5023.5,yes,1,6,0.835
64,retired,married,high.school,no,yes,no,cellular,dec,wed,1,999,0,nonexistent,-3.0,92.713,-33.0,0.715,5023.5,yes,0,-1,0.835
46,admin.,divorced,university.degree,no,no,no,telephone,oct,mon,1,999,0,nonexistent,-0.1,93.798,-40.4,4.912,5195.8,yes,0,-1,0.835
74,retired,married,university.degree,no,no,no,cellular,apr,thu,1,999,0,nonexistent,-1.8,93.749,-34.6,0.644,5008.7,yes,0,-1,0.835
20,student,single,high.school,no,yes,no,cellular,jun,fri,2,999,0,nonexistent,-2.9,92.963,-40.8,1.268,5076.2,yes,0,-1,0.835
74,retired,divorced,university.degree,no,yes,no,cellular,may,tue,1,999,0,nonexistent,-1.8,93.876,-40.0,0.688,5008.7,yes,0,-1,0.835
33,technician,married,professional.course,no,yes,no,cellular,sep,wed,1,999,0,nonexistent,-1.1,94.199,-37.5,0.886,4963.6,yes,0,-1,0.835
37,management,married,high.school,no,no,no,cellular,may,fri,3,999,0,nonexistent,-1.8,93.876,-40.0,0.682,5008.7,yes,0,-1,0.835
59,retired,married,unknown,no,no,no,cellular,aug,wed,2,999,1,failure,-2.9,92.201,-31.4,0.884,5076.2,yes,0,-1,0.835
27,student,single,high.school,no,no,no,cellular,mar,fri,1,999,0,nonexistent,-1.8,93.369,-34.8,0.653,5008.7,yes,0,-1,0.835
30,management,married,university.degree,no,no,no,cellular,oct,tue,2,999,0,nonexistent,-3.4,92.431,-26.9,0.742,5017.5,yes,0,-1,0.835
24,unemployed,single,high.school,no,no,yes,cellular,may,mon,2,999,0,nonexistent,-1.8,93.876,-40.0,0.697,5008.7,yes,0,-1,0.835
66,retired,married,professional.course,no,no,yes,cellular,mar,tue,1,21,2,failure,-1.8,93.369,-34.8,0.655,5008.7,yes,1,21,0.835
34,technician,married,unknown,no,yes,no,cellular,nov,tue,1,3,1,success,-1.1,94.767,-50.8,1.046,4963.6,yes,1,3,0.835
37,admin.,married,university.degree,no,unknown,unknown,cellular,jun,fri,1,10,1,success,-1.7,94.055,-39.8,0.719,4991.6,yes,1,10,0.835
26,admin.,single,high.school,no,no,no,cellular,apr,mon,1,999,0,nonexistent,-1.8,93.075,-47.1,1.405,5099.1,yes,0,-1,0.835
61,retired,divorced,university.degree,no,no,no,cellular,apr,thu,2,999,0,nonexistent,-1.8,93.075,-47.1,1.365,5099.1,yes,0,-1,0.835
32,technician,single,high.school,no,no,no,cellular,jun,tue,1,999,1,failure,-2.9,92.963,-40.8,1.262,5076.2,yes,0,-1,0.835
23,admin.,single,university.degree,no,no,no,cellular,sep,thu,3,999,1,failure,-1.1,94.199,-37.5,0.879,4963.6,yes,0,-1,0.835
66,retired,married,professional.course,no,no,no,cellular,mar,tue,1,999,1,failure,-1.8,93.369,-34.8,0.655,5008.7,yes,0,-1,0.835
28,admin.,married,high.school,no,no,no,cellular,nov,tue,2,999,0,nonexistent,-3.4,92.649,-30.1,0.715,5017.5,yes,0,-1,0.835
48,entrepreneur,married,university.degree,no,no,no,cellular,apr,thu,2,999,0,nonexistent,-1.8,93.075,-47.1,1.365,5099.1,yes,0,-1,0.835
31,student,single,university.degree,no,yes,yes,cellular,jul,fri,2,999,0,nonexistent,-1.7,94.215,-40.3,0.885,4991.6,yes,0,-1,0.835
59,management,married,basic.4y,no,yes,no,cellular,jul,fri,3,999,0,nonexistent,-1.7,94.215,-40.3,0.885,4991.6,yes,0,-1,0.835
40,technician,single,university.degree,no,no,no,cellular,nov,mon,1,7,2,failure,-3.4,92.649,-30.1,0.714,5017.5,yes,1,7,0.835
32,blue-collar,married,basic.4y,no,no,no,telephone,sep,wed,3,3,4,success,-1.1,94.199,-37.5,0.88,4963.6,yes,1,3,0.835
25,blue-collar,single,basic.9y,no,no,yes,cellular,jul,fri,1,999,0,nonexistent,-1.7,94.215,-40.3,0.79,4991.6,yes,0,-1,0.835
43,admin.,married,high.school,no,yes,no,cellular,aug,tue,2,3,2,success,-2.9,92.201,-31.4,0.838,5076.2,yes,1,3,0.835
35,technician,single,professional.course,no,yes,no,cellular,jul,tue,6,6,1,success,-1.7,94.215,-40.3,0.835,4991.6,yes,1,6,0.835
34,admin.,single,university.degree,no,yes,no,cellular,aug,thu,6,3,1,success,-2.9,92.201,-31.4,0.851,5076.2,yes,1,3,0.835
48,technician,married,high.school,no,no,no,cellular,oct,thu,1,999,0,nonexistent,-3.4,92.431,-26.9,0.722,5017.5,yes,0,-1,0.835
59,blue-collar,divorced,basic.4y,no,yes,no,cellular,jul,thu,1,999,0,nonexistent,-2.9,92.469,-33.6,1.072,5076.2,yes,0,-1,0.8347787459929639
30,management,married,university.degree,no,no,no,cellular,oct,wed,1,999,0,nonexistent,-1.1,94.601,-49.5,1.043,4963.6,yes,0,-1,0.8347215815286007
43,admin.,single,high.school,no,yes,no,cellular,aug,fri,3,999,0,nonexistent,-2.9,92.201,-31.4,0.881,5076.2,yes,0,-1,0.8347178182965912
45,admin.,married,university.degree,no,no,no,cellular,jul,thu,1,999,0,nonexistent,-2.9,92.469,-33.6,1.072,5076.2,yes,0,-1,0.8344435504140206
45,admin.,married,university.degree,no,no,no,cellular,jul,thu,1,999,0,nonexistent,-2.9,92.469,-33.6,1.072,5076.2,yes,0,-1,0.8344435504140206
45,admin.,married,university.degree,no,no,no,cellular,jul,thu,1,999,0,nonexistent,-2.9,92.469,-33.6,1.072,5076.2,no,0,-1,0.8344435504140206
75,retired,married,unknown,no,no,no,cellular,sep,tue,1,999,1,failure,-3.4,92.379,-29.8,0.788,5017.5,yes,0,-1,0.8342910078042638
72,retired,married,basic.6y,no,yes,yes,cellular,oct,thu,3,999,0,nonexistent,-3.4,92.431,-26.9,0.722,5017.5,yes,0,-1,0.8341632878508304
46,admin.,married,university.degree,no,no,no,cellular,mar,tue,3,999,0,nonexistent,-1.8,92.843,-50.0,1.556,5099.1,yes,0,-1,0.8337848632593718
24,admin.,single,university.degree,no,yes,no,cellular,apr,thu,1,999,0,nonexistent,-1.8,93.075,-47.1,1.41,5099.1,yes,0,-1,0.8334178049810878
29,blue-collar,single,professional.course,no,yes,yes,cellular,mar,tue,1,999,0,nonexistent,-1.8,93.369,-34.8,0.652,5008.7,yes,0,-1,0.8325
36,admin.,married,university.degree,no,yes,no,cellular,apr,thu,1,0,1,success,-1.8,93.075,-47.1,1.365,5099.1,yes,1,0,0.8325
49,admin.,married,high.school,no,yes,no,cellular,aug,wed,2,15,1,success,-2.9,92.201,-31.4,0.879,5076.2,yes,1,15,0.8325
55,admin.,divorced,university.degree,no,no,no,cellular,apr,thu,1,999,0,nonexistent,-1.8,93.075,-47.1,1.365,5099.1,yes,0,-1,0.8325
49,admin.,married,university.degree,no,no,no,cellular,jun,thu,2,999,0,nonexistent,-2.9,92.963,-40.8,1.235,5076.2,yes,0,-1,0.8325
44,technician,married,university.degree,no,yes,no,telephone,jun,wed,1,6,3,failure,-1.7,94.055,-39.8,0.715,4991.6,yes,1,6,0.8325
29,admin.,single,high.school,no,yes,no,cellular,oct,fri,1,6,1,success,-3.4,92.431,-26.9,0.73,5017.5,yes,1,6,0.8325
29,technician,single,professional.course,no,no,yes,cellular,jul,tue,2,15,2,failure,-1.7,94.215,-40.3,0.876,4991.6,yes,1,15,0.8325
48,admin.,married,high.school,unknown,no,yes,cellular,dec,thu,1,8,1,success,-3.0,92.713,-33.0,0.72,5023.5,yes,1,8,0.8325
35,blue-collar,divorced,high.school,no,no,no,cellular,aug,thu,1,3,1,success,-2.9,92.201,-31.4,0.851,5076.2,yes,1,3,0.8325
22,student,single,high.school,no,no,yes,cellular,jun,mon,1,12,2,failure,-1.7,94.055,-39.8,0.72,4991.6,yes,1,12,0.8325
66,retired,married,unknown,no,no,no,cellular,aug,wed,2,999,1,failure,-2.9,92.201,-31.4,0.879,5076.2,yes,0,-1,0.8325
58,blue-collar,divorced,basic.4y,no,no,no,cellular,aug,fri,1,999,0,nonexistent,-2.9,92.201,-31.4,0.869,5076.2,yes,0,-1,0.8325
35,admin.,married,high.school,no,yes,no,cellular,oct,thu,1,4,1,success,-3.4,92.431,-26.9,0.754,5017.5,yes,1,4,0.8325
39,technician,married,professional.course,no,no,no,telephone,oct,thu,1,999,0,nonexistent,-0.1,93.798,-40.4,4.921,5195.8,yes,0,-1,0.8325
19,student,single,unknown,no,yes,no,cellular,apr,fri,3,999,0,nonexistent,-1.8,93.075,-47.1,1.405,5099.1,yes,0,-1,0.8325
24,student,single,high.school,no,no,no,cellular,jun,wed,6,6,1,success,-1.7,94.055,-39.8,0.727,4991.6,yes,1,6,0.8325
54,admin.,married,university.degree,no,yes,yes,cellular,nov,tue,1,999,0,nonexistent,-3.4,92.649,-30.1,0.72,5017.5,yes,0,-1,0.8320986051428177
38,admin.,single,basic.9y,no,no,no,cellular,may,thu,2,999,0,nonexistent,-1.8,93.876,-40.0,0.699,5008.7,yes,0,-1,0.8320711360237598
31,admin.,married,high.school,no,no,no,cellular,oct,thu,1,999,0,nonexistent,-3.4,92.431,-26.9,0.722,5017.5,yes,0,-1,0.8315229498806896
23,unemployed,single,basic.9y,no,yes,no,cellular,oct,thu,1,4,1,success,-3.4,92.431,-26.9,0.754,5017.5,yes,1,4,0.83
33,admin.,married,high.school,no,yes,no,cellular,aug,mon,1,6,1,success,-2.9,92.201,-31.4,0.884,5076.2,yes,1,6,0.83
36,admin.,divorced,university.degree,no,no,no,cellular,aug,mon,1,5,1,success,-2.9,92.201,-31.4,0.884,5076.2,yes,1,5,0.83
38,admin.,married,high.school,no,yes,no,telephone,oct,fri,1,999,0,nonexistent,-0.1,93.798,-40.4,4.918,5195.8,yes,0,-1,0.83
33,entrepreneur,single,professional.course,no,yes,no,cellular,mar,fri,1,999,0,nonexistent,-1.8,93.369,-34.8,0.653,5008.7,yes,0,-1,0.83
32,technician,married,professional.course,no,yes,no,cellular,aug,wed,1,999,0,nonexistent,-2.9,92.201,-31.4,0.879,5076.2,yes,0,-1,0.83
50,admin.,married,basic.9y,no,yes,no,cellular,apr,thu,3,999,0,nonexistent,-1.8,93.749,-34.6,0.659,5008.7,yes,0,-1,0.83
37,management,single,university.degree,no,no,no,cellular,oct,thu,1,999,1,failure,-3.4,92.431,-26.9,0.74,5017.5,yes,0,-1,0.83
36,admin.,single,high.school,no,yes,no,cellular,aug,fri,1,3,2,success,-2.9,92.201,-31.4,0.849,5076.2,yes,1,3,0.83
33,blue-collar,single,basic.4y,no,yes,yes,cellular,apr,thu,1,999,0,nonexistent,-1.8,93.075,-47.1,1.365,5099.1,yes,0,-1,0.83
76,retired,married,professional.course,no,no,no,cellular,aug,mon,1,15,1,success,-2.9,92.201,-31.4,0.861,5076.2,yes,1,15,0.83
29,admin.,married,university.degree,no,no,yes,cellular,jun,tue,3,5,1,success,-1.7,94.055,-39.8,0.702,4991.6,yes,1,5,0.83
39,unemployed,single,university.degree,no,yes,no,cellular,dec,mon,1,6,2,success,-3.0,92.713,-33.0,0.706,5023.5,yes,1,6,0.83
30,blue-collar,married,high.school,no,no,no,cellular,mar,tue,1,999,0,nonexistent,-1.8,93.369,-34.8,0.655,5008.7,yes,0,-1,0.83
29,student,single,high.school,no,yes,yes,cellular,nov,thu,1,3,3,success,-1.1,94.767,-50.8,1.05,4963.6,yes,1,3,0.83
46,admin.,single,university.degree,no,yes,yes,cellular,dec,tue,2,999,0,nonexistent,-3.0,92.713,-33.0,0.715,5023.5,yes,0,-1,0.8299444648726038
34,technician,married,professional.course,no,yes,yes,cellular,sep,wed,3,999,0,nonexistent,-3.4,92.379,-29.8,0.813,5017.5,yes,0,-1,0.8298044368571981
55,blue-collar,married,basic.9y,no,no,no,cellular,nov,mon,1,999,0,nonexistent,-0.1,93.2,-42.0,4.191,5195.8,yes,0,-1,0.829729470898793
55,blue-collar,married,basic.9y,no,no,no,cellular,nov,mon,1,999,0,nonexistent,-0.1,93.2,-42.0,4.191,5195.8,yes,0,-1,0.829729470898793
55,blue-collar,married,basic.9y,no,no,no,cellular,nov,mon,1,999,0,nonexistent,-0.1,93.2,-42.0,4.191,5195.8,no,0,-1,0.829729470898793
29,admin.,single,university.degree,no,yes,no,cellular,apr,wed,1,999,0,nonexistent,-1.8,93.075,-47.1,1.405,5099.1,yes,0,-1,0.8297212780421482
38,blue-collar,single,high.school,no,yes,no,cellular,mar,wed,1,13,2,failure,-1.8,93.369,-34.8,0.655,5008.7,yes,1,13,0.829719457123434
28,management,single,university.degree,no,yes,no,cellular,jun,thu,1,4,1,success,-2.9,92.963,-40.8,1.26,5076.2,yes,1,4,0.8294878835425383
23,blue-collar,single,basic.9y,no,yes,no,cellular,may,mon,1,999,0,nonexistent,-1.8,92.893,-46.2,1.299,5099.1,yes,0,-1,0.8290872054042255
23,blue-collar,single,basic.9y,no,yes,no,cellular,may,mon,1,999,0,nonexistent,-1.8,92.893,-46.2,1.299,5099.1,yes,0,-1,0.8290872054042255
23,blue-collar,single,basic.9y,no,yes,no,cellular,may,mon,1,999,0,nonexistent,-1.8,92.893,-46.2,1.299,5099.1,no,0,-1,0.8290872054042255
68,retired,divorced,professional.course,no,yes,no,cellular,oct,tue,2,999,0,nonexistent,-3.4,92.431,-26.9,0.728,5017.5,yes,0,-1,0.8287653905831601
26,student,single,high.school,no,no,no,cellular,mar,thu,1,999,0,nonexistent,-1.8,92.843,-50.0,1.538,5099.1,yes,0,-1,0.8282216070774991
35,admin.,single,high.school,no,unknown,unknown,cellular,may,fri,2,10,1,success,-1.8,92.893,-46.2,1.313,5099.1,yes,1,10,0.8275
59,retired,married,basic.4y,no,yes,no,cellular,apr,thu,1,999,1,failure,-1.8,93.075,-47.1,1.365,5099.1,yes,0,-1,0.8275
33,services,married,high.school,no,no,no,cellular,may,thu,1,999,1,failure,-1.8,93.876,-40.0,0.677,5008.7,yes,0,-1,0.8275
84,retired,married,high.school,no,no,no,cellular,dec,tue,1,999,0,nonexistent,-3.0,92.713,-33.0,0.715,5023.5,yes,0,-1,0.8275
60,admin.,married,unknown,unknown,yes,no,cellular,dec,wed,1,999,0,nonexistent,-3.0,92.713,-33.0,0.721,5023.5,yes,0,-1,0.8275
26,admin.,married,high.school,no,no,no,cellular,jun,wed,4,12,3,failure,-1.7,94.055,-39.8,0.767,4991.6,yes,1,12,0.8275
33,technician,married,professional.course,no,yes,no,telephone,oct,wed,1,999,0,nonexistent,-0.1,93.798,-40.4,4.827,5195.8,yes,0,-1,0.8275
72,retired,married,professional.course,no,no,no,cellular,mar,fri,1,3,1,success,-1.8,93.369,-34.8,0.653,5008.7,yes,1,3,0.8275
25,student,single,high.school,no,yes,yes,cellular,jun,tue,2,6,3,success,-1.7,94.055,-39.8,0.761,4991.6,yes,1,6,0.8275
34,self-employed,married,university.degree,no,no,no,cellular,oct,wed,1,5,3,failure,-3.4,92.431,-26.9,0.74,5017.5,yes,1,5,0.8275
56,unknown,married,basic.4y,no,no,no,cellular,oct,tue,1,2,2,success,-3.4,92.431,-26.9,0.744,5017.5,yes,1,2,0.8275
57,admin.,married,unknown,no,yes,no,cellular,dec,wed,2,999,0,nonexistent,-3.0,92.713,-33.0,0.706,5023.5,yes,0,-1,0.8275
39,management,married,university.degree,no,yes,yes,cellular,sep,tue,2,999,0,nonexistent,-1.1,94.199,-37.5,0.877,4963.6,yes,0,-1,0.8275
48,admin.,married,high.school,no,no,no,telephone,oct,mon,1,999,0,nonexistent,-0.1,93.798,-40.4,5.0,5195.8,yes,0,-1,0.8273527181108841
38,technician,married,professional.course,no,yes,no,cellular,mar,fri,3,999,0,nonexistent,-1.8,92.843,-50.0,1.726,5099.1,yes,0,-1,0.8272161794697485
59,retired,married,basic.4y,no,yes,no,cellular,sep,tue,1,999,0,nonexistent,-3.4,92.379,-29.8,0.77,5017.5,yes,0,-1,0.8272155117995532
26,management,single,university.degree,no,yes,no,cellular,mar,thu,1,999,0,nonexistent,-1.8,92.843,-50.0,1.65,5099.1,yes,0,-1,0.8266530277074442
63,retired,married,unknown,no,no,no,cellular,apr,wed,1,999,1,failure,-1.8,93.075,-47.1,1.445,5099.1,yes,0,-1,0.8266141189269719
21,student,single,high.school,no,no,no,cellular,mar,tue,1,999,0,nonexistent,-1.8,92.843,-50.0,1.614,5099.1,yes,0,-1,0.8263588949785285
32,admin.,married,university.degree,no,yes,no,cellular,mar,mon,1,999,0,nonexistent,-1.8,92.843,-50.0,1.52,5099.1,yes,0,-1,0.8254876955732638
40,entrepreneur,married,basic.6y,no,no,no,cellular,jun,wed,1,999,0,nonexistent,-2.9,92.963,-40.8,1.26,5076.2,yes,0,-1,0.825
32,services,single,unknown,no,no,yes,cellular,jul,thu,2,999,0,nonexistent,-1.7,94.215,-40.3,0.846,4991.6,yes,0,-1,0.825
39,blue-collar,married,basic.9y,no,no,no,telephone,oct,fri,1,999,0,nonexistent,-0.1,93.798,-40.4,5.045,5195.8,yes,0,-1,0.825
51,admin.,married,university.degree,no,no,no,cellular,jul,thu,4,999,1,failure,-1.7,94.215,-40.3,0.899,4991.6,yes,0,-1,0.825
36,admin.,married,university.degree,no,no,no,cellular,oct,fri,1,999,2,failure,-3.4,92.431,-26.9,0.739,5017.5,yes,0,-1,0.825
53,entrepreneur,married,basic.4y,no,yes,yes,cellular,apr,tue,2,999,0,nonexistent,-1.8,93.749,-34.6,0.644,5008.7,yes,0,-1,0.825
52,admin.,married,university.degree,no,yes,no,cellular,aug,mon,3,4,2,success,-2.9,92.201,-31.4,0.884,5076.2,yes,1,4,0.825
30,admin.,single,university.degree,no,yes,yes,telephone,oct,mon,1,999,0,nonexistent,-0.1,93.798,-40.4,5.0,5195.8,yes,0,-1,0.825
30,admin.,single,university.degree,no,no,no,cellular,jun,tue,2,999,0,nonexistent,-2.9,92.963,-40.8,1.262,5076.2,yes,0,-1,0.825
61,retired,married,university.degree,no,no,no,telephone,aug,tue,2,3,1,success,-2.9,92.201,-31.4,0.859,5076.2,yes,1,3,0.825
74,retired,divorced,basic.4y,no,yes,no,cellular,apr,mon,2,999,0,nonexistent,-1.8,93.749,-34.6,0.643,5008.7,yes,0,-1,0.825
28,blue-collar,single,basic.9y,no,yes,no,cellular,apr,thu,1,2,1,success,-1.8,93.075,-47.1,1.365,5099.1,yes,1,2,0.825
34,admin.,married,university.degree,no,no,yes,cellular,sep,wed,3,999,0,nonexistent,-1.1,94.199,-37.5,0.886,4963.6,yes,0,-1,0.825
49,admin.,divorced,university.degree,no,no,no,cellular,apr,thu,1,999,0,nonexistent,-1.8,93.075,-47.1,1.365,5099.1,yes,0,-1,0.825
29,technician,single,professional.course,no,yes,no,telephone,oct,mon,1,999,0,nonexistent,-0.1,93.798,-40.4,4.912,5195.8,yes,0,-1,0.825
27,student,single,high.school,no,no,no,telephone,oct,tue,1,999,0,nonexistent,-0.1,93.798,-40.4,4.968,5195.8,yes,0,-1,0.825
26,technician,single,professional.course,no,no,no,cellular,jul,thu,3,999,2,failure,-1.7,94.215,-40.3,0.899,4991.6,yes,0,-1,0.825
34,technician,married,professional.course,no,yes,no,cellular,nov,tue,4,999,0,nonexistent,-3.4,92.649,-30.1,0.715,5017.5,yes,0,-1,0.825
83,retired,divorced,basic.4y,no,no,yes,cellular,jun,fri,2,999,0,nonexistent,-1.7,94.055,-39.8,0.748,4991.6,yes,0,-1,0.825
31,technician,single,professional.course,no,yes,no,cellular,oct,fri,2,999,0,nonexistent,-1.1,94.601,-49.5,0.972,4963.6,yes,0,-1,0.825
33,admin.,single,high.school,no,yes,no,cellular,aug,fri,3,999,0,nonexistent,-2.9,92.201,-31.4,0.881,5076.2,yes,0,-1,0.825
23,blue-collar,single,basic.9y,no,yes,no,cellular,jul,thu,5,999,1,failure,-1.7,94.215,-40.3,0.846,4991.6,yes,0,-1,0.825
31,admin.,single,high.school,no,yes,no,cellular,nov,wed,2,999,0,nonexistent,-1.1,94.767,-50.8,1.044,4963.6,yes,0,-1,0.8247145406429057
30,unemployed,married,high.school,no,no,no,cellular,may,mon,1,3,1,success,-1.8,92.893,-46.2,1.354,5099.1,yes,1,3,0.8245025033341349
30,student,single,unknown,no,yes,no,cellular,mar,thu,1,999,0,nonexistent,-1.8,93.369,-34.8,0.635,5008.7,yes,0,-1,0.8244980779311549
58,retired,divorced,university.degree,no,yes,no,cellular,apr,wed,2,999,0,nonexistent,-1.8,93.075,-47.1,1.415,5099.1,yes,0,-1,0.8238479021778357
61,retired,married,professional.course,no,unknown,unknown,cellular,apr,tue,1,999,0,nonexistent,-1.8,93.075,-47.1,1.405,5099.1,yes,0,-1,0.8234266818309379
30,self-employed,single,university.degree,no,no,no,cellular,sep,tue,1,999,0,nonexistent,-3.4,92.379,-29.8,0.788,5017.5,yes,0,-1,0.8225912075669153
48,entrepreneur,married,university.degree,no,no,no,cellular,apr,thu,2,2,1,success,-1.8,93.075,-47.1,1.365,5099.1,yes,1,2,0.8225850760490074
24,technician,single,professional.course,no,no,no,cellular,jun,tue,1,4,1,success,-2.9,92.963,-40.8,1.206,5076.2,yes,1,4,0.8225
78,retired,divorced,professional.course,no,yes,no,cellular,mar,tue,1,999,1,failure,-1.8,93.369,-34.8,0.655,5008.7,yes,0,-1,0.8225
54,blue-collar,married,basic.9y,no,no,no,cellular,jun,fri,2,999,0,nonexistent,-2.9,92.963,-40.8,1.268,5076.2,yes,0,-1,0.8225
29,admin.,married,high.school,no,yes,no,cellular,jun,wed,3,999,0,nonexistent,-1.7,94.055,-39.8,0.727,4991.6,yes,0,-1,0.8225
28,admin.,single,university.degree,no,no,no,cellular,aug,fri,1,4,2,success,-2.9,92.201,-31.4,0.881,5076.2,yes,1,4,0.8225
39,technician,married,university.degree,no,yes,no,cellular,jun,mon,2,999,0,nonexistent,-1.7,94.055,-39.8,0.72,4991.6,yes,0,-1,0.8225
41,services,married,high.school,no,no,no,cellular,mar,wed,6,999,0,nonexistent,-1.8,92.843,-50.0,1.778,5099.1,yes,0,-1,0.8225
64,housemaid,married,basic.4y,no,no,no,cellular,dec,thu,1,6,2,success,-3.0,92.713,-33.0,0.714,5023.5,yes,1,6,0.8225
58,management,married,university.degree,no,yes,no,cellular,may,thu,2,999,0,nonexistent,-1.8,93.876,-40.0,0.692,5008.7,yes,0,-1,0.8225
29,admin.,single,university.degree,no,yes,no,cellular,oct,mon,1,999,0,nonexistent,-1.1,94.601,-49.5,1.0,4963.6,yes,0,-1,0.8225
47,management,married,basic.9y,no,yes,no,cellular,nov,tue,2,999,0,nonexistent,-3.4,92.649,-30.1,0.715,5017.5,yes,0,-1,0.8223984275188575
20,student,single,unknown,no,yes,yes,cellular,oct,tue,1,3,4,success,-1.1,94.601,-49.5,0.982,4963.6,yes,1,3,0.8223528201964112
59,blue-collar,married,basic.4y,no,no,no,cellular,mar,tue,3,999,0,nonexistent,-1.8,92.843,-50.0,1.51,5099.1,yes,0,-1,0.822349583660442
57,unemployed,married,basic.4y,no,no,no,cellular,jun,mon,1,999,0,nonexistent,-2.9,92.963,-40.8,1.26,5076.2,yes,0,-1,0.8223488671472708
33,admin.,single,university.degree,no,no,no,cellular,jun,tue,3,999,0,nonexistent,-2.9,92.963,-40.8,1.262,5076.2,yes,0,-1,0.8219997487272489
32,admin.,married,high.school,no,yes,no,cellular,nov,tue,1,999,0,nonexistent,-3.4,92.649,-30.1,0.72,5017.5,yes,0,-1,0.8219932690419566
61,management,married,university.degree,no,yes,no,cellular,oct,fri,2,999,1,failure,-3.4,92.431,-26.9,0.73,5017.5,yes,0,-1,0.821992484893436
32,blue-collar,married,professional.course,no,yes,no,cellular,apr,thu,2,999,0,nonexistent,-1.8,93.075,-47.1,1.365,5099.1,yes,0,-1,0.8219835844291561
70,retired,divorced,basic.4y,no,yes,no,cellular,mar,mon,3,999,0,nonexistent,-1.8,92.843,-50.0,1.811,5099.1,yes,0,-1,0.8216843031685924
27,admin.,single,university.degree,no,yes,no,cellular,apr,mon,1,999,0,nonexistent,-1.8,93.075,-47.1,1.392,5099.1,yes,0,-1,0.8207093372302942
28,blue-collar,single,university.degree,no,unknown,unknown,cellular,sep,thu,1,999,0,nonexistent,-1.1,94.199,-37.5,0.878,4963.6,yes,0,-1,0.82
39,blue-collar,married,basic.9y,no,yes,no,cellular,sep,fri,1,3,1,success,-3.4,92.379,-29.8,0.803,5017.5,yes,1,3,0.82
28,admin.,single,university.degree,no,no,no,cellular,oct,mon,1,3,3,success,-1.1,94.601,-49.5,1.032,4963.6,yes,1,3,0.82
64,retired,married,basic.4y,no,yes,no,cellular,mar,wed,2,999,0,nonexistent,-1.8,93.369,-34.8,0.634,5008.7,yes,0,-1,0.82
31,technician,married,professional.course,no,yes,no,cellular,jun,tue,2,3,1,success,-1.7,94.055,-39.8,0.723,4991.6,yes,1,3,0.82
76,housemaid,married,basic.4y,no,yes,no,cellular,jun,tue,1,999,1,failure,-1.7,94.055,-39.8,0.702,4991.6,yes,0,-1,0.82
66,retired,married,basic.4y,no,yes,no,cellular,jul,mon,7,999,0,nonexistent,-1.7,94.215,-40.3,0.87,4991.6,yes,0,-1,0.82
73,retired,married,unknown,no,yes,no,telephone,mar,mon,1,999,0,nonexistent,-1.8,93.369,-34.8,0.652,5008.7,yes,0,-1,0.82
29,admin.,single,unknown,no,yes,no,cellular,mar,mon,1,999,0,nonexistent,-1.8,93.369,-34.8,0.652,5008.7,yes,0,-1,0.82
31,technician,single,professional.course,no,no,no,cellular,jun,tue,1,999,1,failure,-2.9,92.963,-40.8,1.262,5076.2,yes,0,-1,0.82
66,retired,married,basic.4y,no,yes,yes,telephone,nov,thu,1,999,0,nonexistent,-3.4,92.649,-30.1,0.714,5017.5,yes,0,-1,0.82
77,retired,divorced,basic.4y,no,no,no,cellular,may,tue,1,999,0,nonexistent,-1.8,93.876,-40.0,0.697,5008.7,yes,0,-1,0.82
38,technician,single,university.degree,no,yes,no,cellular,jun,mon,6,999,0,nonexistent,-1.7,94.055,-39.8,0.754,4991.6,yes,0,-1,0.82
25,student,single,high.school,no,no,no,cellular,jun,mon,2,999,0,nonexistent,-1.7,94.055,-39.8,0.72,4991.6,yes,0,-1,0.82
73,retired,married,basic.4y,no,no,no,cellular,aug,fri,1,999,0,nonexistent,-2.9,92.201,-31.4,0.881,5076.2,yes,0,-1,0.82
58,services,married,high.school,no,no,no,cellular,mar,mon,2,3,1,success,-1.8,93.369,-34.8,0.635,5008.7,yes,1,3,0.82
29,technician,married,high.school,no,yes,no,cellular,jun,fri,3,999,0,nonexistent,-2.9,92.963,-40.8,1.268,5076.2,yes,0,-1,0.82
55,admin.,married,university.degree,no,yes,no,cellular,jul,fri,1,999,2,failure,-1.7,94.215,-40.3,0.79,4991.6,yes,0,-1,0.82
32,admin.,married,high.school,no,yes,yes,cellular,dec,wed,2,999,0,nonexistent,-3.0,92.713,-33.0,0.715,5023.5,yes,0,-1,0.82
45,unemployed,married,professional.course,unknown,no,no,telephone,sep,thu,1,6,2,failure,-1.1,94.199,-37.5,0.879,4963.6,yes,1,6,0.82
33,admin.,married,university.degree,no,yes,yes,cellular,jul,fri,3,999,0,nonexistent,-1.7,94.215,-40.3,0.79,4991.6,yes,0,-1,0.82
42,management,married,university.degree,no,yes,no,cellular,oct,mon,1,999,1,failure,-3.4,92.431,-26.9,0.731,5017.5,yes,0,-1,0.8198979542709082
25,student,single,high.school,no,yes,yes,cellular,apr,wed,1,999,0,nonexistent,-1.8,93.075,-47.1,1.415,5099.1,yes,0,-1,0.8197015539556449
61,retired,married,professional.course,no,no,no,cellular,aug,tue,1,999,0,nonexistent,-2.9,92.201,-31.4,0.884,5076.2,yes,0,-1,0.819173271362241
52,technician,married,high.school,no,no,no,cellular,dec,fri,1,999,1,failure,-3.0,92.713,-33.0,0.71,5023.5,yes,0,-1,0.8186215868447223
43,technician,married,high.school,no,yes,no,cellular,sep,tue,1,3,1,success,-3.4,92.379,-29.8,0.788,5017.5,yes,1,3,0.8175
67,housemaid,divorced,professional.course,no,yes,no,cellular,nov,mon,2,5,5,success,-1.1,94.767,-50.8,1.039,4963.6,yes,1,5,0.8175
31,blue-collar,single,basic.9y,no,yes,yes,cellular,jun,tue,1,3,2,success,-2.9,92.963,-40.8,1.262,5076.2,yes,1,3,0.8175
31,admin.,single,university.degree,no,yes,no,cellular,may,mon,4,999,0,nonexistent,-1.8,92.893,-46.2,1.354,5099.1,yes,0,-1,0.8175
42,management,married,university.degree,no,yes,no,cellular,aug,fri,1,13,1,success,-2.9,92.201,-31.4,0.869,5076.2,yes,1,13,0.8175
50,admin.,married,university.degree,no,yes,no,cellular,nov,mon,1,3,1,success,-3.4,92.649,-30.1,0.714,5017.5,yes,1,3,0.8175
33,blue-collar,married,basic.6y,no,yes,no,cellular,apr,wed,2,999,0,nonexistent,-1.8,93.075,-47.1,1.498,5099.1,yes,0,-1,0.8175
64,housemaid,married,basic.4y,no,no,no,cellular,dec,thu,1,999,0,nonexistent,-3.0,92.713,-33.0,0.714,5023.5,yes,0,-1,0.8175
71,retired,single,unknown,no,yes,no,cellular,apr,fri,3,999,0,nonexistent,-1.8,93.075,-47.1,1.405,5099.1,yes,0,-1,0.8175
48,services,married,basic.6y,no,no,no,cellular,sep,mon,2,999,0,nonexistent,-1.1,94.199,-37.5,0.879,4963.6,yes,0,-1,0.8175
62,retired,married,university.degree,no,yes,no,cellular,nov,thu,1,1,6,success,-1.1,94.767,-50.8,1.031,4963.6,yes,1,1,0.8175
40,admin.,married,university.degree,no,no,no,cellular,aug,tue,2,999,0,nonexistent,1.4,93.444,-36.1,4.968,5228.1,yes,0,-1,0.8175
38,technician,married,professional.course,no,yes,no,cellular,mar,thu,1,999,0,nonexistent,-1.8,92.843,-50.0,1.757,5099.1,yes,0,-1,0.8173550988145805
72,retired,married,basic.4y,no,yes,no,cellular,nov,wed,1,999,1,failure,-3.4,92.649,-30.1,0.715,5017.5,yes,0,-1,0.8171026038972237
33,admin.,married,high.school,no,yes,no,cellular,sep,tue,1,999,0,nonexistent,-3.4,92.379,-29.8,0.819,5017.5,yes,0,-1,0.8170692128986847
64,retired,married,basic.4y,no,yes,no,cellular,apr,wed,1,999,2,failure,-1.8,93.075,-47.1,1.405,5099.1,yes,0,-1,0.8170641601307383
21,student,single,high.school,no,no,no,cellular,jun,thu,1,999,0,nonexistent,-2.9,92.963,-40.8,1.26,5076.2,yes,0,-1,0.8168189675727229
56,self-employed,married,university.degree,no,no,no,cellular,apr,tue,2,999,0,nonexistent,-1.8,93.075,-47.1,1.405,5099.1,yes,0,-1,0.8167050294260947
32,admin.,married,university.degree,no,yes,no,cellular,apr,thu,1,999,0,nonexistent,-1.8,93.075,-47.1,1.365,5099.1,yes,0,-1,0.8166064933540153
56,unemployed,divorced,basic.4y,no,yes,no,cellular,mar,wed,1,999,1,failure,-1.8,93.369,-34.8,0.634,5008.7,yes,0,-1,0.81544347333274
31,admin.,married,university.degree,no,unknown,unknown,cellular,mar,tue,1,999,0,nonexistent,-1.8,93.369,-34.8,0.655,5008.7,yes,0,-1,0.815
33,admin.,married,university.degree,no,yes,no,cellular,mar,wed,8,999,0,nonexistent,-1.8,92.843,-50.0,1.548,5099.1,yes,0,-1,0.815
29,admin.,single,university.degree,no,yes,no,cellular,mar,mon,1,999,0,nonexistent,-1.8,93.369,-34.8,0.639,5008.7,yes,0,-1,0.815
36,admin.,divorced,university.degree,no,no,yes,cellular,aug,wed,2,6,2,success,-2.9,92.201,-31.4,0.879,5076.2,yes,1,6,0.815
80,retired,divorced,basic.4y,no,yes,yes,cellular,apr,wed,2,999,0,nonexistent,-1.8,93.749,-34.6,0.642,5008.7,yes,0,-1,0.815
31,admin.,married,professional.course,no,yes,yes,cellular,may,thu,2,999,0,nonexistent,-1.8,93.876,-40.0,0.692,5008.7,yes,0,-1,0.815
30,self-employed,married,university.degree,no,yes,no,cellular,jun,mon,1,999,0,nonexistent,-1.7,94.055,-39.8,0.72,4991.6,yes,0,-1,0.815
44,management,married,unknown,no,no,no,telephone,apr,tue,2,999,1,failure,-1.8,93.749,-34.6,0.646,5008.7,yes,0,-1,0.815
70,admin.,married,basic.4y,no,yes,yes,cellular,sep,tue,1,3,1,success,-3.4,92.379,-29.8,0.77,5017.5,yes,1,3,0.815
43,technician,married,high.school,no,no,no,cellular,may,fri,1,3,1,success,-1.8,92.893,-46.2,1.259,5099.1,yes,1,3,0.815
41,admin.,divorced,high.school,no,unknown,unknown,cellular,aug,thu,1,999,0,nonexistent,-1.7,94.027,-38.3,0.904,4991.6,yes,0,-1,0.815
29,admin.,single,university.degree,no,no,no,cellular,jun,tue,2,999,0,nonexistent,-2.9,92.963,-40.8,1.286,5076.2,yes,0,-1,0.815
73,retired,divorced,high.school,no,yes,no,cellular,dec,tue,1,999,0,nonexistent,-3.0,92.713,-33.0,0.707,5023.5,yes,0,-1,0.8148526160174829
30,admin.,married,university.degree,no,yes,no,cellular,apr,thu,1,999,0,nonexistent,-1.8,93.075,-47.1,1.365,5099.1,yes,0,-1,0.8148493448657554
41,technician,married,professional.course,no,no,no,cellular,mar,fri,2,999,0,nonexistent,-1.8,92.843,-50.0,1.531,5099.1,yes,0,-1,0.8135775580248142
66,retired,married,basic.4y,no,yes,no,cellular,mar,thu,1,999,0,nonexistent,-1.8,92.843,-50.0,1.65,5099.1,yes,0,-1,0.8125903722586407
38,blue-collar,married,basic.4y,unknown,no,no,cellular,jul,tue,1,999,0,nonexistent,1.4,93.918,-42.7,4.961,5228.1,yes,0,-1,0.812571935526662
31,admin.,married,university.degree,no,no,no,cellular,aug,tue,2,999,1,failure,-1.7,94.027,-38.3,0.904,4991.6,yes,0,-1,0.8125
28,services,single,university.degree,no,yes,no,cellular,jul,mon,4,999,0,nonexistent,-2.9,92.469,-33.6,1.048,5076.2,yes,0,-1,0.8125
38,technician,married,university.degree,no,no,no,cellular,dec,wed,1,999,2,failure,-3.0,92.713,-33.0,0.721,5023.5,yes,0,-1,0.8125
45,blue-collar,married,basic.9y,no,no,no,cellular,jun,mon,2,999,0,nonexistent,-2.9,92.963,-40.8,1.266,5076.2,yes,0,-1,0.8125
32,admin.,married,high.school,no,unknown,unknown,cellular,sep,mon,1,6,4,success,-1.1,94.199,-37.5,0.882,4963.6,yes,1,6,0.8125
38,technician,single,university.degree,no,yes,no,cellular,dec,mon,2,999,0,nonexistent,-3.0,92.713,-33.0,0.717,5023.5,yes,0,-1,0.8125
43,self-employed,married,university.degree,no,no,no,cellular,jul,tue,3,999,1,failure,-1.7,94.215,-40.3,0.797,4991.6,yes,0,-1,0.8125
39,technician,married,professional.course,no,yes,no,cellular,may,mon,3,11,1,success,-1.8,92.893,-46.2,1.354,5099.1,yes,1,11,0.8125
48,technician,single,professional.course,no,yes,no,cellular,apr,tue,3,999,0,nonexistent,-1.8,93.749,-34.6,0.646,5008.7,yes,0,-1,0.8125
51,services,married,high.school,no,no,no,cellular,may,tue,1,999,1,failure,-1.8,93.876,-40.0,0.668,5008.7,yes,0,-1,0.8125
66,housemaid,married,basic.4y,no,no,no,telephone,jul,tue,2,999,0,nonexistent,-1.7,94.215,-40.3,0.876,4991.6,yes,0,-1,0.8125
75,retired,married,university.degree,no,yes,no,cellular,jul,thu,1,999,2,failure,-1.7,94.215,-40.3,0.81,4991.6,yes,0,-1,0.8125
31,technician,married,professional.course,no,yes,no,cellular,jun,tue,5,9,2,success,-1.7,94.055,-39.8,0.723,4991.6,yes,1,9,0.8125
56,technician,married,professional.course,no,no,no,cellular,jul,mon,2,999,1,failure,-1.7,94.215,-40.3,0.87,4991.6,yes,0,-1,0.8125
25,services,single,unknown,no,yes,no,cellular,jun,tue,1,999,0,nonexistent,-1.7,94.055,-39.8,0.702,4991.6,yes,0,-1,0.8125
45,self-employed,married,high.school,no,no,no,cellular,may,fri,1,999,1,failure,-1.8,93.876,-40.0,0.695,5008.7,yes,0,-1,0.8125
51,admin.,divorced,high.school,no,yes,yes,cellular,nov,tue,2,6,4,failure,-1.1,94.767,-50.8,1.049,4963.6,yes,1,6,0.8125
37,admin.,married,university.degree,no,yes,yes,cellular,mar,tue,3,999,0,nonexistent,-1.8,92.843,-50.0,1.687,5099.1,yes,0,-1,0.8125
25,student,married,university.degree,no,no,no,cellular,jun,fri,1,999,0,nonexistent,-2.9,92.963,-40.8,1.268,5076.2,yes,0,-1,0.8125
25,self-employed,divorced,university.degree,no,no,yes,cellular,apr,mon,1,999,0,nonexistent,-1.8,93.075,-47.1,1.405,5099.1,yes,0,-1,0.8123613507964387
59,blue-collar,divorced,basic.4y,no,no,no,cellular,jul,thu,1,999,0,nonexistent,-2.9,92.469,-33.6,1.072,5076.2,yes,0,-1,0.8122787459929639
77,retired,married,unknown,no,yes,no,cellular,nov,fri,1,999,0,nonexistent,-3.4,92.649,-30.1,0.714,5017.5,yes,0,-1,0.8122147227347771
47,admin.,married,high.school,no,yes,no,cellular,apr,fri,1,999,1,failure,-1.8,93.749,-34.6,0.645,5008.7,yes,0,-1,0.8122147227347771
27,blue-collar,single,university.degree,no,yes,no,cellular,apr,thu,2,999,0,nonexistent,-1.8,93.075,-47.1,1.365,5099.1,yes,0,-1,0.8115474176077988
32,management,single,university.degree,no,no,yes,cellular,mar,thu,1,999,0,nonexistent,-1.8,92.843,-50.0,1.584,5099.1,yes,0,-1,0.811530583352671
28,admin.,single,high.school,no,no,no,cellular,oct,wed,2,999,0,nonexistent,-1.1,94.601,-49.5,0.959,4963.6,yes,0,-1,0.8104462862779697
50,admin.,married,university.degree,no,no,yes,cellular,aug,thu,1,15,2,failure,-2.9,92.201,-31.4,0.829,5076.2,yes,1,15,0.81
31,admin.,single,university.degree,no,yes,no,cellular,nov,wed,1,2,5,success,-1.1,94.767,-50.8,1.048,4963.6,yes,1,2,0.81
61,management,married,university.degree,no,yes,no,cellular,aug,fri,2,4,2,success,-2.9,92.201,-31.4,0.869,5076.2,yes,1,4,0.81
30,admin.,single,university.degree,no,yes,no,telephone,oct,thu,4,999,0,nonexistent,-3.4,92.431,-26.9,0.733,5017.5,yes,0,-1,0.81
60,retired,married,high.school,no,no,no,cellular,dec,thu,1,999,0,nonexistent,-3.0,92.713,-33.0,0.72,5023.5,yes,0,-1,0.81
50,services,married,high.school,no,yes,no,cellular,aug,wed,2,999,0,nonexistent,1.4,93.444,-36.1,4.965,5228.1,yes,0,-1,0.81
25,student,single,unknown,no,no,no,cellular,sep,fri,1,999,0,nonexistent,-1.1,94.199,-37.5,0.879,4963.6,yes,0,-1,0.81
41,admin.,married,university.degree,no,yes,no,cellular,apr,fri,6,999,0,nonexistent,-1.8,93.749,-34.6,0.644,5008.7,yes,0,-1,0.81
46,blue-collar,married,professional.course,no,yes,no,cellular,may,wed,1,999,0,nonexistent,-1.8,93.876,-40.0,0.697,5008.7,yes,0,-1,0.81
19,student,single,basic.9y,no,no,yes,telephone,jul,mon,1,6,2,success,-1.7,94.215,-40.3,0.827,4991.6,yes,1,6,0.81
24,admin.,single,university.degree,no,no,no,cellular,sep,thu,1,999,1,failure,-1.1,94.199,-37.5,0.879,4963.6,yes,0,-1,0.81
50,technician,married,professional.course,no,unknown,unknown,cellular,oct,fri,1,8,2,failure,-3.4,92.431,-26.9,0.739,5017.5,yes,1,8,0.81
71,retired,single,university.degree,no,yes,no,cellular,aug,thu,1,6,2,failure,-2.9,92.201,-31.4,0.851,5076.2,yes,1,6,0.81
33,admin.,single,university.degree,no,yes,no,cellular,may,wed,1,999,0,nonexistent,-1.8,92.893,-46.2,1.27,5099.1,yes,0,-1,0.81
39,blue-collar,married,basic.6y,no,no,no,cellular,aug,thu,2,3,1,success,-2.9,92.201,-31.4,0.873,5076.2,yes,1,3,0.81
50,unknown,married,unknown,no,no,no,cellular,oct,wed,1,8,3,failure,-3.4,92.431,-26.9,0.74,5017.5,yes,1,8,0.81
25,services,single,high.school,no,yes,no,telephone,oct,thu,1,999,0,nonexistent,-0.1,93.798,-40.4,4.921,5195.8,yes,0,-1,0.81
69,retired,married,basic.6y,no,yes,no,cellular,nov,thu,3,999,0,nonexistent,-3.4,92.649,-30.1,0.716,5017.5,yes,0,-1,0.81
39,technician,divorced,university.degree,no,no,yes,telephone,oct,mon,1,999,0,nonexistent,-0.1,93.798,-40.4,5.0,5195.8,yes,0,-1,0.81
36,services,single,university.degree,no,no,no,cellular,aug,fri,6,999,0,nonexistent,-1.7,94.027,-38.3,0.898,4991.6,yes,0,-1,0.81
28,admin.,single,university.degree,no,yes,no,cellular,sep,fri,1,1,3,success,-3.4,92.379,-29.8,0.773,5017.5,yes,1,1,0.81
57,admin.,married,high.school,no,yes,no,cellular,nov,mon,1,3,3,success,-3.4,92.649,-30.1,0.715,5017.5,yes,1,3,0.81
38,technician,married,professional.course,no,yes,no,cellular,jun,tue,4,3,1,success,-2.9,92.963,-40.8,1.286,5076.2,yes,1,3,0.8098506065790997
36,management,married,university.degree,no,no,no,cellular,apr,wed,2,999,0,nonexistent,-1.8,93.075,-47.1,1.415,5099.1,yes,0,-1,0.8098068388137986
33,admin.,single,university.degree,no,no,no,cellular,oct,thu,1,999,1,failure,-3.4,92.431,-26.9,0.722,5017.5,yes,0,-1,0.8098046989967961
26,admin.,married,university.degree,no,yes,no,cellular,mar,mon,1,999,0,nonexistent,-1.8,92.843,-50.0,1.811,5099.1,yes,0,-1,0.8095725451570249
55,admin.,married,high.school,no,yes,no,cellular,mar,wed,2,999,1,failure,-1.8,93.369,-34.8,0.651,5008.7,yes,0,-1,0.8094236907578108
28,technician,single,professional.course,no,no,no,cellular,jun,wed,1,999,0,nonexistent,-2.9,92.963,-40.8,1.26,5076.2,yes,0,-1,0.8092868299077027
25,student,single,high.school,no,no,no,cellular,nov,thu,1,999,0,nonexistent,-1.1,94.767,-50.8,1.041,4963.6,yes,0,-1,0.809042859157318
30,admin.,married,university.degree,no,yes,no,cellular,apr,tue,1,999,0,nonexistent,-1.8,93.075,-47.1,1.423,5099.1,yes,0,-1,0.808918994380796
67,retired,married,professional.course,no,yes,no,cellular,apr,wed,1,999,0,nonexistent,-1.8,93.075,-47.1,1.415,5099.1,yes,0,-1,0.808836723203994
70,retired,married,unknown,no,yes,no,cellular,apr,thu,2,999,0,nonexistent,-1.8,93.075,-47.1,1.41,5099.1,yes,0,-1,0.8075
45,blue-collar,married,high.school,no,yes,yes,cellular,nov,mon,2,5,3,success,-1.1,94.767,-50.8,1.05,4963.6,yes,1,5,0.8075
34,blue-collar,married,basic.9y,no,no,yes,cellular,aug,tue,1,999,1,failure,-1.7,94.027,-38.3,0.904,4991.6,yes,0,-1,0.8075
51,technician,single,university.degree,no,no,no,cellular,jun,fri,1,999,0,nonexistent,-2.9,92.963,-40.8,1.268,5076.2,yes,0,-1,0.8075
29,technician,single,professional.course,no,no,no,cellular,nov,tue,2,1,1,success,-1.1,94.767,-50.8,1.046,4963.6,yes,1,1,0.8075
66,technician,married,professional.course,no,yes,no,cellular,mar,tue,1,999,0,nonexistent,-1.8,92.843,-50.0,1.799,5099.1,yes,0,-1,0.8075
23,student,single,basic.6y,no,no,no,cellular,jun,fri,1,14,1,success,-1.7,94.055,-39.8,0.748,4991.6,yes,1,14,0.8075
64,retired,married,basic.4y,no,yes,no,cellular,aug,wed,1,3,2,success,-2.9,92.201,-31.4,0.854,5076.2,yes,1,3,0.8075
34,self-employed,single,university.degree,no,no,yes,telephone,nov,tue,1,999,0,nonexistent,-3.4,92.649,-30.1,0.715,5017.5,yes,0,-1,0.8075
59,retired,divorced,basic.4y,no,no,yes,cellular,jul,mon,3,999,2,failure,-1.7,94.215,-40.3,0.827,4991.6,yes,0,-1,0.8075
24,unknown,single,university.degree,no,yes,yes,cellular,jun,tue,1,999,0,nonexistent,-2.9,92.963,-40.8,1.262,5076.2,yes,0,-1,0.8075
32,self-employed,single,university.degree,no,yes,no,cellular,jul,thu,1,14,1,success,-2.9,92.469,-33.6,1.072,5076.2,yes,1,14,0.8075
40,unemployed,married,professional.course,no,no,yes,telephone,sep,fri,1,999,0,nonexistent,-3.4,92.379,-29.8,0.773,5017.5,yes,0,-1,0.8075
22,services,single,professional.course,no,yes,yes,cellular,sep,tue,1,999,0,nonexistent,-3.4,92.379,-29.8,0.755,5017.5,yes,0,-1,0.8075
77,retired,married,basic.4y,no,yes,no,cellular,sep,thu,1,999,0,nonexistent,-1.1,94.199,-37.5,0.879,4963.6,yes,0,-1,0.8075
39,admin.,divorced,university.degree,no,no,yes,cellular,jul,mon,3,999,0,nonexistent,-1.7,94.215,-40.3,0.827,4991.6,yes,0,-1,0.8075
68,retired,married,university.degree,no,yes,no,cellular,jul,mon,2,999,1,failure,-1.7,94.215,-40.3,0.889,4991.6,yes,0,-1,0.8075
67,admin.,married,basic.4y,unknown,no,no,cellular,jun,tue,1,999,0,nonexistent,-2.9,92.963,-40.8,1.262,5076.2,yes,0,-1,0.8075
26,technician,single,university.degree,no,no,no,cellular,oct,wed,1,999,0,nonexistent,-1.1,94.601,-49.5,0.959,4963.6,yes,0,-1,0.8075
86,retired,married,basic.4y,no,yes,no,cellular,sep,tue,3,999,0,nonexistent,-1.1,94.199,-37.5,0.881,4963.6,yes,0,-1,0.8075
60,admin.,married,university.degree,no,yes,no,cellular,may,mon,2,999,0,nonexistent,-1.8,92.893,-46.2,1.354,5099.1,yes,0,-1,0.8075
24,student,single,unknown,no,yes,no,cellular,oct,fri,1,999,0,nonexistent,-3.4,92.431,-26.9,0.73,5017.5,yes,0,-1,0.8075
23,technician,single,university.degree,no,yes,no,cellular,oct,fri,1,999,0,nonexistent,-3.4,92.431,-26.9,0.73,5017.5,yes,0,-1,0.8075
47,self-employed,married,professional.course,no,yes,no,telephone,mar,tue,1,999,0,nonexistent,-1.8,93.369,-34.8,0.635,5008.7,yes,0,-1,0.8075
37,admin.,married,high.school,no,no,no,cellular,jun,wed,3,999,0,nonexistent,-1.7,94.055,-39.8,0.739,4991.6,yes,0,-1,0.8073008953817155
32,admin.,single,university.degree,no,yes,no,cellular,may,wed,1,999,0,nonexistent,-1.8,92.893,-46.2,1.27,5099.1,yes,0,-1,0.8072120520539963
37,entrepreneur,married,basic.6y,no,yes,no,cellular,jun,mon,1,999,0,nonexistent,-2.9,92.963,-40.8,1.266,5076.2,yes,0,-1,0.8069372754200252
31,technician,single,professional.course,no,unknown,unknown,cellular,oct,thu,2,999,0,nonexistent,-1.1,94.601,-49.5,1.025,4963.6,yes,0,-1,0.8068034358690496
34,technician,married,university.degree,no,yes,no,cellular,jun,tue,1,999,0,nonexistent,-2.9,92.963,-40.8,1.262,5076.2,yes,0,-1,0.8066521637746833
48,entrepreneur,married,university.degree,no,yes,no,cellular,apr,thu,1,999,0,nonexistent,-1.8,93.075,-47.1,1.365,5099.1,yes,0,-1,0.8065703370814366
46,admin.,single,university.degree,no,yes,no,cellular,jul,thu,1,999,0,nonexistent,-2.9,92.469,-33.6,1.072,5076.2,yes,0,-1,0.806203756477252
68,retired,married,university.degree,no,no,no,cellular,mar,wed,1,999,0,nonexistent,-1.8,92.843,-50.0,1.602,5099.1,yes,0,-1,0.806015633235904
68,retired,married,basic.4y,no,no,no,cellular,mar,thu,4,999,0,nonexistent,-1.8,92.843,-50.0,1.538,5099.1,yes,0,-1,0.8055346317104926
32,technician,single,university.degree,no,yes,no,cellular,oct,tue,1,999,0,nonexistent,-3.4,92.431,-26.9,0.728,5017.5,yes,0,-1,0.8054679896117876
30,self-employed,single,university.degree,no,no,no,cellular,apr,thu,3,999,0,nonexistent,-1.8,93.075,-47.1,1.435,5099.1,yes,0,-1,0.8053217144161127
50,admin.,married,university.degree,no,yes,no,cellular,dec,tue,3,999,0,nonexistent,-3.0,92.713,-33.0,0.708,5023.5,yes,0,-1,0.8053188915794648
24,admin.,single,university.degree,no,yes,no,cellular,mar,wed,2,999,1,failure,-1.8,93.369,-34.8,0.655,5008.7,yes,0,-1,0.8051779039313129
17,student,single,unknown,no,no,yes,cellular,oct,tue,1,2,2,success,-3.4,92.431,-26.9,0.742,5017.5,yes,1,2,0.805
58,admin.,single,university.degree,no,no,no,telephone,may,mon,3,999,0,nonexistent,1.1,93.994,-36.4,4.857,5191.0,yes,0,-1,0.805
37,technician,married,university.degree,no,yes,no,cellular,may,mon,1,3,1,success,-1.8,92.893,-46.2,1.264,5099.1,yes,1,3,0.805
33,technician,single,professional.course,no,yes,no,cellular,mar,tue,1,999,0,nonexistent,-1.8,93.369,-34.8,0.646,5008.7,yes,0,-1,0.805
61,admin.,married,high.school,no,yes,no,cellular,apr,tue,1,999,1,failure,-1.8,93.749,-34.6,0.638,5008.7,yes,0,-1,0.805
89,retired,divorced,basic.4y,no,yes,no,cellular,sep,tue,1,999,0,nonexistent,-1.1,94.199,-37.5,0.881,4963.6,yes,0,-1,0.805
74,retired,married,basic.4y,unknown,yes,no,cellular,aug,mon,2,6,1,success,-2.9,92.201,-31.4,0.843,5076.2,yes,1,6,0.805
48,technician,married,high.school,no,no,yes,cellular,oct,thu,3,999,0,nonexistent,-3.4,92.431,-26.9,0.722,5017.5,yes,0,-1,0.805
47,blue-collar,married,high.school,no,no,no,cellular,apr,thu,2,999,0,nonexistent,-1.8,93.075,-47.1,1.365,5099.1,yes,0,-1,0.805
47,blue-collar,single,basic.6y,no,no,no,cellular,apr,thu,1,999,0,nonexistent,-1.8,93.075,-47.1,1.365,5099.1,yes,0,-1,0.805
56,unknown,married,unknown,no,no,no,telephone,oct,fri,1,999,0,nonexistent,-0.1,93.798,-40.4,5.045,5195.8,yes,0,-1,0.805
71,retired,married,basic.4y,unknown,unknown,unknown,cellular,aug,tue,1,999,0,nonexistent,-2.9,92.201,-31.4,0.859,5076.2,yes,0,-1,0.805
71,retired,married,professional.course,no,yes,yes,telephone,nov,tue,1,999,0,nonexistent,-3.4,92.649,-30.1,0.72,5017.5,yes,0,-1,0.805
43,blue-collar,married,professional.course,no,yes,yes,cellular,jun,thu,1,999,0,nonexistent,-1.7,94.055,-39.8,0.729,4991.6,yes,0,-1,0.805
56,unemployed,married,basic.9y,no,no,no,cellular,may,mon,1,999,1,failure,-1.8,93.876,-40.0,0.701,5008.7,yes,0,-1,0.805
45,blue-collar,single,high.school,no,yes,yes,cellular,sep,wed,1,999,0,nonexistent,-1.1,94.199,-37.5,0.886,4963.6,yes,0,-1,0.8047155117995533
37,technician,single,university.degree,no,no,no,cellular,jun,tue,1,999,1,failure,-2.9,92.963,-40.8,1.262,5076.2,yes,0,-1,0.8046055446296104
28,admin.,single,university.degree,no,no,no,cellular,jul,thu,2,999,0,nonexistent,1.4,93.918,-42.7,4.968,5228.1,yes,0,-1,0.8045891778494852
28,admin.,single,university.degree,no,no,no,cellular,jul,thu,2,999,0,nonexistent,1.4,93.918,-42.7,4.968,5228.1,yes,0,-1,0.8045891778494852
28,admin.,single,university.degree,no,no,no,cellular,jul,thu,2,999,0,nonexistent,1.4,93.918,-42.7,4.968,5228.1,no,0,-1,0.8045891778494852
66,retired,single,basic.4y,no,yes,no,cellular,nov,tue,3,999,0,nonexistent,-3.4,92.649,-30.1,0.715,5017.5,yes,0,-1,0.8041689933961348
33,management,married,university.degree,no,yes,no,cellular,nov,fri,2,999,0,nonexistent,-1.1,94.767,-50.8,1.04,4963.6,yes,0,-1,0.8040867204442986
38,self-employed,married,professional.course,no,yes,no,cellular,apr,thu,2,999,0,nonexistent,-1.8,93.075,-47.1,1.365,5099.1,yes,0,-1,0.8030873814743238
49,technician,married,professional.course,no,no,no,cellular,apr,thu,2,999,0,nonexistent,-1.8,93.075,-47.1,1.365,5099.1,yes,0,-1,0.8030850891015081
25,technician,single,professional.course,no,yes,no,cellular,nov,fri,2,19,1,success,-1.1,94.767,-50.8,1.04,4963.6,yes,1,19,0.8025
27,student,single,basic.9y,no,yes,yes,cellular,may,mon,1,999,0,nonexistent,-1.8,93.876,-40.0,0.701,5008.7,yes,0,-1,0.8025
21,student,single,high.school,no,yes,yes,cellular,jun,wed,2,999,0,nonexistent,-1.7,94.055,-39.8,0.767,4991.6,yes,0,-1,0.8025
30,technician,single,professional.course,no,no,no,cellular,may,wed,3,999,0,nonexistent,-1.8,92.893,-46.2,1.27,5099.1,yes,0,-1,0.8025
56,technician,married,high.school,no,no,no,telephone,oct,thu,1,999,0,nonexistent,-0.1,93.798,-40.4,4.794,5195.8,yes,0,-1,0.8025
33,admin.,single,university.degree,no,no,no,cellular,mar,tue,2,999,1,failure,-1.8,92.843,-50.0,1.614,5099.1,yes,0,-1,0.8025
43,technician,married,professional.course,no,yes,no,cellular,jul,thu,1,999,0,nonexistent,-1.7,94.215,-40.3,0.884,4991.6,yes,0,-1,0.8025
44,admin.,divorced,high.school,no,yes,no,telephone,nov,mon,2,6,1,success,-3.4,92.649,-30.1,0.719,5017.5,yes,1,6,0.8025
39,admin.,married,high.school,no,no,no,cellular,aug,thu,2,4,1,success,-2.9,92.201,-31.4,0.873,5076.2,yes,1,4,0.8025
39,unemployed,married,high.school,no,no,no,cellular,aug,thu,3,999,0,nonexistent,-2.9,92.201,-31.4,0.873,5076.2,yes,0,-1,0.8025
62,retired,married,basic.4y,no,no,no,cellular,aug,mon,1,9,2,failure,-1.7,94.027,-38.3,0.898,4991.6,yes,1,9,0.8025
60,retired,divorced,basic.4y,no,no,no,cellular,apr,tue,4,999,0,nonexistent,-1.8,93.075,-47.1,1.453,5099.1,yes,0,-1,0.8025
35,admin.,married,university.degree,no,yes,no,telephone,jul,fri,1,999,2,failure,-1.7,94.215,-40.3,0.896,4991.6,yes,0,-1,0.8025
29,blue-collar,divorced,basic.4y,no,no,no,cellular,may,fri,3,999,0,nonexistent,-1.8,92.893,-46.2,1.25,5099.1,yes,0,-1,0.8025
38,admin.,married,high.school,no,yes,no,cellular,aug,mon,1,6,2,failure,-2.9,92.201,-31.4,0.821,5076.2,yes,1,6,0.8025
27,student,single,high.school,no,yes,yes,cellular,may,tue,1,999,0,nonexistent,-1.8,92.893,-46.2,1.266,5099.1,yes,0,-1,0.8025
37,admin.,married,university.degree,no,yes,no,cellular,apr,wed,1,999,0,nonexistent,-1.8,93.075,-47.1,1.415,5099.1,yes,0,-1,0.8025
32,services,single,high.school,no,yes,yes,cellular,aug,wed,1,4,2,success,-2.9,92.201,-31.4,0.884,5076.2,yes,1,4,0.8025
23,student,single,basic.9y,no,yes,yes,cellular,sep,mon,3,6,2,success,-1.1,94.199,-37.5,0.879,4963.6,yes,1,6,0.8025
29,technician,single,professional.course,no,yes,yes,cellular,mar,thu,2,13,1,success,-1.8,93.369,-34.8,0.643,5008.7,yes,1,13,0.8025
43,admin.,married,high.school,no,no,yes,cellular,dec,mon,2,8,2,failure,-3.0,92.713,-33.0,0.717,5023.5,yes,1,8,0.8025
58,housemaid,single,professional.course,no,no,yes,cellular,apr,thu,1,999,0,nonexistent,-1.8,93.749,-34.6,0.64,5008.7,yes,0,-1,0.8023522756492671
54,blue-collar,married,high.school,no,no,no,cellular,dec,mon,1,999,0,nonexistent,-3.0,92.713,-33.0,0.717,5023.5,yes,0,-1,0.8023497542017347
31,blue-collar,married,basic.9y,no,yes,no,cellular,may,mon,1,999,1,failure,-1.8,92.893,-46.2,1.299,5099.1,yes,0,-1,0.8023049508302325
29,student,single,high.school,no,yes,no,cellular,jul,thu,2,999,0,nonexistent,-2.9,92.469,-33.6,1.018,5076.2,yes,0,-1,0.8022226133825385
28,admin.,single,high.school,no,no,no,cellular,apr,thu,1,999,0,nonexistent,-1.8,93.075,-47.1,1.365,5099.1,yes,0,-1,0.802218182480334
51,technician,married,professional.course,no,yes,no,cellular,aug,thu,3,999,0,nonexistent,-1.7,94.027,-38.3,0.899,4991.6,yes,0,-1,0.8012007955747148
28,technician,single,professional.course,no,yes,no,cellular,nov,wed,1,999,1,failure,-3.4,92.649,-30.1,0.716,5017.5,yes,0,-1,0.8008513075554267
26,student,single,professional.course,no,yes,no,cellular,aug,tue,2,999,1,failure,-2.9,92.201,-31.4,0.883,5076.2,yes,0,-1,0.8
36,management,married,university.degree,no,unknown,unknown,cellular,sep,wed,1,6,4,failure,-1.1,94.199,-37.5,0.876,4963.6,yes,1,6,0.8
53,admin.,divorced,university.degree,no,yes,no,cellular,may,mon,1,999,0,nonexistent,-1.8,92.893,-46.2,1.354,5099.1,yes,0,-1,0.8
55,retired,married,basic.4y,no,yes,no,cellular,aug,fri,1,3,1,success,-2.9,92.201,-31.4,0.869,5076.2,yes,1,3,0.8
35,admin.,single,university.degree,no,no,no,cellular,jul,fri,5,4,1,success,-1.7,94.215,-40.3,0.79,4991.6,yes,1,4,0.8
34,unemployed,single,university.degree,no,yes,no,cellular,jun,tue,2,999,0,nonexistent,-1.7,94.055,-39.8,0.761,4991.6,yes,0,-1,0.8
36,technician,married,university.degree,no,yes,no,cellular,jun,mon,1,999,0,nonexistent,-2.9,92.963,-40.8,1.266,5076.2,yes,0,-1,0.8
56,blue-collar,divorced,basic.4y,no,no,no,cellular,nov,thu,1,999,0,nonexistent,-3.4,92.649,-30.1,0.714,5017.5,yes,0,-1,0.8
18,student,single,basic.4y,no,yes,no,telephone,nov,tue,1,13,2,success,-1.1,94.767,-50.8,1.049,4963.6,yes,1,13,0.8
27,blue-collar,single,high.school,no,no,no,cellular,nov,tue,2,8,2,failure,-3.4,92.649,-30.1,0.715,5017.5,yes,1,8,0.8
36,services,married,high.school,no,yes,yes,cellular,sep,wed,3,999,0,nonexistent,-3.4,92.379,-29.8,0.781,5017.5,yes,0,-1,0.8
37,self-employed,married,professional.course,no,yes,yes,cellular,nov,mon,1,5,1,success,-3.4,92.649,-30.1,0.722,5017.5,yes,1,5,0.8
56,housemaid,divorced,professional.course,no,yes,no,cellular,nov,tue,1,7,2,failure,-3.4,92.649,-30.1,0.72,5017.5,yes,1,7,0.8
37,technician,married,professional.course,no,no,no,cellular,aug,wed,3,4,2,success,-2.9,92.201,-31.4,0.884,5076.2,yes,1,4,0.8
31,unknown,single,high.school,no,no,no,cellular,may,mon,1,999,0,nonexistent,-1.8,93.876,-40.0,0.701,5008.7,yes,0,-1,0.7997452092227355
41,admin.,married,university.degree,no,no,no,cellular,dec,thu,1,999,0,nonexistent,-3.0,92.713,-33.0,0.707,5023.5,yes,0,-1,0.7994955249945427
26,unemployed,single,university.degree,no,yes,no,cellular,apr,thu,1,999,0,nonexistent,-1.8,93.749,-34.6,0.64,5008.7,yes,0,-1,0.7994929749541845
29,admin.,single,university.degree,no,no,yes,cellular,jun,thu,4,999,0,nonexistent,-2.9,92.963,-40.8,1.235,5076.2,yes,0,-1,0.7994401888899679
32,admin.,married,university.degree,no,no,no,cellular,jun,tue,1,999,0,nonexistent,-2.9,92.963,-40.8,1.262,5076.2,yes,0,-1,0.79775683327661
60,housemaid,married,basic.4y,no,yes,no,cellular,jun,tue,3,999,1,failure,-1.7,94.055,-39.8,0.723,4991.6,yes,0,-1,0.7975
31,services,married,high.school,no,no,no,cellular,jun,wed,4,999,0,nonexistent,-2.9,92.963,-40.8,1.26,5076.2,yes,0,-1,0.7975
24,unemployed,single,high.school,no,yes,no,cellular,may,mon,1,13,2,failure,-1.8,93.876,-40.0,0.697,5008.7,yes,1,13,0.7975
33,services,married,high.school,no,yes,no,cellular,oct,thu,3,999,0,nonexistent,-3.4,92.431,-26.9,0.733,5017.5,yes,0,-1,0.7975
65,management,married,university.degree,no,yes,no,cellular,jul,mon,1,999,2,failure,-1.7,94.215,-40.3,0.889,4991.6,yes,0,-1,0.7975
36,self-employed,single,university.degree,no,no,no,cellular,oct,fri,1,999,0,nonexistent,-3.4,92.431,-26.9,0.72,5017.5,yes,0,-1,0.7975
59,blue-collar,married,basic.4y,no,yes,no,cellular,mar,mon,2,999,0,nonexistent,-1.8,93.369,-34.8,0.652,5008.7,yes,0,-1,0.7975
34,admin.,married,professional.course,no,yes,no,cellular,mar,thu,3,999,1,failure,-1.8,93.369,-34.8,0.654,5008.7,yes,0,-1,0.7975
25,student,single,university.degree,no,yes,yes,cellular,jun,thu,2,999,0,nonexistent,-2.9,92.963,-40.8,1.235,5076.2,yes,0,-1,0.7975
29,technician,single,professional.course,no,unknown,unknown,cellular,sep,fri,1,3,2,success,-1.1,94.199,-37.5,0.878,4963.6,yes,1,3,0.7975
25,technician,single,professional.course,no,yes,no,cellular,nov,wed,1,999,0,nonexistent,-3.4,92.649,-30.1,0.716,5017.5,yes,0,-1,0.7975
70,technician,married,unknown,no,no,no,cellular,aug,thu,1,999,0,nonexistent,-1.7,94.027,-38.3,0.899,4991.6,yes,0,-1,0.7975
60,retired,married,high.school,no,yes,no,cellular,aug,tue,2,999,2,failure,-1.7,94.027,-38.3,0.886,4991.6,yes,0,-1,0.7975
32,admin.,single,university.degree,no,yes,no,telephone,oct,thu,3,999,0,nonexistent,-3.4,92.431,-26.9,0.722,5017.5,yes,0,-1,0.7975
35,services,single,high.school,no,yes,no,telephone,mar,tue,3,999,0,nonexistent,-1.8,93.369,-34.8,0.655,5008.7,yes,0,-1,0.7975
58,retired,divorced,professional.course,no,no,no,cellular,apr,thu,1,999,0,nonexistent,-1.8,93.075,-47.1,1.365,5099.1,yes,0,-1,0.7975
51,retired,divorced,high.school,no,no,no,cellular,jul,wed,3,999,0,nonexistent,-1.7,94.215,-40.3,0.896,4991.6,yes,0,-1,0.7975
37,admin.,married,university.degree,no,no,yes,cellular,sep,thu,1,999,0,nonexistent,-1.1,94.199,-37.5,0.879,4963.6,yes,0,-1,0.7975
31,admin.,single,university.degree,no,yes,no,cellular,jul,mon,4,999,0,nonexistent,-2.9,92.469,-33.6,1.048,5076.2,yes,0,-1,0.7975
31,admin.,married,university.degree,no,no,no,cellular,aug,fri,3,999,0,nonexistent,-2.9,92.201,-31.4,0.869,5076.2,yes,0,-1,0.7975
79,retired,married,basic.9y,no,no,no,cellular,sep,tue,1,999,1,failure,-3.4,92.379,-29.8,0.819,5017.5,yes,0,-1,0.7972178789938817
48,unemployed,married,professional.course,no,yes,no,cellular,sep,mon,2,999,0,nonexistent,-1.1,94.199,-37.5,0.879,4963.6,yes,0,-1,0.7972164829562008
58,retired,single,professional.course,no,yes,no,cellular,apr,wed,3,999,0,nonexistent,-1.8,93.075,-47.1,1.405,5099.1,yes,0,-1,0.7970705040496793
45,admin.,single,university.degree,no,yes,no,cellular,jun,thu,1,999,0,nonexistent,-2.9,92.963,-40.8,1.26,5076.2,yes,0,-1,0.796930052442459
81,retired,divorced,basic.4y,no,yes,no,cellular,dec,fri,3,999,0,nonexistent,-3.0,92.713,-33.0,0.714,5023.5,yes,0,-1,0.7968469409355514
28,technician,single,university.degree,no,no,no,cellular,mar,mon,4,999,0,nonexistent,-1.8,92.843,-50.0,1.629,5099.1,yes,0,-1,0.7967039787233561
37,unemployed,married,university.degree,no,yes,no,cellular,mar,tue,1,999,0,nonexistent,-1.8,92.843,-50.0,1.614,5099.1,yes,0,-1,0.7959233326869188
69,retired,divorced,university.degree,no,yes,no,cellular,apr,tue,2,999,0,nonexistent,-1.8,93.075,-47.1,1.423,5099.1,yes,0,-1,0.7956887715069169
31,blue-collar,married,basic.9y,no,yes,no,telephone,nov,fri,1,999,0,nonexistent,-0.1,93.2,-42.0,4.474,5195.8,yes,0,-1,0.795
47,admin.,married,high.school,no,yes,no,cellular,oct,fri,1,999,1,failure,-1.1,94.601,-49.5,0.972,4963.6,yes,0,-1,0.795
42,admin.,married,university.degree,no,yes,no,cellular,aug,tue,1,4,1,success,-2.9,92.201,-31.4,0.884,5076.2,yes,1,4,0.795
39,services,single,high.school,no,yes,no,cellular,aug,fri,6,999,0,nonexistent,-1.7,94.027,-38.3,0.898,4991.6,yes,0,-1,0.795
43,blue-collar,married,basic.6y,no,yes,no,cellular,jun,mon,4,999,1,failure,-2.9,92.963,-40.8,1.281,5076.2,yes,0,-1,0.795
69,retired,divorced,professional.course,no,no,no,cellular,jun,fri,6,12,2,failure,-1.7,94.055,-39.8,0.748,4991.6,yes,1,12,0.795
36,services,married,basic.9y,no,yes,no,cellular,aug,fri,1,4,1,success,-2.9,92.201,-31.4,0.881,5076.2,yes,1,4,0.795
19,student,single,basic.6y,no,no,no,cellular,mar,tue,1,999,0,nonexistent,-1.8,92.843,-50.0,1.556,5099.1,yes,0,-1,0.795
41,admin.,single,university.degree,no,yes,no,cellular,jun,mon,1,999,0,nonexistent,-2.9,92.963,-40.8,1.26,5076.2,yes,0,-1,0.795
41,admin.,single,high.school,no,unknown,unknown,cellular,apr,thu,2,999,0,nonexistent,-1.8,93.075,-47.1,1.365,5099.1,yes,0,-1,0.795
63,management,married,basic.4y,unknown,yes,no,cellular,nov,tue,4,999,2,failure,-3.4,92.649,-30.1,0.715,5017.5,yes,0,-1,0.795
51,admin.,married,university.degree,no,no,yes,cellular,jul,fri,1,999,0,nonexistent,-1.7,94.215,-40.3,0.861,4991.6,yes,0,-1,0.795
35,technician,married,professional.course,no,yes,yes,cellular,oct,wed,1,9,2,failure,-1.1,94.601,-49.5,0.959,4963.6,yes,1,9,0.795
22,student,single,high.school,unknown,yes,yes,telephone,may,thu,2,1,1,success,-1.8,93.876,-40.0,0.699,5008.7,yes,1,1,0.795
60,admin.,married,university.degree,no,yes,no,cellular,may,mon,2,11,1,success,-1.8,92.893,-46.2,1.354,5099.1,yes,1,11,0.795
64,housemaid,married,basic.4y,no,yes,yes,cellular,dec,thu,5,999,0,nonexistent,-3.0,92.713,-33.0,0.714,5023.5,yes,0,-1,0.795
31,blue-collar,married,basic.6y,no,yes,no,telephone,oct,tue,1,999,0,nonexistent,-0.1,93.798,-40.4,4.86,5195.8,yes,0,-1,0.795
27,admin.,single,unknown,no,yes,no,telephone,jul,tue,1,999,0,nonexistent,-2.9,92.469,-33.6,1.044,5076.2,yes,0,-1,0.795
30,blue-collar,single,high.school,no,unknown,unknown,cellular,nov,mon,5,999,0,nonexistent,-3.4,92.649,-30.1,0.714,5017.5,yes,0,-1,0.795
51,admin.,married,university.degree,no,yes,no,cellular,jul,fri,5,999,0,nonexistent,-2.9,92.469,-33.6,0.921,5076.2,yes,0,-1,0.795
35,entrepreneur,married,high.school,no,no,no,cellular,jul,wed,4,999,0,nonexistent,-2.9,92.469,-33.6,0.933,5076.2,yes,0,-1,0.795
58,blue-collar,married,basic.4y,unknown,yes,no,telephone,jun,fri,2,999,0,nonexistent,1.4,94.465,-41.8,4.959,5228.1,yes,0,-1,0.795
26,technician,single,professional.course,no,no,yes,cellular,nov,wed,1,9,2,failure,-3.4,92.649,-30.1,0.719,5017.5,yes,1,9,0.795
59,technician,married,professional.course,no,no,no,cellular,jun,thu,4,999,1,failure,-1.7,94.055,-39.8,0.742,4991.6,yes,0,-1,0.795
42,unemployed,married,unknown,no,yes,yes,cellular,aug,thu,4,4,2,success,-2.9,92.201,-31.4,0.883,5076.2,yes,1,4,0.795
35,admin.,divorced,high.school,no,yes,no,telephone,apr,thu,3,999,1,failure,-1.8,93.749,-34.6,0.635,5008.7,yes,0,-1,0.795
33,admin.,single,university.degree,no,no,no,cellular,oct,thu,5,999,1,failure,-3.4,92.431,-26.9,0.74,5017.5,yes,0,-1,0.795
31,admin.,married,professional.course,no,no,no,cellular,aug,mon,2,999,0,nonexistent,-1.7,94.027,-38.3,0.896,4991.6,yes,0,-1,0.795
72,retired,married,basic.4y,no,yes,no,cellular,may,wed,4,999,0,nonexistent,-1.8,93.876,-40.0,0.672,5008.7,yes,0,-1,0.795
31,student,single,high.school,no,yes,no,cellular,oct,fri,3,999,0,nonexistent,-1.1,94.601,-49.5,1.029,4963.6,yes,0,-1,0.7944937592738064
28,technician,single,professional.course,no,no,no,cellular,may,fri,1,3,1,success,-1.8,92.893,-46.2,1.259,5099.1,yes,1,3,0.7937724778780766
30,self-employed,single,university.degree,no,yes,no,cellular,apr,thu,2,999,0,nonexistent,-1.8,93.075,-47.1,1.435,5099.1,yes,0,-1,0.7937369177105257
39,admin.,single,high.school,no,yes,no,cellular,oct,tue,1,999,0,nonexistent,-3.4,92.431,-26.9,0.737,5017.5,yes,0,-1,0.7930994033580765
30,technician,single,professional.course,no,no,no,cellular,sep,tue,2,999,1,failure,-1.1,94.199,-37.5,0.877,4963.6,yes,0,-1,0.7925
66,retired,married,basic.4y,unknown,yes,no,cellular,aug,tue,2,999,0,nonexistent,-2.9,92.201,-31.4,0.838,5076.2,yes,0,-1,0.7925
48,management,married,university.degree,no,yes,yes,cellular,nov,tue,2,999,0,nonexistent,-3.4,92.649,-30.1,0.715,5017.5,yes,0,-1,0.7925
31,student,single,unknown,no,yes,no,cellular,aug,mon,3,18,3,failure,-1.7,94.027,-38.3,0.898,4991.6,yes,1,18,0.7925
35,services,married,high.school,no,yes,no,cellular,apr,thu,1,5,1,success,-1.8,93.075,-47.1,1.365,5099.1,yes,1,5,0.7925
76,retired,married,university.degree,no,no,no,cellular,aug,fri,2,999,0,nonexistent,-2.9,92.201,-31.4,0.881,5076.2,yes,0,-1,0.7925
51,admin.,married,university.degree,no,no,no,cellular,jun,mon,4,999,0,nonexistent,-1.7,94.055,-39.8,0.754,4991.6,yes,0,-1,0.7925
30,technician,single,university.degree,no,yes,no,cellular,sep,fri,2,15,4,failure,-1.1,94.199,-37.5,0.879,4963.6,yes,1,15,0.7925
29,admin.,single,high.school,no,yes,no,cellular,jun,mon,1,999,0,nonexistent,-2.9,92.963,-40.8,1.266,5076.2,yes,0,-1,0.7925
29,admin.,married,high.school,no,no,no,cellular,jun,wed,1,999,0,nonexistent,-2.9,92.963,-40.8,1.26,5076.2,yes,0,-1,0.7925
44,self-employed,divorced,professional.course,no,yes,no,cellular,jun,thu,1,999,0,nonexistent,-1.7,94.055,-39.8,0.742,4991.6,yes,0,-1,0.7925
21,student,single,university.degree,no,no,no,cellular,jun,fri,2,999,0,nonexistent,-2.9,92.963,-40.8,1.268,5076.2,yes,0,-1,0.7925
56,admin.,married,basic.9y,no,no,no,cellular,aug,wed,2,4,1,success,-2.9,92.201,-31.4,0.879,5076.2,yes,1,4,0.7925
29,blue-collar,single,professional.course,no,no,yes,cellular,mar,tue,2,999,1,failure,-1.8,93.369,-34.8,0.652,5008.7,yes,0,-1,0.7925
65,retired,married,basic.4y,no,unknown,unknown,cellular,apr,tue,1,999,0,nonexistent,-1.8,93.075,-47.1,1.405,5099.1,yes,0,-1,0.7925
38,services,single,high.school,no,no,no,cellular,sep,fri,2,999,0,nonexistent,-1.1,94.199,-37.5,0.878,4963.6,yes,0,-1,0.7925
48,admin.,single,university.degree,no,yes,no,cellular,jul,fri,2,3,1,success,-1.7,94.215,-40.3,0.79,4991.6,yes,1,3,0.7925
33,admin.,single,university.degree,no,yes,no,cellular,oct,mon,1,5,2,success,-1.1,94.601,-49.5,1.032,4963.6,yes,1,5,0.7925
71,retired,married,basic.4y,no,yes,no,cellular,aug,fri,1,999,0,nonexistent,-2.9,92.201,-31.4,0.869,5076.2,yes,0,-1,0.7925
21,services,single,professional.course,no,yes,yes,cellular,jun,thu,1,999,0,nonexistent,-2.9,92.963,-40.8,1.26,5076.2,yes,0,-1,0.7925
27,services,single,high.school,no,unknown,unknown,cellular,jul,fri,1,999,1,failure,-1.7,94.215,-40.3,0.79,4991.6,yes,0,-1,0.7925
21,student,single,university.degree,no,yes,no,cellular,dec,fri,3,6,1,success,-3.0,92.713,-33.0,0.71,5023.5,yes,1,6,0.7925
28,services,married,basic.9y,no,yes,no,cellular,oct,fri,1,2,1,success,-3.4,92.431,-26.9,0.739,5017.5,yes,1,2,0.7925
34,unemployed,single,university.degree,no,no,no,cellular,jun,tue,1,999,0,nonexistent,-1.7,94.055,-39.8,0.761,4991.6,yes,0,-1,0.7925
31,student,single,university.degree,no,no,no,cellular,oct,wed,1,999,0,nonexistent,-1.1,94.601,-49.5,1.043,4963.6,yes,0,-1,0.7925
48,admin.,divorced,university.degree,no,yes,no,cellular,jul,fri,2,999,0,nonexistent,-2.9,92.469,-33.6,1.059,5076.2,yes,0,-1,0.7922803860931497
55,management,married,university.degree,no,no,yes,cellular,jul,wed,2,3,1,success,-2.9,92.469,-33.6,1.085,5076.2,yes,1,3,0.7922221885015053
71,retired,married,basic.4y,no,yes,no,cellular,sep,tue,1,999,0,nonexistent,-3.4,92.379,-29.8,0.788,5017.5,yes,0,-1,0.7920674810425874
33,admin.,single,university.degree,no,yes,no,cellular,jul,fri,2,999,0,nonexistent,1.4,93.918,-42.7,4.963,5228.1,yes,0,-1,0.7920475249992949
62,retired,married,university.degree,unknown,no,no,cellular,oct,fri,2,999,0,nonexistent,-3.4,92.431,-26.9,0.739,5017.5,yes,0,-1,0.7919174148290792
24,student,single,high.school,no,yes,no,cellular,dec,thu,3,999,0,nonexistent,-3.0,92.713,-33.0,0.712,5023.5,yes,0,-1,0.7918372873742888
44,technician,married,professional.course,no,no,no,cellular,nov,fri,1,999,0,nonexistent,-1.1,94.767,-50.8,1.028,4963.6,yes,0,-1,0.7911395027104733
77,retired,divorced,unknown,no,yes,no,cellular,mar,tue,1,999,0,nonexistent,-1.8,92.843,-50.0,1.614,5099.1,yes,0,-1,0.7908182446255256
32,admin.,single,university.degree,no,no,no,cellular,aug,tue,1,999,0,nonexistent,1.4,93.444,-36.1,4.966,5228.1,yes,0,-1,0.7907550041553418
35,blue-collar,married,basic.9y,unknown,no,no,cellular,jul,thu,1,999,0,nonexistent,1.4,93.918,-42.7,4.968,5228.1,yes,0,-1,0.79
24,technician,single,university.degree,no,yes,yes,cellular,nov,tue,3,6,3,failure,-1.1,94.767,-50.8,1.049,4963.6,yes,1,6,0.79
49,unemployed,married,professional.course,no,yes,no,telephone,nov,thu,1,999,0,nonexistent,-3.4,92.649,-30.1,0.714,5017.5,yes,0,-1,0.79
25,admin.,married,unknown,no,no,no,cellular,nov,thu,1,999,1,failure,-3.4,92.649,-30.1,0.714,5017.5,yes,0,-1,0.79
82,housemaid,divorced,basic.4y,no,unknown,unknown,cellular,apr,tue,6,999,0,nonexistent,-1.8,93.749,-34.6,0.638,5008.7,yes,0,-1,0.79
23,technician,married,professional.course,no,yes,no,cellular,aug,mon,1,3,2,success,-2.9,92.201,-31.4,0.861,5076.2,yes,1,3,0.79
54,admin.,married,university.degree,no,yes,no,cellular,nov,fri,2,999,0,nonexistent,-3.4,92.649,-30.1,0.716,5017.5,yes,0,-1,0.79
44,admin.,married,university.degree,no,yes,no,cellular,oct,mon,1,999,0,nonexistent,-1.1,94.601,-49.5,1.0,4963.6,yes,0,-1,0.79
39,management,married,university.degree,no,no,no,telephone,apr,tue,1,999,2,failure,-1.8,93.749,-34.6,0.646,5008.7,yes,0,-1,0.79
27,admin.,single,university.degree,no,yes,no,cellular,jun,fri,2,999,1,failure,-1.7,94.055,-39.8,0.748,4991.6,yes,0,-1,0.79
32,admin.,single,high.school,no,no,no,cellular,nov,tue,1,999,1,failure,-3.4,92.649,-30.1,0.72,5017.5,yes,0,-1,0.79
30,student,single,university.degree,no,no,no,cellular,jul,tue,2,13,2,failure,-2.9,92.469,-33.6,0.908,5076.2,yes,1,13,0.79
57,retired,married,high.school,no,yes,no,cellular,apr,thu,2,999,0,nonexistent,-1.8,93.749,-34.6,0.644,5008.7,yes,0,-1,0.79
35,admin.,married,university.degree,no,yes,no,cellular,apr,mon,1,999,0,nonexistent,-1.8,93.749,-34.6,0.642,5008.7,yes,0,-1,0.79
35,admin.,married,university.degree,no,yes,no,cellular,jul,wed,2,999,1,failure,-1.7,94.215,-40.3,0.84,4991.6,yes,0,-1,0.79
60,housemaid,married,basic.4y,no,yes,no,cellular,jul,thu,2,5,2,success,-2.9,92.469,-33.6,1.072,5076.2,yes,1,5,0.79
22,student,single,high.school,no,yes,yes,cellular,may,mon,3,999,0,nonexistent,-1.8,92.893,-46.2,1.354,5099.1,yes,0,-1,0.79
38,unemployed,single,high.school,no,yes,no,cellular,dec,fri,4,6,1,success,-3.0,92.713,-33.0,0.71,5023.5,yes,1,6,0.79
30,student,single,professional.course,no,yes,no,cellular,jul,wed,4,999,2,failure,-1.7,94.215,-40.3,0.84,4991.6,yes,0,-1,0.79
36,management,married,university.degree,no,no,no,cellular,jun,thu,1,999,0,nonexistent,-2.9,92.963,-40.8,1.26,5076.2,yes,0,-1,0.7898495495495496
29,admin.,married,university.degree,no,yes,no,cellular,jun,tue,1,999,0,nonexistent,-1.7,94.055,-39.8,0.702,4991.6,yes,0,-1,0.7897194571234339
25,unemployed,single,university.degree,no,yes,no,cellular,apr,thu,2,999,0,nonexistent,-1.8,93.075,-47.1,1.365,5099.1,yes,0,-1,0.7897047149913097
33,admin.,single,high.school,no,no,no,cellular,apr,thu,3,999,0,nonexistent,-1.8,93.075,-47.1,1.365,5099.1,yes,0,-1,0.7894916030534351
27,admin.,single,university.degree,no,yes,no,cellular,sep,tue,2,999,0,nonexistent,-3.4,92.379,-29.8,0.77,5017.5,yes,0,-1,0.789490902519573
71,retired,married,professional.course,no,no,no,cellular,oct,tue,1,999,0,nonexistent,-1.1,94.601,-49.5,0.982,4963.6,yes,0,-1,0.7894466228027581
27,admin.,single,university.degree,no,no,no,cellular,oct,mon,1,999,0,nonexistent,-1.1,94.601,-49.5,0.977,4963.6,yes,0,-1,0.7893004974865877
31,self-employed,single,university.degree,no,no,no,cellular,dec,wed,1,999,0,nonexistent,-3.0,92.713,-33.0,0.715,5023.5,yes,0,-1,0.7885637131089317
41,management,married,basic.6y,no,no,no,cellular,apr,thu,1,999,0,nonexistent,-1.8,93.075,-47.1,1.365,5099.1,yes,0,-1,0.7876075241685669
51,unemployed,married,basic.6y,no,no,no,cellular,jun,thu,2,999,1,failure,-2.9,92.963,-40.8,1.26,5076.2,yes,0,-1,0.7875
30,blue-collar,single,high.school,no,no,no,cellular,nov,mon,1,999,0,nonexistent,-3.4,92.649,-30.1,0.714,5017.5,yes,0,-1,0.7875
32,unemployed,single,professional.course,no,yes,yes,cellular,jun,wed,1,999,0,nonexistent,-1.7,94.055,-39.8,0.704,4991.6,yes,0,-1,0.7875
37,admin.,married,university.degree,no,yes,no,cellular,sep,wed,2,999,0,nonexistent,-3.4,92.379,-29.8,0.813,5017.5,yes,0,-1,0.7875
52,services,married,high.school,unknown,yes,no,cellular,mar,thu,2,11,3,failure,-1.8,93.369,-34.8,0.654,5008.7,yes,1,11,0.7875
28,technician,single,professional.course,no,yes,yes,cellular,jun,fri,1,3,1,success,-2.9,92.963,-40.8,1.268,5076.2,yes,1,3,0.7875
33,self-employed,single,university.degree,no,yes,no,cellular,mar,mon,2,999,0,nonexistent,-1.8,93.369,-34.8,0.652,5008.7,yes,0,-1,0.7875
56,management,divorced,unknown,no,yes,no,cellular,nov,thu,7,999,0,nonexistent,-3.4,92.649,-30.1,0.714,5017.5,yes,0,-1,0.7875
53,technician,married,professional.course,no,yes,yes,cellular,sep,fri,1,999,1,failure,-3.4,92.379,-29.8,0.803,5017.5,yes,0,-1,0.7875
31,technician,single,university.degree,no,no,no,cellular,nov,wed,1,999,0,nonexistent,-3.4,92.649,-30.1,0.716,5017.5,yes,0,-1,0.7875
19,student,single,unknown,no,yes,no,cellular,nov,mon,1,999,1,failure,-3.4,92.649,-30.1,0.714,5017.5,yes,0,-1,0.7875
29,student,single,university.degree,no,yes,no,cellular,may,mon,1,999,1,failure,-1.8,93.876,-40.0,0.685,5008.7,yes,0,-1,0.7875
32,admin.,single,university.degree,no,yes,no,telephone,nov,fri,1,999,0,nonexistent,-3.4,92.649,-30.1,0.714,5017.5,yes,0,-1,0.7875
64,retired,married,professional.course,no,no,no,cellular,aug,tue,1,999,0,nonexistent,-1.7,94.027,-38.3,0.899,4991.6,yes,0,-1,0.7875
33,admin.,married,university.degree,no,no,no,cellular,sep,mon,3,999,0,nonexistent,-1.1,94.199,-37.5,0.882,4963.6,yes,0,-1,0.7875
44,admin.,divorced,high.school,no,yes,no,telephone,oct,tue,1,999,0,nonexistent,-0.1,93.798,-40.4,4.968,5195.8,yes,0,-1,0.7875
43,technician,married,professional.course,no,no,no,cellular,may,thu,1,999,1,failure,-1.8,93.876,-40.0,0.699,5008.7,yes,0,-1,0.7875
51,admin.,divorced,high.school,no,yes,no,cellular,aug,tue,1,6,1,success,-2.9,92.201,-31.4,0.838,5076.2,yes,1,6,0.7875
62,technician,married,unknown,no,yes,no,cellular,mar,mon,1,6,1,success,-1.8,93.369,-34.8,0.646,5008.7,yes,1,6,0.7875
82,retired,married,professional.course,no,yes,no,telephone,mar,mon,2,999,0,nonexistent,-1.8,93.369,-34.8,0.646,5008.7,yes,0,-1,0.7875
72,retired,married,basic.6y,no,yes,no,cellular,jul,wed,1,999,0,nonexistent,-1.7,94.215,-40.3,0.881,4991.6,yes,0,-1,0.7875
70,retired,married,professional.course,no,yes,no,cellular,aug,fri,4,999,0,nonexistent,-2.9,92.201,-31.4,0.869,5076.2,yes,0,-1,0.7875
58,retired,married,basic.4y,no,yes,no,cellular,nov,wed,1,999,2,failure,-3.4,92.649,-30.1,0.716,5017.5,yes,0,-1,0.7875
45,unknown,unknown,unknown,no,yes,yes,cellular,jul,wed,1,999,0,nonexistent,1.4,93.918,-42.7,4.957,5228.1,yes,0,-1,0.7875
27,blue-collar,single,high.school,no,yes,no,cellular,oct,tue,3,999,1,failure,-1.1,94.601,-49.5,0.982,4963.6,yes,0,-1,0.7875
37,admin.,married,high.school,no,unknown,unknown,cellular,jul,thu,1,999,1,failure,-1.7,94.215,-40.3,0.81,4991.6,yes,0,-1,0.7875
33,technician,single,university.degree,no,yes,no,cellular,sep,thu,1,999,0,nonexistent,-1.1,94.199,-37.5,0.879,4963.6,yes,0,-1,0.7875
38,admin.,single,university.degree,no,yes,no,cellular,apr,thu,1,999,0,nonexistent,-1.8,93.075,-47.1,1.365,5099.1,yes,0,-1,0.7875
61,admin.,married,university.degree,no,yes,yes,cellular,apr,thu,5,999,0,nonexistent,-1.8,93.075,-47.1,1.406,5099.1,yes,0,-1,0.7873074062245231
47,management,married,basic.9y,no,yes,no,cellular,jun,tue,3,999,1,failure,-2.9,92.963,-40.8,1.262,5076.2,yes,0,-1,0.7872169685345247
68,retired,married,high.school,no,no,no,cellular,nov,mon,2,999,1,failure,-3.4,92.649,-30.1,0.714,5017.5,yes,0,-1,0.7871026038972236
27,housemaid,married,high.school,no,yes,no,cellular,mar,fri,1,999,0,nonexistent,-1.8,92.843,-50.0,1.531,5099.1,yes,0,-1,0.7870690560688135
49,management,married,university.degree,no,no,no,cellular,apr,wed,1,999,0,nonexistent,-1.8,93.075,-47.1,1.415,5099.1,yes,0,-1,0.7870302412611133
33,admin.,single,high.school,no,yes,no,cellular,apr,wed,3,999,0,nonexistent,-1.8,93.075,-47.1,1.372,5099.1,yes,0,-1,0.7869916030534351
31,entrepreneur,unknown,university.degree,no,no,no,cellular,oct,thu,1,999,0,nonexistent,-3.4,92.431,-26.9,0.722,5017.5,yes,0,-1,0.7869865147488128
46,entrepreneur,married,university.degree,no,yes,no,cellular,jul,thu,1,999,0,nonexistent,-2.9,92.469,-33.6,1.072,5076.2,yes,0,-1,0.7866413451871006
37,housemaid,single,university.degree,no,no,no,cellular,oct,tue,3,999,0,nonexistent,-3.4,92.431,-26.9,0.744,5017.5,yes,0,-1,0.7866245211594665
19,student,single,basic.9y,no,yes,no,cellular,mar,fri,4,999,0,nonexistent,-1.8,92.843,-50.0,1.64,5099.1,yes,0,-1,0.7865045932591024
35,student,single,university.degree,no,yes,no,cellular,oct,tue,2,999,0,nonexistent,-3.4,92.431,-26.9,0.742,5017.5,yes,0,-1,0.7856581013524382
38,technician,married,university.degree,no,yes,no,cellular,mar,tue,1,999,0,nonexistent,-1.8,92.843,-50.0,1.687,5099.1,yes,0,-1,0.7855039346967406
30,admin.,married,university.degree,no,yes,yes,cellular,apr,thu,2,999,0,nonexistent,-1.8,93.075,-47.1,1.483,5099.1,yes,0,-1,0.7853187060218331
31,technician,single,basic.9y,no,yes,no,cellular,may,thu,1,11,1,success,-1.8,92.893,-46.2,1.266,5099.1,yes,1,11,0.785
26,student,single,professional.course,no,yes,no,cellular,aug,fri,2,999,0,nonexistent,-2.9,92.201,-31.4,0.869,5076.2,yes,0,-1,0.785
80,retired,married,illiterate,unknown,yes,yes,cellular,aug,tue,1,6,1,success,-2.9,92.201,-31.4,0.883,5076.2,yes,1,6,0.785
29,technician,single,professional.course,no,no,no,cellular,sep,mon,3,999,2,failure,-1.1,94.199,-37.5,0.879,4963.6,yes,0,-1,0.785
51,technician,married,professional.course,no,no,no,cellular,jul,thu,1,13,1,success,-2.9,92.469,-33.6,1.072,5076.2,yes,1,13,0.785
38,entrepreneur,married,professional.course,no,yes,no,cellular,may,mon,6,2,4,success,-1.8,93.876,-40.0,0.682,5008.7,yes,1,2,0.785
37,self-employed,married,professional.course,no,no,no,cellular,jun,wed,1,999,0,nonexistent,-2.9,92.963,-40.8,1.26,5076.2,yes,0,-1,0.785
20,student,single,basic.4y,no,yes,no,cellular,aug,wed,1,999,1,failure,-2.9,92.201,-31.4,0.879,5076.2,yes,0,-1,0.785
53,admin.,single,university.degree,no,yes,yes,telephone,nov,fri,3,999,1,failure,-3.4,92.649,-30.1,0.714,5017.5,yes,0,-1,0.785
26,technician,single,university.degree,no,no,no,cellular,sep,fri,1,999,0,nonexistent,-1.1,94.199,-37.5,0.879,4963.6,yes,0,-1,0.785
38,technician,married,professional.course,no,unknown,unknown,telephone,aug,mon,2,9,1,success,-2.9,92.201,-31.4,0.821,5076.2,yes,1,9,0.785
25,admin.,married,unknown,no,no,no,cellular,nov,thu,1,999,0,nonexistent,-3.4,92.649,-30.1,0.714,5017.5,yes,0,-1,0.785
60,admin.,married,unknown,no,yes,no,cellular,oct,wed,1,999,1,failure,-3.4,92.431,-26.9,0.74,5017.5,yes,0,-1,0.785
48,entrepreneur,married,university.degree,no,no,yes,cellular,aug,fri,2,4,2,success,-2.9,92.201,-31.4,0.881,5076.2,yes,1,4,0.785
37,admin.,married,high.school,no,no,no,cellular,aug,wed,2,999,1,failure,-2.9,92.201,-31.4,0.884,5076.2,yes,0,-1,0.785
61,admin.,married,high.school,no,yes,no,cellular,nov,wed,1,21,5,failure,-1.1,94.767,-50.8,1.044,4963.6,yes,1,21,0.785
53,admin.,married,university.degree,no,yes,no,cellular,apr,tue,2,6,1,success,-1.8,93.075,-47.1,1.405,5099.1,yes,1,6,0.7848028634639165
33,technician,single,university.degree,no,unknown,unknown,cellular,apr,thu,3,999,0,nonexistent,-1.8,93.075,-47.1,1.435,5099.1,yes,0,-1,0.7848024785947729
88,retired,divorced,basic.4y,no,yes,no,cellular,mar,wed,1,999,0,nonexistent,-1.8,92.843,-50.0,1.663,5099.1,yes,0,-1,0.7847953758299091
88,retired,divorced,basic.4y,no,yes,no,cellular,mar,wed,1,999,0,nonexistent,-1.8,92.843,-50.0,1.663,5099.1,yes,0,-1,0.7847953758299091
88,retired,divorced,basic.4y,no,yes,no,cellular,mar,wed,1,999,0,nonexistent,-1.8,92.843,-50.0,1.663,5099.1,no,0,-1,0.7847953758299091
88,retired,divorced,basic.4y,no,yes,no,cellular,mar,wed,1,999,0,nonexistent,-1.8,92.843,-50.0,1.663,5099.1,no,0,-1,0.7847953758299091
32,technician,divorced,university.degree,no,yes,no,cellular,jun,mon,2,999,0,nonexistent,-2.9,92.963,-40.8,1.26,5076.2,yes,0,-1,0.7845727914706485
32,admin.,married,university.degree,no,yes,no,cellular,jun,tue,1,3,2,failure,-2.9,92.963,-40.8,1.262,5076.2,yes,1,3,0.784492484893436
38,technician,married,university.degree,no,no,no,cellular,oct,fri,1,999,0,nonexistent,-3.4,92.431,-26.9,0.739,5017.5,yes,0,-1,0.7842811786835727
65,retired,married,basic.4y,no,no,no,cellular,oct,wed,1,999,0,nonexistent,-1.1,94.601,-49.5,1.043,4963.6,yes,0,-1,0.7839424422190046
77,retired,married,university.degree,no,no,yes,cellular,oct,mon,1,999,0,nonexistent,-3.4,92.431,-26.9,0.743,5017.5,yes,0,-1,0.7836619478094414
88,retired,divorced,basic.4y,no,yes,no,cellular,mar,wed,7,999,0,nonexistent,-1.8,92.843,-50.0,1.663,5099.1,yes,0,-1,0.7834633780482162
60,admin.,married,professional.course,no,yes,no,cellular,apr,thu,1,999,1,failure,-1.8,93.075,-47.1,1.365,5099.1,yes,0,-1,0.7829889889961364
78,retired,married,professional.course,no,no,no,cellular,nov,fri,2,999,1,failure,-3.4,92.649,-30.1,0.718,5017.5,yes,0,-1,0.7828566060111206
65,retired,married,university.degree,no,no,no,cellular,apr,wed,2,999,0,nonexistent,-1.8,93.075,-47.1,1.405,5099.1,yes,0,-1,0.7825
38,technician,single,professional.course,no,no,no,cellular,sep,thu,4,999,0,nonexistent,-1.1,94.199,-37.5,0.879,4963.6,yes,0,-1,0.7825
26,admin.,single,high.school,no,no,no,cellular,jun,tue,1,999,0,nonexistent,-2.9,92.963,-40.8,1.262,5076.2,yes,0,-1,0.7825
29,admin.,married,university.degree,no,yes,no,cellular,jul,mon,3,999,0,nonexistent,-1.7,94.215,-40.3,0.87,4991.6,yes,0,-1,0.7825
23,student,single,high.school,no,yes,no,cellular,aug,thu,3,15,3,failure,-2.9,92.201,-31.4,0.873,5076.2,yes,1,15,0.7825
58,technician,married,basic.9y,no,yes,no,cellular,aug,mon,1,999,0,nonexistent,-1.7,94.027,-38.3,0.904,4991.6,yes,0,-1,0.7825
32,unemployed,married,professional.course,no,yes,no,telephone,nov,tue,1,999,0,nonexistent,-0.1,93.2,-42.0,4.343,5195.8,yes,0,-1,0.7825
83,retired,married,professional.course,no,yes,no,cellular,oct,fri,2,4,1,success,-3.4,92.431,-26.9,0.752,5017.5,yes,1,4,0.7825
48,management,married,university.degree,no,yes,no,cellular,oct,wed,1,999,1,failure,-3.4,92.431,-26.9,0.74,5017.5,yes,0,-1,0.7825
71,housemaid,married,basic.4y,no,yes,no,cellular,nov,tue,2,999,0,nonexistent,-3.4,92.649,-30.1,0.715,5017.5,yes,0,-1,0.7825
64,unknown,married,unknown,no,yes,no,telephone,aug,fri,4,999,0,nonexistent,-1.7,94.027,-38.3,0.905,4991.6,yes,0,-1,0.7825
74,retired,married,basic.4y,no,yes,no,cellular,jun,mon,1,999,0,nonexistent,-2.9,92.963,-40.8,1.26,5076.2,yes,0,-1,0.7825
31,admin.,divorced,professional.course,no,yes,no,cellular,mar,tue,2,999,1,failure,-1.8,93.369,-34.8,0.655,5008.7,yes,0,-1,0.7825
26,admin.,single,high.school,no,no,no,telephone,apr,mon,2,999,0,nonexistent,-1.8,93.075,-47.1,1.405,5099.1,yes,0,-1,0.7825
44,admin.,married,unknown,no,no,no,cellular,jul,fri,1,999,1,failure,-1.7,94.215,-40.3,0.861,4991.6,yes,0,-1,0.7825
52,blue-collar,married,basic.4y,no,yes,no,cellular,apr,wed,5,999,0,nonexistent,-1.8,93.075,-47.1,1.405,5099.1,yes,0,-1,0.7825
34,admin.,married,university.degree,no,no,no,cellular,oct,thu,1,999,0,nonexistent,-3.4,92.431,-26.9,0.722,5017.5,yes,0,-1,0.7817926746964726
56,blue-collar,married,basic.4y,no,yes,no,cellular,mar,fri,1,999,0,nonexistent,-1.8,92.843,-50.0,1.531,5099.1,yes,0,-1,0.7817402955952959
53,technician,married,professional.course,no,no,no,cellular,may,mon,1,999,0,nonexistent,-1.8,92.893,-46.2,1.264,5099.1,yes,0,-1,0.7816399810130662
33,blue-collar,single,high.school,no,no,no,cellular,mar,wed,2,999,0,nonexistent,-1.8,92.843,-50.0,1.602,5099.1,yes,0,-1,0.7814124001798396
48,unemployed,married,university.degree,no,yes,no,cellular,mar,tue,1,999,2,failure,-1.8,93.369,-34.8,0.646,5008.7,yes,0,-1,0.7812927494071304
66,retired,married,high.school,no,unknown,unknown,cellular,mar,tue,3,999,1,failure,-1.8,93.369,-34.8,0.646,5008.7,yes,0,-1,0.78
68,retired,married,university.degree,no,yes,no,cellular,apr,fri,3,999,0,nonexistent,-1.8,93.749,-34.6,0.644,5008.7,yes,0,-1,0.78
92,retired,divorced,unknown,unknown,no,no,cellular,may,wed,3,999,1,failure,-1.8,93.876,-40.0,0.697,5008.7,yes,0,-1,0.78
71,retired,married,high.school,no,no,no,cellular,sep,mon,1,999,0,nonexistent,-1.1,94.199,-37.5,0.879,4963.6,yes,0,-1,0.78
27,student,single,high.school,no,yes,no,cellular,mar,thu,4,999,0,nonexistent,-1.8,92.843,-50.0,1.65,5099.1,yes,0,-1,0.78
56,unemployed,divorced,basic.4y,no,yes,no,cellular,jul,mon,6,999,0,nonexistent,-1.7,94.215,-40.3,0.87,4991.6,yes,0,-1,0.78
27,blue-collar,unknown,high.school,no,no,no,cellular,aug,fri,1,4,1,success,-2.9,92.201,-31.4,0.881,5076.2,yes,1,4,0.78
63,housemaid,married,basic.4y,no,yes,no,telephone,aug,mon,1,6,2,failure,-2.9,92.201,-31.4,0.884,5076.2,yes,1,6,0.78
36,management,married,university.degree,no,no,no,cellular,jun,mon,4,999,0,nonexistent,-2.9,92.963,-40.8,1.281,5076.2,yes,0,-1,0.78
38,services,single,high.school,no,yes,no,cellular,apr,wed,3,999,0,nonexistent,-1.8,93.075,-47.1,1.445,5099.1,yes,0,-1,0.78
27,admin.,single,university.degree,no,yes,yes,cellular,sep,wed,1,999,0,nonexistent,-3.4,92.379,-29.8,0.781,5017.5,yes,0,-1,0.78
65,retired,married,basic.6y,no,no,no,cellular,aug,mon,2,999,1,failure,-2.9,92.201,-31.4,0.884,5076.2,yes,0,-1,0.78
46,admin.,married,university.degree,no,yes,no,cellular,aug,thu,3,999,0,nonexistent,-2.9,92.201,-31.4,0.829,5076.2,yes,0,-1,0.78
39,technician,married,university.degree,no,no,yes,cellular,jun,tue,2,999,1,failure,-1.7,94.055,-39.8,0.702,4991.6,yes,0,-1,0.78
76,retired,married,basic.4y,no,yes,no,cellular,aug,fri,2,999,0,nonexistent,-2.9,92.201,-31.4,0.881,5076.2,yes,0,-1,0.78
37,technician,single,university.degree,no,yes,no,cellular,jun,fri,1,999,2,failure,-1.7,94.055,-39.8,0.748,4991.6,yes,0,-1,0.78
60,admin.,divorced,professional.course,no,yes,no,cellular,sep,wed,1,999,1,failure,-1.1,94.199,-37.5,0.886,4963.6,yes,0,-1,0.779856557903114
26,admin.,single,high.school,no,yes,no,telephone,apr,wed,3,999,0,nonexistent,-1.8,93.075,-47.1,1.415,5099.1,yes,0,-1,0.7797213387394387
36,management,single,university.degree,no,no,no,telephone,mar,wed,1,999,0,nonexistent,-1.8,93.369,-34.8,0.655,5008.7,yes,0,-1,0.7797201247936292
51,technician,divorced,high.school,no,no,yes,cellular,apr,thu,2,999,0,nonexistent,-1.8,93.075,-47.1,1.365,5099.1,yes,0,-1,0.7797170899291055
28,admin.,single,university.degree,no,yes,no,cellular,aug,mon,2,999,1,failure,-2.9,92.201,-31.4,0.861,5076.2,yes,0,-1,0.7795053598774885
54,admin.,married,university.degree,no,no,yes,cellular,jul,tue,6,13,1,success,-2.9,92.469,-33.6,0.908,5076.2,yes,1,13,0.7794423856358286
57,admin.,single,high.school,no,yes,no,cellular,aug,thu,1,999,0,nonexistent,-2.9,92.201,-31.4,0.873,5076.2,yes,0,-1,0.7793151915062512
29,technician,married,professional.course,no,no,no,cellular,mar,thu,1,999,0,nonexistent,-1.8,92.843,-50.0,1.65,5099.1,yes,0,-1,0.7792668871971347
20,student,single,unknown,no,yes,no,telephone,may,wed,4,999,0,nonexistent,-1.8,93.876,-40.0,0.672,5008.7,yes,0,-1,0.7791593739787211
29,admin.,single,professional.course,no,no,no,cellular,apr,thu,3,999,0,nonexistent,-1.8,93.075,-47.1,1.365,5099.1,yes,0,-1,0.7791007089728081
26,admin.,single,university.degree,no,yes,no,cellular,apr,thu,1,999,0,nonexistent,-1.8,93.075,-47.1,1.365,5099.1,yes,0,-1,0.7779368815237351
36,entrepreneur,single,university.degree,no,yes,no,cellular,nov,wed,1,999,0,nonexistent,-0.1,93.2,-42.0,4.12,5195.8,yes,0,-1,0.7776381582996685
36,entrepreneur,single,university.degree,no,yes,no,cellular,nov,wed,1,999,0,nonexistent,-0.1,93.2,-42.0,4.12,5195.8,yes,0,-1,0.7776381582996685
36,entrepreneur,single,university.degree,no,yes,no,cellular,nov,wed,1,999,0,nonexistent,-0.1,93.2,-42.0,4.12,5195.8,no,0,-1,0.7776381582996685
36,entrepreneur,single,university.degree,no,yes,no,cellular,nov,wed,1,999,0,nonexistent,-0.1,93.2,-42.0,4.12,5195.8,no,0,-1,0.7776381582996685
59,admin.,married,university.degree,no,no,no,telephone,oct,tue,1,999,0,nonexistent,-0.1,93.798,-40.4,4.968,5195.8,yes,0,-1,0.7775
32,admin.,single,university.degree,no,yes,no,telephone,nov,fri,2,999,1,failure,-3.4,92.649,-30.1,0.714,5017.5,yes,0,-1,0.7775
52,housemaid,married,high.school,no,no,no,cellular,oct,tue,1,999,2,failure,-3.4,92.431,-26.9,0.728,5017.5,yes,0,-1,0.7775
27,technician,single,university.degree,no,no,yes,cellular,nov,wed,1,999,0,nonexistent,-3.4,92.649,-30.1,0.716,5017.5,yes,0,-1,0.7775
76,housemaid,married,basic.4y,no,no,no,cellular,jun,tue,5,999,0,nonexistent,-1.7,94.055,-39.8,0.702,4991.6,yes,0,-1,0.7775
50,admin.,married,university.degree,no,no,no,cellular,aug,tue,2,999,1,failure,-2.9,92.201,-31.4,0.859,5076.2,yes,0,-1,0.7775
60,admin.,married,high.school,no,no,no,cellular,oct,tue,1,999,1,failure,-1.1,94.601,-49.5,1.037,4963.6,yes,0,-1,0.7775
45,unemployed,married,professional.course,unknown,no,no,cellular,sep,thu,1,999,0,nonexistent,-1.1,94.199,-37.5,0.879,4963.6,yes,0,-1,0.7775
30,admin.,married,university.degree,no,no,no,cellular,aug,tue,3,6,1,success,-2.9,92.201,-31.4,0.883,5076.2,yes,1,6,0.7775
39,admin.,married,high.school,no,no,no,cellular,may,mon,1,999,0,nonexistent,-1.8,92.893,-46.2,1.354,5099.1,yes,0,-1,0.7775
45,unknown,unknown,unknown,no,yes,no,cellular,jul,wed,1,999,0,nonexistent,1.4,93.918,-42.7,4.957,5228.1,yes,0,-1,0.7773516287084786
62,housemaid,married,professional.course,no,yes,no,cellular,dec,fri,2,999,0,nonexistent,-3.0,92.713,-33.0,0.714,5023.5,yes,0,-1,0.7773487647566203
31,technician,single,high.school,no,yes,yes,cellular,aug,tue,2,999,0,nonexistent,1.4,93.444,-36.1,4.966,5228.1,yes,0,-1,0.7772223254786599
30,admin.,single,university.degree,no,no,no,cellular,sep,mon,6,999,0,nonexistent,-3.4,92.379,-29.8,0.797,5017.5,yes,0,-1,0.7772137515781296
58,retired,married,university.degree,no,unknown,unknown,cellular,apr,wed,1,999,0,nonexistent,-1.8,93.075,-47.1,1.445,5099.1,yes,0,-1,0.7771773763543558
51,technician,married,professional.course,no,no,yes,cellular,sep,fri,1,999,0,nonexistent,-3.4,92.379,-29.8,0.803,5017.5,yes,0,-1,0.7770053598774885
28,technician,single,high.school,no,yes,yes,cellular,may,thu,1,11,1,success,-1.8,92.893,-46.2,1.327,5099.1,yes,1,11,0.7770025033341349
46,admin.,married,high.school,no,yes,no,cellular,sep,wed,1,999,0,nonexistent,-3.4,92.379,-29.8,0.781,5017.5,yes,0,-1,0.7769351510148588
38,admin.,married,university.degree,no,unknown,unknown,cellular,apr,mon,1,999,0,nonexistent,-1.8,93.075,-47.1,1.392,5099.1,yes,0,-1,0.776928656404778
54,admin.,married,unknown,no,yes,no,cellular,sep,tue,1,999,0,nonexistent,-3.4,92.379,-29.8,0.819,5017.5,yes,0,-1,0.7766687102846797
44,blue-collar,single,professional.course,no,no,no,cellular,mar,mon,1,999,0,nonexistent,-1.8,92.843,-50.0,1.811,5099.1,yes,0,-1,0.7766532791190481
28,blue-collar,single,high.school,no,yes,no,cellular,apr,thu,2,999,0,nonexistent,-1.8,93.075,-47.1,1.483,5099.1,yes,0,-1,0.776587829948141
32,student,married,high.school,no,no,no,cellular,apr,thu,2,999,0,nonexistent,-1.8,93.075,-47.1,1.365,5099.1,yes,0,-1,0.7760894675970696
56,housemaid,married,university.degree,no,yes,no,cellular,apr,mon,1,999,0,nonexistent,-1.8,93.075,-47.1,1.405,5099.1,yes,0,-1,0.775822823814541
49,admin.,married,basic.6y,no,yes,no,cellular,apr,wed,2,999,1,failure,-1.8,93.075,-47.1,1.498,5099.1,yes,0,-1,0.7753519773243346
43,admin.,married,university.degree,no,yes,no,cellular,aug,tue,3,999,0,nonexistent,1.4,93.444,-36.1,4.968,5228.1,yes,0,-1,0.7752543170999094
30,student,single,high.school,no,no,no,cellular,mar,fri,5,10,2,failure,-1.8,92.843,-50.0,1.64,5099.1,yes,1,10,0.775
37,services,single,high.school,no,yes,no,cellular,apr,wed,1,999,0,nonexistent,-1.8,93.075,-47.1,1.405,5099.1,yes,0,-1,0.775
53,blue-collar,married,basic.9y,no,no,yes,cellular,jun,thu,2,999,0,nonexistent,-2.9,92.963,-40.8,1.26,5076.2,yes,0,-1,0.775
28,admin.,single,high.school,no,no,no,cellular,jun,wed,1,999,0,nonexistent,-2.9,92.963,-40.8,1.26,5076.2,yes,0,-1,0.775
58,retired,married,high.school,no,yes,no,cellular,aug,tue,6,3,1,success,-2.9,92.201,-31.4,0.838,5076.2,yes,1,3,0.775
51,technician,married,professional.course,no,no,yes,cellular,dec,mon,2,999,0,nonexistent,-3.0,92.713,-33.0,0.709,5023.5,yes,0,-1,0.775
26,admin.,single,high.school,no,unknown,unknown,cellular,nov,mon,1,999,0,nonexistent,-3.4,92.649,-30.1,0.715,5017.5,yes,0,-1,0.775
60,retired,married,university.degree,no,no,no,cellular,sep,thu,2,999,0,nonexistent,-1.1,94.199,-37.5,0.884,4963.6,yes,0,-1,0.775
27,student,single,university.degree,no,no,yes,cellular,nov,mon,1,999,0,nonexistent,-3.4,92.649,-30.1,0.715,5017.5,yes,0,-1,0.775
29,services,married,high.school,no,no,no,cellular,oct,tue,1,999,1,failure,-3.4,92.431,-26.9,0.728,5017.5,yes,0,-1,0.775
46,technician,married,professional.course,no,yes,no,cellular,aug,fri,6,999,1,failure,-2.9,92.201,-31.4,0.869,5076.2,yes,0,-1,0.775
48,entrepreneur,married,university.degree,no,no,no,cellular,apr,thu,1,999,0,nonexistent,-1.8,93.075,-47.1,1.365,5099.1,yes,0,-1,0.775
22,self-employed,single,professional.course,no,yes,no,cellular,oct,wed,1,999,0,nonexistent,-1.1,94.601,-49.5,0.959,4963.6,yes,0,-1,0.775
50,management,married,basic.9y,no,no,no,cellular,mar,wed,1,999,0,nonexistent,-1.8,92.843,-50.0,1.548,5099.1,yes,0,-1,0.775
23,student,single,basic.9y,no,yes,no,cellular,sep,thu,1,999,0,nonexistent,-1.1,94.199,-37.5,0.879,4963.6,yes,0,-1,0.775
73,retired,married,university.degree,no,no,yes,cellular,nov,thu,7,999,0,nonexistent,-3.4,92.649,-30.1,0.716,5017.5,yes,0,-1,0.775
52,technician,married,professional.course,no,yes,yes,cellular,sep,mon,1,999,1,failure,-3.4,92.379,-29.8,0.797,5017.5,yes,0,-1,0.775
45,technician,single,university.degree,no,no,no,cellular,may,tue,2,999,1,failure,-1.8,93.876,-40.0,0.697,5008.7,yes,0,-1,0.775
29,admin.,married,high.school,no,yes,no,cellular,jun,mon,1,999,0,nonexistent,-2.9,92.963,-40.8,1.266,5076.2,yes,0,-1,0.774852616017483
22,technician,single,professional.course,no,yes,no,cellular,dec,mon,1,999,0,nonexistent,-3.0,92.713,-33.0,0.706,5023.5,yes,0,-1,0.7748506406627901
61,blue-collar,married,professional.course,no,yes,no,cellular,oct,thu,2,999,0,nonexistent,-1.1,94.601,-49.5,0.987,4963.6,yes,0,-1,0.7744946419607587
38,technician,married,university.degree,no,yes,yes,cellular,dec,wed,1,999,0,nonexistent,-3.0,92.713,-33.0,0.721,5023.5,yes,0,-1,0.7742088491476866
32,self-employed,single,university.degree,no,no,no,cellular,apr,thu,1,999,0,nonexistent,-1.8,93.075,-47.1,1.435,5099.1,yes,0,-1,0.7740852263575122
77,retired,divorced,basic.4y,no,yes,no,cellular,nov,mon,2,999,1,failure,-3.4,92.649,-30.1,0.714,5017.5,yes,0,-1,0.7738219894615512
30,blue-collar,married,basic.9y,no,no,no,telephone,nov,tue,1,999,0,nonexistent,-0.1,93.2,-42.0,4.7,5195.8,yes,0,-1,0.7725
29,admin.,married,basic.9y,no,yes,no,telephone,nov,fri,1,999,0,nonexistent,-0.1,93.2,-42.0,4.474,5195.8,yes,0,-1,0.7725
37,blue-collar,married,basic.6y,no,no,no,cellular,oct,thu,2,6,3,failure,-3.4,92.431,-26.9,0.74,5017.5,yes,1,6,0.7725
41,admin.,single,university.degree,no,unknown,unknown,cellular,apr,thu,1,999,0,nonexistent,-1.8,93.075,-47.1,1.365,5099.1,yes,0,-1,0.7725
29,admin.,single,high.school,no,yes,yes,cellular,jun,mon,2,999,0,nonexistent,-2.9,92.963,-40.8,1.26,5076.2,yes,0,-1,0.7725
31,technician,single,professional.course,no,no,no,cellular,may,wed,3,999,0,nonexistent,-1.8,92.893,-46.2,1.281,5099.1,yes,0,-1,0.7725
51,blue-collar,married,professional.course,no,yes,no,cellular,dec,wed,3,999,0,nonexistent,-3.0,92.713,-33.0,0.7,5023.5,yes,0,-1,0.7725
71,retired,married,professional.course,no,no,no,cellular,apr,thu,1,999,0,nonexistent,-1.8,93.749,-34.6,0.64,5008.7,yes,0,-1,0.7725
72,admin.,married,university.degree,unknown,no,yes,cellular,oct,tue,1,6,1,success,-3.4,92.431,-26.9,0.728,5017.5,yes,1,6,0.7725
79,housemaid,married,basic.4y,no,no,no,cellular,aug,fri,1,3,2,success,-2.9,92.201,-31.4,0.849,5076.2,yes,1,3,0.7725
26,admin.,single,university.degree,no,yes,no,cellular,sep,tue,1,999,0,nonexistent,-1.1,94.199,-37.5,0.881,4963.6,yes,0,-1,0.7725
36,management,married,basic.6y,no,yes,no,cellular,oct,tue,1,999,1,failure,-3.4,92.431,-26.9,0.737,5017.5,yes,0,-1,0.7725
54,admin.,divorced,university.degree,no,no,no,cellular,dec,wed,7,6,2,success,-3.0,92.713,-33.0,0.715,5023.5,yes,1,6,0.7725
34,admin.,married,university.degree,no,yes,no,cellular,jul,thu,1,999,2,failure,-1.7,94.215,-40.3,0.81,4991.6,yes,0,-1,0.7725
36,technician,married,professional.course,no,yes,no,cellular,may,wed,1,10,1,success,-1.8,92.893,-46.2,1.334,5099.1,yes,1,10,0.7725
50,blue-collar,married,basic.4y,no,no,no,cellular,may,mon,1,9,1,success,-1.8,92.893,-46.2,1.299,5099.1,yes,1,9,0.7725
25,management,married,university.degree,no,yes,no,telephone,nov,wed,1,999,0,nonexistent,-0.1,93.2,-42.0,4.663,5195.8,yes,0,-1,0.7725
46,technician,married,basic.6y,no,yes,no,cellular,aug,thu,4,999,0,nonexistent,-2.9,92.201,-31.4,0.873,5076.2,yes,0,-1,0.7725
66,retired,married,basic.6y,no,yes,no,cellular,aug,thu,1,999,0,nonexistent,-2.9,92.201,-31.4,0.851,5076.2,yes,0,-1,0.7725
36,unemployed,married,unknown,unknown,no,no,cellular,sep,wed,1,999,1,failure,-3.4,92.379,-29.8,0.781,5017.5,yes,0,-1,0.7725
26,admin.,married,university.degree,no,yes,no,cellular,mar,mon,5,999,0,nonexistent,-1.8,92.843,-50.0,1.811,5099.1,yes,0,-1,0.7722183645722055
39,admin.,single,high.school,no,yes,no,cellular,mar,tue,3,999,0,nonexistent,-1.8,92.843,-50.0,1.687,5099.1,yes,0,-1,0.7722159973778769
30,technician,married,professional.course,no,yes,no,cellular,oct,tue,1,999,0,nonexistent,-3.4,92.431,-26.9,0.737,5017.5,yes,0,-1,0.7721507676153213
43,blue-collar,married,basic.9y,no,no,no,cellular,mar,tue,2,999,0,nonexistent,-1.8,92.843,-50.0,1.799,5099.1,yes,0,-1,0.7720782667720278
52,management,married,high.school,no,no,no,cellular,aug,tue,1,999,0,nonexistent,-2.9,92.201,-31.4,0.883,5076.2,yes,0,-1,0.7719941515363129
33,services,single,high.school,no,no,no,cellular,oct,tue,1,999,0,nonexistent,-3.4,92.431,-26.9,0.728,5017.5,yes,0,-1,0.7718501760481439
33,unemployed,married,university.degree,no,yes,no,cellular,jun,mon,3,999,0,nonexistent,-2.9,92.963,-40.8,1.26,5076.2,yes,0,-1,0.7715144361469792
43,blue-collar,married,basic.9y,no,yes,no,cellular,dec,tue,2,999,0,nonexistent,-3.0,92.713,-33.0,0.707,5023.5,yes,0,-1,0.770920721896385
30,unemployed,single,university.degree,no,yes,no,cellular,apr,wed,1,999,0,nonexistent,-1.8,93.075,-47.1,1.405,5099.1,yes,0,-1,0.7706788721003127
36,management,married,basic.6y,no,yes,yes,cellular,aug,thu,3,999,0,nonexistent,-2.9,92.201,-31.4,0.873,5076.2,yes,0,-1,0.77
37,student,divorced,university.degree,no,yes,no,cellular,may,thu,1,999,1,failure,-1.8,93.876,-40.0,0.699,5008.7,yes,0,-1,0.77
32,admin.,single,university.degree,no,yes,no,cellular,mar,mon,8,999,0,nonexistent,-1.8,92.843,-50.0,1.52,5099.1,yes,0,-1,0.77
44,retired,single,high.school,no,no,no,cellular,aug,mon,4,999,0,nonexistent,-1.7,94.027,-38.3,0.896,4991.6,yes,0,-1,0.77
31,admin.,single,high.school,no,no,no,cellular,sep,mon,5,6,3,success,-1.1,94.199,-37.5,0.879,4963.6,yes,1,6,0.77
73,retired,married,university.degree,no,no,no,cellular,nov,fri,1,999,0,nonexistent,-3.4,92.649,-30.1,0.718,5017.5,yes,0,-1,0.77
33,admin.,married,high.school,no,yes,no,cellular,sep,thu,1,999,0,nonexistent,-1.1,94.199,-37.5,0.879,4963.6,yes,0,-1,0.77
80,retired,married,professional.course,no,yes,no,cellular,oct,thu,1,999,1,failure,-1.1,94.601,-49.5,1.025,4963.6,yes,0,-1,0.77
69,retired,married,basic.4y,no,yes,yes,cellular,oct,fri,3,999,0,nonexistent,-3.4,92.431,-26.9,0.72,5017.5,yes,0,-1,0.77
60,retired,divorced,professional.course,no,yes,no,cellular,apr,thu,1,5,2,failure,-1.8,93.075,-47.1,1.365,5099.1,yes,1,5,0.77
39,student,single,unknown,no,yes,no,cellular,jun,fri,3,999,0,nonexistent,-2.9,92.963,-40.8,1.224,5076.2,yes,0,-1,0.77
34,admin.,single,university.degree,no,yes,no,cellular,jun,mon,1,999,0,nonexistent,-1.7,94.055,-39.8,0.754,4991.6,yes,0,-1,0.77
39,management,married,university.degree,no,yes,no,cellular,sep,thu,3,999,0,nonexistent,-1.1,94.199,-37.5,0.884,4963.6,yes,0,-1,0.77
67,retired,married,basic.6y,no,no,no,cellular,aug,tue,2,999,0,nonexistent,-2.9,92.201,-31.4,0.859,5076.2,yes,0,-1,0.77
26,student,single,high.school,no,yes,no,cellular,aug,fri,2,6,2,failure,-2.9,92.201,-31.4,0.825,5076.2,yes,1,6,0.77
37,technician,married,university.degree,no,yes,no,cellular,oct,wed,1,999,1,failure,-3.4,92.431,-26.9,0.742,5017.5,yes,0,-1,0.77
33,admin.,single,university.degree,no,yes,no,cellular,oct,fri,1,999,0,nonexistent,-3.4,92.431,-26.9,0.739,5017.5,yes,0,-1,0.77
31,admin.,divorced,university.degree,no,yes,no,cellular,may,mon,1,999,0,nonexistent,-1.8,92.893,-46.2,1.354,5099.1,yes,0,-1,0.7698964139236513
22,student,single,high.school,no,yes,no,cellular,aug,thu,2,999,0,nonexistent,-2.9,92.201,-31.4,0.873,5076.2,yes,0,-1,0.7697221885015053
24,admin.,single,professional.course,no,no,no,cellular,apr,mon,2,999,0,nonexistent,-1.8,93.075,-47.1,1.405,5099.1,yes,0,-1,0.7697155724968436
30,unemployed,single,basic.9y,no,yes,no,cellular,nov,tue,1,999,0,nonexistent,-3.4,92.649,-30.1,0.72,5017.5,yes,0,-1,0.7696976314996635
47,technician,divorced,high.school,no,yes,no,cellular,nov,mon,1,999,1,failure,-3.4,92.649,-30.1,0.722,5017.5,yes,0,-1,0.7695662074242878
59,admin.,married,unknown,no,no,no,cellular,jun,tue,1,999,0,nonexistent,-2.9,92.963,-40.8,1.262,5076.2,yes,0,-1,0.7695043744531934
85,retired,married,professional.course,no,no,no,cellular,aug,tue,1,999,0,nonexistent,-2.9,92.201,-31.4,0.883,5076.2,yes,0,-1,0.7694025830872261
42,self-employed,married,university.degree,no,no,no,cellular,apr,tue,2,999,0,nonexistent,-1.8,93.075,-47.1,1.423,5099.1,yes,0,-1,0.7686033960029561
28,admin.,single,high.school,no,yes,no,cellular,mar,tue,2,999,0,nonexistent,-1.8,92.843,-50.0,1.799,5099.1,yes,0,-1,0.7684829561386752
69,retired,married,university.degree,no,yes,no,cellular,apr,thu,1,999,0,nonexistent,-1.8,93.075,-47.1,1.365,5099.1,yes,0,-1,0.7684005068184703
31,admin.,single,high.school,no,no,no,cellular,may,wed,1,3,1,success,-1.8,92.893,-46.2,1.27,5099.1,yes,1,3,0.7682410783932463
34,technician,single,professional.course,no,yes,no,cellular,apr,thu,1,999,0,nonexistent,-1.8,93.075,-47.1,1.365,5099.1,yes,0,-1,0.7675563774186999
37,technician,single,university.degree,no,yes,no,cellular,aug,tue,2,999,4,failure,-1.7,94.027,-38.3,0.899,4991.6,yes,0,-1,0.7675
31,admin.,single,university.degree,no,no,no,cellular,aug,tue,1,4,3,success,-2.9,92.201,-31.4,0.883,5076.2,yes,1,4,0.7675
32,technician,divorced,professional.course,no,yes,yes,cellular,mar,tue,1,999,0,nonexistent,-1.8,92.843,-50.0,1.556,5099.1,yes,0,-1,0.7675
30,student,single,high.school,no,no,no,telephone,may,fri,3,999,0,nonexistent,-1.8,93.876,-40.0,0.682,5008.7,yes,0,-1,0.7675
62,admin.,married,high.school,no,no,no,cellular,oct,tue,4,18,2,failure,-1.1,94.601,-49.5,1.037,4963.6,yes,1,18,0.7675
32,technician,married,professional.course,no,no,no,cellular,apr,mon,2,999,0,nonexistent,-1.8,93.749,-34.6,0.645,5008.7,yes,0,-1,0.7675
46,technician,married,professional.course,no,yes,no,telephone,dec,mon,1,999,0,nonexistent,-3.0,92.713,-33.0,0.706,5023.5,yes,0,-1,0.7675
36,admin.,single,university.degree,no,yes,no,cellular,sep,fri,2,999,0,nonexistent,-3.4,92.379,-29.8,0.773,5017.5,yes,0,-1,0.7675
44,technician,married,university.degree,no,no,no,cellular,jun,wed,2,999,1,failure,-1.7,94.055,-39.8,0.715,4991.6,yes,0,-1,0.7675
28,technician,single,high.school,no,no,no,cellular,oct,wed,1,999,1,failure,-3.4,92.431,-26.9,0.742,5017.5,yes,0,-1,0.7675
36,admin.,single,university.degree,no,yes,yes,cellular,jun,wed,1,999,0,nonexistent,-1.7,94.055,-39.8,0.739,4991.6,yes,0,-1,0.7675
74,retired,married,basic.9y,no,yes,no,cellular,oct,thu,2,6,1,success,-3.4,92.431,-26.9,0.74,5017.5,yes,1,6,0.7675
33,technician,single,professional.course,no,yes,no,cellular,sep,fri,1,999,0,nonexistent,-1.1,94.199,-37.5,0.879,4963.6,yes,0,-1,0.7675
35,blue-collar,married,basic.4y,no,no,no,telephone,mar,mon,3,999,1,failure,-1.8,93.369,-34.8,0.635,5008.7,yes,0,-1,0.7675
26,technician,single,basic.9y,no,yes,no,cellular,sep,thu,1,999,1,failure,-1.1,94.199,-37.5,0.879,4963.6,yes,0,-1,0.7675
34,technician,single,university.degree,no,yes,no,cellular,jul,mon,3,999,0,nonexistent,-1.7,94.215,-40.3,0.793,4991.6,yes,0,-1,0.7675
74,retired,married,basic.4y,no,no,no,telephone,apr,mon,5,999,0,nonexistent,-1.8,93.749,-34.6,0.643,5008.7,yes,0,-1,0.7675
25,technician,single,basic.9y,no,yes,no,cellular,jun,fri,2,999,0,nonexistent,-2.9,92.963,-40.8,1.268,5076.2,yes,0,-1,0.767355369778223
30,technician,single,professional.course,no,no,no,cellular,may,fri,1,999,0,nonexistent,-1.8,92.893,-46.2,1.25,5099.1,yes,0,-1,0.7673483209723939
24,admin.,single,high.school,no,yes,yes,cellular,mar,wed,1,999,0,nonexistent,-1.8,92.843,-50.0,1.602,5099.1,yes,0,-1,0.7672854326509213
40,management,divorced,university.degree,no,yes,no,cellular,jun,wed,1,999,0,nonexistent,-2.9,92.963,-40.8,1.26,5076.2,yes,0,-1,0.7672276471650231
63,technician,married,unknown,no,yes,no,cellular,dec,mon,2,999,1,failure,-3.0,92.713,-33.0,0.715,5023.5,yes,0,-1,0.7672207317665339
70,admin.,married,basic.4y,no,no,no,cellular,sep,tue,1,999,2,failure,-3.4,92.379,-29.8,0.77,5017.5,yes,0,-1,0.7672196392153054
35,admin.,married,high.school,no,yes,no,cellular,mar,thu,2,999,0,nonexistent,-1.8,92.843,-50.0,1.538,5099.1,yes,0,-1,0.7672186680586579
55,blue-collar,married,basic.4y,unknown,yes,no,telephone,jun,fri,2,999,0,nonexistent,1.4,94.465,-41.8,4.959,5228.1,yes,0,-1,0.7671392433971954
28,blue-collar,single,high.school,no,yes,yes,cellular,apr,thu,1,999,0,nonexistent,-1.8,93.075,-47.1,1.483,5099.1,yes,0,-1,0.7669033426357815
33,blue-collar,single,basic.9y,unknown,no,no,cellular,may,thu,1,999,1,failure,-1.8,92.893,-46.2,1.266,5099.1,yes,0,-1,0.7665501297031827
54,technician,married,basic.9y,no,no,no,cellular,nov,tue,2,999,1,failure,-3.4,92.649,-30.1,0.72,5017.5,yes,0,-1,0.7663739334885673
32,self-employed,single,university.degree,no,no,no,cellular,jul,thu,2,999,0,nonexistent,-2.9,92.469,-33.6,1.072,5076.2,yes,0,-1,0.7661452429956807
60,management,single,university.degree,no,yes,yes,cellular,mar,wed,1,999,0,nonexistent,-1.8,92.843,-50.0,1.602,5099.1,yes,0,-1,0.7658357870135543
23,management,single,university.degree,no,yes,no,cellular,apr,mon,1,999,0,nonexistent,-1.8,93.075,-47.1,1.392,5099.1,yes,0,-1,0.7656242196563839
36,admin.,single,university.degree,no,no,no,cellular,mar,mon,1,999,0,nonexistent,-1.8,93.369,-34.8,0.652,5008.7,yes,0,-1,0.765044105531159
33,admin.,married,university.degree,no,no,no,cellular,jun,mon,2,999,0,nonexistent,-2.9,92.963,-40.8,1.266,5076.2,yes,0,-1,0.765
42,admin.,single,university.degree,no,no,no,cellular,jul,wed,2,999,0,nonexistent,-2.9,92.469,-33.6,1.029,5076.2,yes,0,-1,0.765
62,retired,married,university.degree,no,yes,no,cellular,nov,thu,1,999,2,failure,-1.1,94.767,-50.8,1.031,4963.6,yes,0,-1,0.765
61,retired,married,basic.4y,no,yes,no,cellular,nov,wed,1,999,0,nonexistent,-3.4,92.649,-30.1,0.716,5017.5,yes,0,-1,0.765
25,unemployed,married,university.degree,no,no,no,cellular,jun,tue,2,999,0,nonexistent,-2.9,92.963,-40.8,1.286,5076.2,yes,0,-1,0.765
61,management,married,university.degree,no,no,no,cellular,may,wed,2,999,1,failure,-1.8,93.876,-40.0,0.682,5008.7,yes,0,-1,0.765
49,housemaid,single,university.degree,no,yes,no,cellular,dec,mon,2,6,1,success,-3.0,92.713,-33.0,0.717,5023.5,yes,1,6,0.765
23,technician,single,professional.course,no,yes,no,telephone,jul,fri,4,999,0,nonexistent,-2.9,92.469,-33.6,1.007,5076.2,yes,0,-1,0.765
78,retired,married,basic.4y,no,yes,no,cellular,apr,tue,1,999,0,nonexistent,-1.8,93.075,-47.1,1.405,5099.1,yes,0,-1,0.765
56,technician,married,professional.course,no,yes,yes,cellular,may,mon,2,999,0,nonexistent,-1.8,92.893,-46.2,1.354,5099.1,yes,0,-1,0.765
29,student,single,high.school,no,unknown,unknown,cellular,aug,tue,1,4,3,success,-2.9,92.201,-31.4,0.884,5076.2,yes,1,4,0.765
53,services,married,basic.9y,no,yes,no,cellular,aug,mon,2,999,0,nonexistent,-1.7,94.027,-38.3,0.898,4991.6,yes,0,-1,0.765
30,self-employed,married,university.degree,no,no,no,cellular,jun,mon,4,999,0,nonexistent,-1.7,94.055,-39.8,0.72,4991.6,yes,0,-1,0.765
75,retired,married,unknown,no,no,no,telephone,aug,tue,2,999,4,failure,-1.7,94.027,-38.3,0.899,4991.6,yes,0,-1,0.765
76,retired,divorced,basic.4y,no,yes,no,cellular,may,mon,1,999,1,failure,-1.8,93.876,-40.0,0.697,5008.7,yes,0,-1,0.765
64,retired,married,professional.course,no,no,no,cellular,jun,tue,1,999,3,failure,-1.7,94.055,-39.8,0.761,4991.6,yes,0,-1,0.765
24,self-employed,single,unknown,no,no,yes,cellular,jul,thu,2,999,0,nonexistent,-2.9,92.469,-33.6,1.072,5076.2,yes,0,-1,0.765
36,management,married,university.degree,no,no,no,cellular,jun,tue,1,999,1,failure,-1.7,94.055,-39.8,0.761,4991.6,yes,0,-1,0.765
37,unemployed,married,university.degree,unknown,no,no,telephone,jun,mon,1,999,0,nonexistent,-1.7,94.055,-39.8,0.754,4991.6,yes,0,-1,0.765
34,technician,single,university.degree,no,no,no,cellular,sep,fri,3,999,1,failure,-1.1,94.199,-37.5,0.879,4963.6,yes,0,-1,0.765
30,admin.,married,university.degree,no,no,no,telephone,oct,wed,1,999,0,nonexistent,-0.1,93.798,-40.4,4.827,5195.8,yes,0,-1,0.765
25,services,single,high.school,no,yes,no,cellular,jun,thu,1,999,0,nonexistent,-2.9,92.963,-40.8,1.26,5076.2,yes,0,-1,0.765
58,admin.,single,university.degree,no,no,no,telephone,may,mon,2,999,0,nonexistent,1.1,93.994,-36.4,4.857,5191.0,yes,0,-1,0.765
33,blue-collar,married,basic.9y,no,yes,no,cellular,may,tue,1,999,0,nonexistent,-1.8,92.893,-46.2,1.266,5099.1,yes,0,-1,0.765
51,admin.,married,university.degree,no,yes,no,cellular,aug,thu,1,999,0,nonexistent,-2.9,92.201,-31.4,0.829,5076.2,yes,0,-1,0.765
29,housemaid,single,university.degree,no,no,yes,telephone,nov,mon,1,999,0,nonexistent,-3.4,92.649,-30.1,0.715,5017.5,yes,0,-1,0.765
64,retired,married,professional.course,no,yes,no,cellular,sep,wed,2,999,0,nonexistent,-1.1,94.199,-37.5,0.886,4963.6,yes,0,-1,0.765
35,management,married,university.degree,no,no,no,cellular,jun,tue,2,999,0,nonexistent,-2.9,92.963,-40.8,1.252,5076.2,yes,0,-1,0.765
34,technician,married,professional.course,no,yes,no,cellular,sep,wed,2,999,0,nonexistent,-3.4,92.379,-29.8,0.813,5017.5,yes,0,-1,0.7648044368571982
25,admin.,single,university.degree,no,no,yes,cellular,apr,mon,1,999,0,nonexistent,-1.8,93.075,-47.1,1.405,5099.1,yes,0,-1,0.7647200640963387
31,services,single,professional.course,no,yes,no,telephone,oct,tue,1,999,0,nonexistent,-3.4,92.431,-26.9,0.737,5017.5,yes,0,-1,0.7647144799456151
27,admin.,single,high.school,no,no,no,telephone,aug,wed,3,999,0,nonexistent,-2.9,92.201,-31.4,0.834,5076.2,yes,0,-1,0.7642394121630527
29,housemaid,single,high.school,no,no,no,cellular,nov,wed,1,999,0,nonexistent,-0.1,93.2,-42.0,4.12,5195.8,yes,0,-1,0.7639850770348707
49,technician,single,university.degree,no,yes,no,cellular,apr,thu,2,999,0,nonexistent,-1.8,93.075,-47.1,1.365,5099.1,yes,0,-1,0.7631072667639779
34,admin.,married,university.degree,no,no,no,telephone,sep,fri,2,999,0,nonexistent,-3.4,92.379,-29.8,0.773,5017.5,yes,0,-1,0.7625
40,self-employed,married,university.degree,no,no,yes,cellular,dec,mon,1,999,0,nonexistent,-3.0,92.713,-33.0,0.706,5023.5,yes,0,-1,0.7625
24,student,single,professional.course,no,yes,no,cellular,jul,wed,2,999,0,nonexistent,-1.7,94.215,-40.3,0.896,4991.6,yes,0,-1,0.7625
43,blue-collar,married,basic.9y,no,no,yes,cellular,may,mon,1,3,1,success,-1.8,92.893,-46.2,1.264,5099.1,yes,1,3,0.7625
39,services,married,high.school,no,no,no,cellular,sep,tue,1,999,0,nonexistent,-3.4,92.379,-29.8,0.755,5017.5,yes,0,-1,0.7625
54,technician,married,basic.9y,no,no,no,cellular,nov,tue,3,7,2,failure,-3.4,92.649,-30.1,0.715,5017.5,yes,1,7,0.7625
82,housemaid,divorced,basic.4y,no,no,no,cellular,jul,wed,1,999,0,nonexistent,-1.7,94.215,-40.3,0.881,4991.6,yes,0,-1,0.7625
33,technician,married,university.degree,no,yes,no,cellular,may,mon,1,999,0,nonexistent,-1.8,93.876,-40.0,0.685,5008.7,yes,0,-1,0.7625
65,admin.,married,university.degree,no,yes,no,cellular,may,fri,3,999,1,failure,-1.8,93.876,-40.0,0.684,5008.7,yes,0,-1,0.7625
55,blue-collar,married,basic.4y,no,no,no,cellular,nov,fri,2,999,0,nonexistent,-3.4,92.649,-30.1,0.714,5017.5,yes,0,-1,0.7625
18,student,single,high.school,no,no,no,cellular,nov,fri,2,7,2,failure,-3.4,92.649,-30.1,0.714,5017.5,yes,1,7,0.7625
34,technician,single,university.degree,no,no,no,cellular,mar,thu,1,999,2,failure,-1.8,93.369,-34.8,0.654,5008.7,yes,0,-1,0.7625
41,management,married,university.degree,no,no,no,cellular,nov,mon,2,7,3,failure,-3.4,92.649,-30.1,0.715,5017.5,yes,1,7,0.7625
22,student,single,professional.course,no,yes,no,cellular,aug,mon,2,999,1,failure,-2.9,92.201,-31.4,0.861,5076.2,yes,0,-1,0.7625
30,technician,married,professional.course,no,yes,no,cellular,mar,tue,1,999,0,nonexistent,-1.8,93.369,-34.8,0.655,5008.7,yes,0,-1,0.7625
46,unemployed,married,basic.9y,no,yes,no,cellular,jun,tue,2,999,0,nonexistent,-2.9,92.963,-40.8,1.262,5076.2,yes,0,-1,0.7625
25,student,single,high.school,no,yes,no,cellular,sep,thu,3,999,0,nonexistent,-1.1,94.199,-37.5,0.879,4963.6,yes,0,-1,0.7625
50,blue-collar,divorced,professional.course,no,yes,no,telephone,nov,tue,2,7,2,success,-1.1,94.767,-50.8,1.049,4963.6,yes,1,7,0.7625
53,technician,married,university.degree,no,no,no,cellular,sep,thu,2,999,0,nonexistent,-1.1,94.199,-37.5,0.878,4963.6,yes,0,-1,0.7625
58,unknown,married,basic.9y,no,yes,no,cellular,dec,thu,1,999,1,failure,-3.0,92.713,-33.0,0.72,5023.5,yes,0,-1,0.7625
80,retired,married,basic.4y,no,yes,no,cellular,mar,thu,1,999,0,nonexistent,-1.8,93.369,-34.8,0.635,5008.7,yes,0,-1,0.7625
28,admin.,single,high.school,no,no,no,cellular,jun,mon,2,999,0,nonexistent,-2.9,92.963,-40.8,1.26,5076.2,yes,0,-1,0.7625
66,retired,divorced,basic.4y,no,yes,no,cellular,apr,wed,1,999,0,nonexistent,-1.8,93.749,-34.6,0.642,5008.7,yes,0,-1,0.7625
26,student,single,basic.9y,no,yes,no,cellular,aug,wed,1,4,1,success,-2.9,92.201,-31.4,0.879,5076.2,yes,1,4,0.7625
28,student,single,high.school,no,yes,no,cellular,jun,wed,4,999,0,nonexistent,-2.9,92.963,-40.8,1.26,5076.2,yes,0,-1,0.7625
33,admin.,married,high.school,no,no,no,telephone,jul,tue,1,999,0,nonexistent,-2.9,92.469,-33.6,1.044,5076.2,yes,0,-1,0.7625
50,admin.,married,high.school,no,yes,no,cellular,oct,thu,1,999,0,nonexistent,-1.1,94.601,-49.5,0.987,4963.6,yes,0,-1,0.7624835427552743
60,retired,married,high.school,no,no,no,cellular,apr,thu,1,999,0,nonexistent,-1.8,93.075,-47.1,1.365,5099.1,yes,0,-1,0.7622187287559484
31,admin.,married,university.degree,no,no,no,cellular,jun,thu,2,999,1,failure,-2.9,92.963,-40.8,1.26,5076.2,yes,0,-1,0.7622187287559484
30,admin.,married,university.degree,no,yes,yes,cellular,apr,tue,1,999,0,nonexistent,-1.8,93.075,-47.1,1.423,5099.1,yes,0,-1,0.7619933670797695
30,technician,single,university.degree,no,yes,no,cellular,jun,fri,2,999,0,nonexistent,-2.9,92.963,-40.8,1.268,5076.2,yes,0,-1,0.7616666335168424
56,admin.,divorced,unknown,no,yes,no,telephone,jul,fri,2,999,0,nonexistent,-2.9,92.469,-33.6,1.059,5076.2,yes,0,-1,0.76
24,unemployed,married,high.school,no,yes,no,cellular,nov,mon,1,999,1,failure,-3.4,92.649,-30.1,0.715,5017.5,yes,0,-1,0.76
32,technician,single,professional.course,no,no,no,cellular,aug,wed,2,999,1,failure,-2.9,92.201,-31.4,0.879,5076.2,yes,0,-1,0.76
29,admin.,single,basic.9y,unknown,no,no,cellular,may,thu,2,999,0,nonexistent,-1.8,92.893,-46.2,1.266,5099.1,yes,0,-1,0.76
54,blue-collar,married,basic.9y,no,no,no,cellular,may,thu,2,6,2,success,-1.8,92.893,-46.2,1.266,5099.1,yes,1,6,0.76
65,retired,single,university.degree,no,no,no,cellular,nov,thu,1,999,2,failure,-3.4,92.649,-30.1,0.714,5017.5,yes,0,-1,0.76
34,admin.,married,university.degree,no,yes,yes,cellular,may,wed,1,7,1,success,-1.8,92.893,-46.2,1.27,5099.1,yes,1,7,0.76
29,admin.,single,high.school,no,no,yes,cellular,apr,wed,1,6,1,success,-1.8,93.075,-47.1,1.405,5099.1,yes,1,6,0.76
78,retired,married,basic.4y,no,yes,no,telephone,apr,tue,2,999,0,nonexistent,-1.8,93.075,-47.1,1.405,5099.1,yes,0,-1,0.76
30,technician,single,professional.course,no,unknown,unknown,telephone,sep,tue,1,12,2,failure,-1.1,94.199,-37.5,0.877,4963.6,yes,1,12,0.76
59,technician,married,basic.9y,no,no,no,cellular,oct,fri,1,999,0,nonexistent,-3.4,92.431,-26.9,0.72,5017.5,yes,0,-1,0.76
66,retired,married,basic.4y,no,yes,no,cellular,apr,wed,11,999,0,nonexistent,-1.8,93.075,-47.1,1.415,5099.1,yes,0,-1,0.76
36,self-employed,single,university.degree,no,no,yes,cellular,jun,mon,1,4,4,success,-1.7,94.055,-39.8,0.72,4991.6,yes,1,4,0.76
51,blue-collar,married,basic.9y,no,yes,no,cellular,oct,thu,2,999,0,nonexistent,-3.4,92.431,-26.9,0.722,5017.5,yes,0,-1,0.76
58,admin.,married,university.degree,no,yes,yes,cellular,may,mon,2,999,0,nonexistent,-1.8,92.893,-46.2,1.354,5099.1,yes,0,-1,0.76
25,services,single,high.school,no,yes,no,cellular,oct,thu,2,999,0,nonexistent,-3.4,92.431,-26.9,0.733,5017.5,yes,0,-1,0.76
53,retired,single,basic.4y,no,yes,no,cellular,jun,mon,3,999,0,nonexistent,-2.9,92.963,-40.8,1.281,5076.2,yes,0,-1,0.76
42,management,married,basic.6y,no,yes,no,cellular,sep,thu,3,999,0,nonexistent,-3.4,92.379,-29.8,0.778,5017.5,yes,0,-1,0.76
29,blue-collar,single,basic.6y,no,no,no,cellular,aug,fri,3,999,0,nonexistent,-2.9,92.201,-31.4,0.869,5076.2,yes,0,-1,0.76
32,admin.,married,high.school,no,yes,no,cellular,sep,mon,1,999,0,nonexistent,-1.1,94.199,-37.5,0.879,4963.6,yes,0,-1,0.76
31,blue-collar,married,basic.6y,no,yes,no,cellular,may,wed,3,999,0,nonexistent,-1.8,92.893,-46.2,1.281,5099.1,yes,0,-1,0.7598984748254318
40,admin.,married,university.degree,no,no,yes,cellular,apr,thu,1,999,0,nonexistent,-1.8,93.075,-47.1,1.365,5099.1,yes,0,-1,0.7597211566475672
54,unemployed,married,basic.9y,no,no,no,cellular,may,wed,1,3,1,success,-1.8,92.893,-46.2,1.27,5099.1,yes,1,3,0.7597023360373428
21,student,single,basic.9y,no,yes,no,cellular,mar,wed,2,999,1,failure,-1.8,93.369,-34.8,0.655,5008.7,yes,0,-1,0.759557606413803
51,self-employed,single,basic.9y,no,yes,no,cellular,nov,thu,1,999,0,nonexistent,-3.4,92.649,-30.1,0.714,5017.5,yes,0,-1,0.7594292633776828
32,technician,divorced,professional.course,no,yes,no,cellular,mar,tue,2,999,0,nonexistent,-1.8,92.843,-50.0,1.556,5099.1,yes,0,-1,0.7591857774733342
49,blue-collar,married,basic.9y,unknown,yes,no,cellular,mar,mon,4,999,1,failure,-1.8,93.369,-34.8,0.652,5008.7,yes,0,-1,0.7575
48,technician,divorced,high.school,no,yes,no,cellular,apr,thu,1,999,1,failure,-1.8,93.075,-47.1,1.365,5099.1,yes,0,-1,0.7575
30,admin.,single,university.degree,no,yes,yes,telephone,apr,thu,2,999,0,nonexistent,-1.8,93.075,-47.1,1.365,5099.1,yes,0,-1,0.7575
21,student,single,high.school,no,yes,no,cellular,jun,mon,1,999,0,nonexistent,-1.7,94.055,-39.8,0.72,4991.6,yes,0,-1,0.7575
22,student,single,basic.6y,no,yes,no,cellular,aug,thu,2,4,2,success,-2.9,92.201,-31.4,0.873,5076.2,yes,1,4,0.7575
36,services,married,basic.9y,no,yes,no,cellular,aug,fri,1,999,1,failure,-2.9,92.201,-31.4,0.881,5076.2,yes,0,-1,0.7575
25,student,single,high.school,no,yes,no,cellular,oct,mon,2,6,3,success,-1.1,94.601,-49.5,1.032,4963.6,yes,1,6,0.7575
34,admin.,married,professional.course,no,yes,yes,cellular,sep,tue,1,999,1,failure,-1.1,94.199,-37.5,0.877,4963.6,yes,0,-1,0.7575
56,technician,married,basic.4y,no,no,no,cellular,may,wed,3,3,1,success,-1.8,92.893,-46.2,1.27,5099.1,yes,1,3,0.7575
36,technician,single,professional.course,no,no,no,cellular,jun,fri,2,999,0,nonexistent,-2.9,92.963,-40.8,1.268,5076.2,yes,0,-1,0.7575
63,housemaid,married,basic.4y,no,no,no,cellular,aug,tue,1,999,0,nonexistent,-2.9,92.201,-31.4,0.838,5076.2,yes,0,-1,0.7575
51,management,married,high.school,no,yes,yes,cellular,aug,fri,4,999,0,nonexistent,-2.9,92.201,-31.4,0.849,5076.2,yes,0,-1,0.7575
39,entrepreneur,married,basic.6y,no,yes,no,cellular,sep,tue,2,16,1,success,-3.4,92.379,-29.8,0.819,5017.5,yes,1,16,0.7575
27,admin.,married,university.degree,no,yes,no,cellular,sep,tue,2,6,2,failure,-3.4,92.379,-29.8,0.77,5017.5,yes,1,6,0.7575
33,admin.,single,high.school,unknown,no,no,cellular,may,thu,1,12,1,success,-1.8,92.893,-46.2,1.266,5099.1,yes,1,12,0.7575
26,blue-collar,married,basic.9y,no,yes,yes,cellular,apr,thu,2,999,0,nonexistent,-1.8,93.075,-47.1,1.41,5099.1,yes,0,-1,0.7575
28,unemployed,single,high.school,no,no,no,cellular,apr,mon,1,999,0,nonexistent,-1.8,93.075,-47.1,1.392,5099.1,yes,0,-1,0.7575
39,admin.,married,high.school,no,no,no,cellular,may,mon,5,999,0,nonexistent,-1.8,92.893,-46.2,1.354,5099.1,yes,0,-1,0.7575
30,admin.,single,university.degree,no,no,no,cellular,nov,tue,2,999,2,failure,-3.4,92.649,-30.1,0.715,5017.5,yes,0,-1,0.7575
47,blue-collar,married,basic.9y,no,unknown,unknown,cellular,jun,tue,1,999,0,nonexistent,-1.7,94.055,-39.8,0.713,4991.6,yes,0,-1,0.7575
25,blue-collar,single,basic.6y,no,no,no,cellular,mar,tue,4,999,0,nonexistent,-1.8,93.369,-34.8,0.655,5008.7,yes,0,-1,0.7573547583265898
28,unemployed,married,professional.course,no,yes,no,cellular,aug,fri,3,999,1,failure,-2.9,92.201,-31.4,0.869,5076.2,yes,0,-1,0.7572210352529862
30,services,single,high.school,no,yes,no,cellular,aug,thu,2,999,0,nonexistent,-2.9,92.201,-31.4,0.873,5076.2,yes,0,-1,0.7572184859667864
51,housemaid,married,unknown,no,no,no,cellular,aug,fri,1,999,1,failure,-2.9,92.201,-31.4,0.881,5076.2,yes,0,-1,0.757212780421482
35,technician,married,professional.course,no,no,no,cellular,aug,tue,1,999,0,nonexistent,-2.9,92.201,-31.4,0.859,5076.2,yes,0,-1,0.7563476581554635
35,technician,single,professional.course,no,yes,no,cellular,nov,thu,2,999,1,failure,-3.4,92.649,-30.1,0.714,5017.5,yes,0,-1,0.7561588607095576
26,admin.,single,university.degree,no,yes,no,telephone,dec,wed,1,999,0,nonexistent,-3.0,92.713,-33.0,0.715,5023.5,yes,0,-1,0.756144387597609
34,blue-collar,married,basic.9y,no,no,no,cellular,may,fri,1,999,0,nonexistent,-1.8,92.893,-46.2,1.313,5099.1,yes,0,-1,0.7560460003929215
18,student,single,basic.9y,no,no,no,cellular,dec,thu,2,999,0,nonexistent,-3.0,92.713,-33.0,0.712,5023.5,yes,0,-1,0.7556618716766778
66,retired,unknown,basic.9y,no,yes,no,cellular,aug,wed,3,999,2,failure,-2.9,92.201,-31.4,0.879,5076.2,yes,0,-1,0.755
28,blue-collar,married,basic.9y,no,yes,no,cellular,may,tue,1,999,0,nonexistent,-1.8,92.893,-46.2,1.266,5099.1,yes,0,-1,0.755
46,unemployed,married,basic.9y,no,yes,yes,cellular,jun,tue,4,999,1,failure,-2.9,92.963,-40.8,1.262,5076.2,yes,0,-1,0.755
29,blue-collar,single,basic.9y,no,no,yes,cellular,oct,wed,2,999,0,nonexistent,-3.4,92.431,-26.9,0.735,5017.5,yes,0,-1,0.755
29,technician,single,university.degree,no,no,no,telephone,nov,mon,1,3,2,success,-1.1,94.767,-50.8,1.05,4963.6,yes,1,3,0.755
74,retired,married,unknown,no,no,yes,cellular,mar,fri,2,999,0,nonexistent,-1.8,93.369,-34.8,0.653,5008.7,yes,0,-1,0.755
79,retired,married,basic.4y,no,no,yes,cellular,nov,tue,1,999,0,nonexistent,-3.4,92.649,-30.1,0.72,5017.5,yes,0,-1,0.755
39,admin.,married,university.degree,no,no,no,cellular,apr,wed,1,999,0,nonexistent,-1.8,93.075,-47.1,1.405,5099.1,yes,0,-1,0.755
32,admin.,single,high.school,unknown,no,no,cellular,jul,mon,3,999,0,nonexistent,1.4,93.918,-42.7,4.96,5228.1,yes,0,-1,0.755
30,technician,single,university.degree,no,no,no,cellular,sep,thu,2,999,0,nonexistent,-1.1,94.199,-37.5,0.879,4963.6,yes,0,-1,0.755
57,management,married,unknown,no,no,no,cellular,jun,mon,1,999,0,nonexistent,-2.9,92.963,-40.8,1.26,5076.2,yes,0,-1,0.755
57,housemaid,married,basic.4y,no,yes,no,telephone,apr,wed,3,999,1,failure,-1.8,93.749,-34.6,0.642,5008.7,yes,0,-1,0.755
20,student,single,high.school,no,yes,no,cellular,jul,wed,1,999,0,nonexistent,-2.9,92.469,-33.6,1.029,5076.2,yes,0,-1,0.755
37,admin.,married,university.degree,no,yes,no,cellular,jul,mon,2,999,0,nonexistent,-2.9,92.469,-33.6,1.048,5076.2,yes,0,-1,0.755
33,technician,married,professional.course,no,no,yes,cellular,apr,thu,1,999,0,nonexistent,-1.8,93.075,-47.1,1.41,5099.1,yes,0,-1,0.755
32,student,married,high.school,no,yes,no,cellular,apr,thu,1,999,0,nonexistent,-1.8,93.075,-47.1,1.365,5099.1,yes,0,-1,0.7548506747456035
38,self-employed,married,basic.9y,no,no,no,cellular,may,wed,2,999,0,nonexistent,-1.8,92.893,-46.2,1.281,5099.1,yes,0,-1,0.754719578518015
26,admin.,single,university.degree,no,no,no,cellular,oct,fri,1,999,0,nonexistent,-3.4,92.431,-26.9,0.739,5017.5,yes,0,-1,0.7547192750315627
31,blue-collar,married,basic.9y,no,yes,no,cellular,jul,wed,1,999,0,nonexistent,1.4,93.918,-42.7,4.962,5228.1,yes,0,-1,0.7546980387667099
31,blue-collar,married,basic.9y,no,yes,no,cellular,jul,wed,1,999,0,nonexistent,1.4,93.918,-42.7,4.962,5228.1,no,0,-1,0.7546980387667099
31,blue-collar,married,basic.9y,no,yes,no,cellular,jul,wed,1,999,0,nonexistent,1.4,93.918,-42.7,4.962,5228.1,yes,0,-1,0.7546980387667099
31,blue-collar,married,basic.9y,no,yes,no,cellular,jul,wed,1,999,0,nonexistent,1.4,93.918,-42.7,4.962,5228.1,no,0,-1,0.7546980387667099
39,technician,married,university.degree,no,yes,no,cellular,aug,fri,2,999,0,nonexistent,-2.9,92.201,-31.4,0.869,5076.2,yes,0,-1,0.7546069341554318
64,management,married,university.degree,no,no,no,cellular,jun,tue,1,999,0,nonexistent,-2.9,92.963,-40.8,1.099,5076.2,yes,0,-1,0.7543142062408649
33,admin.,single,university.degree,no,yes,yes,cellular,mar,tue,1,999,0,nonexistent,-1.8,92.843,-50.0,1.614,5099.1,yes,0,-1,0.7539297719566396
40,admin.,married,high.school,no,no,no,cellular,oct,wed,3,999,1,failure,-3.4,92.431,-26.9,0.724,5017.5,yes,0,-1,0.7525
39,blue-collar,married,basic.9y,no,yes,no,telephone,oct,fri,1,999,0,nonexistent,-0.1,93.798,-40.4,4.918,5195.8,yes,0,-1,0.7525
48,technician,married,professional.course,no,yes,yes,cellular,apr,thu,1,999,1,failure,-1.8,93.075,-47.1,1.365,5099.1,yes,0,-1,0.7525
58,retired,married,basic.4y,no,no,no,cellular,apr,thu,1,999,1,failure,-1.8,93.075,-47.1,1.365,5099.1,yes,0,-1,0.7525
73,retired,divorced,basic.4y,no,no,yes,cellular,apr,tue,1,999,0,nonexistent,-1.8,93.075,-47.1,1.423,5099.1,yes,0,-1,0.7525
50,entrepreneur,divorced,university.degree,no,yes,no,telephone,oct,tue,7,11,2,success,-1.1,94.601,-49.5,1.008,4963.6,yes,1,11,0.7525
35,unemployed,married,university.degree,no,no,no,cellular,oct,thu,5,999,0,nonexistent,-3.4,92.431,-26.9,0.733,5017.5,yes,0,-1,0.7525
29,blue-collar,married,basic.9y,no,yes,no,cellular,apr,thu,2,999,0,nonexistent,-1.8,93.075,-47.1,1.435,5099.1,yes,0,-1,0.7525
57,admin.,married,university.degree,no,yes,no,cellular,aug,tue,1,999,1,failure,-2.9,92.201,-31.4,0.883,5076.2,yes,0,-1,0.7525
27,admin.,single,university.degree,unknown,no,yes,cellular,jul,mon,1,999,0,nonexistent,-1.7,94.215,-40.3,0.827,4991.6,yes,0,-1,0.7525
21,unemployed,single,high.school,no,yes,no,cellular,jul,fri,1,999,0,nonexistent,-2.9,92.469,-33.6,1.059,5076.2,yes,0,-1,0.7525
43,services,married,basic.6y,no,no,no,cellular,sep,tue,1,999,1,failure,-3.4,92.379,-29.8,0.75,5017.5,yes,0,-1,0.7525
34,admin.,single,high.school,no,yes,no,cellular,may,wed,1,11,1,success,-1.8,92.893,-46.2,1.334,5099.1,yes,1,11,0.7525
26,admin.,single,basic.9y,unknown,yes,no,cellular,may,thu,1,999,0,nonexistent,-1.8,92.893,-46.2,1.327,5099.1,yes,0,-1,0.7525
31,student,single,unknown,no,no,no,cellular,may,thu,2,999,1,failure,-1.8,93.876,-40.0,0.677,5008.7,yes,0,-1,0.7525
18,student,single,unknown,no,yes,no,cellular,sep,fri,1,999,0,nonexistent,-3.4,92.379,-29.8,0.803,5017.5,yes,0,-1,0.7525
28,blue-collar,single,basic.9y,unknown,no,no,cellular,may,thu,3,999,1,failure,-1.8,92.893,-46.2,1.266,5099.1,yes,0,-1,0.7525
28,unemployed,single,basic.9y,no,no,yes,cellular,aug,tue,1,999,1,failure,-1.7,94.027,-38.3,0.899,4991.6,yes,0,-1,0.7525
30,admin.,single,university.degree,no,yes,no,cellular,apr,tue,1,999,0,nonexistent,-1.8,93.749,-34.6,0.646,5008.7,yes,0,-1,0.7525
37,management,married,unknown,no,no,no,cellular,dec,wed,3,999,0,nonexistent,-3.0,92.713,-33.0,0.715,5023.5,yes,0,-1,0.7525
40,technician,single,university.degree,no,no,no,cellular,nov,mon,2,3,1,success,-3.4,92.649,-30.1,0.714,5017.5,yes,1,3,0.7525
51,technician,married,professional.course,no,yes,no,cellular,sep,mon,2,999,2,failure,-1.1,94.199,-37.5,0.882,4963.6,yes,0,-1,0.7525
57,retired,married,basic.4y,no,yes,yes,cellular,jun,tue,3,999,0,nonexistent,-2.9,92.963,-40.8,1.252,5076.2,yes,0,-1,0.7525
24,blue-collar,single,unknown,no,no,yes,cellular,jun,mon,1,999,0,nonexistent,-2.9,92.963,-40.8,1.26,5076.2,yes,0,-1,0.7525
85,retired,married,basic.4y,unknown,yes,no,cellular,apr,tue,3,999,0,nonexistent,-1.8,93.075,-47.1,1.405,5099.1,yes,0,-1,0.7525
34,technician,single,professional.course,no,yes,yes,cellular,mar,fri,3,999,0,nonexistent,-1.8,92.843,-50.0,1.726,5099.1,yes,0,-1,0.7525
65,retired,married,basic.9y,no,no,no,cellular,jun,mon,1,999,0,nonexistent,-2.9,92.963,-40.8,1.266,5076.2,yes,0,-1,0.7525
39,management,married,university.degree,no,yes,no,telephone,nov,wed,1,999,0,nonexistent,-0.1,93.2,-42.0,4.663,5195.8,yes,0,-1,0.7525
51,technician,married,university.degree,no,yes,no,cellular,apr,thu,2,999,1,failure,-1.8,93.075,-47.1,1.365,5099.1,yes,0,-1,0.7525
42,services,divorced,university.degree,no,unknown,unknown,cellular,nov,tue,1,999,1,failure,-1.1,94.767,-50.8,1.046,4963.6,yes,0,-1,0.7525
60,blue-collar,married,professional.course,no,yes,no,cellular,apr,wed,1,999,0,nonexistent,-1.8,93.075,-47.1,1.405,5099.1,yes,0,-1,0.7523506406627901
54,management,married,university.degree,no,no,no,cellular,apr,tue,1,999,0,nonexistent,-1.8,93.075,-47.1,1.405,5099.1,yes,0,-1,0.7522401511437249
32,technician,single,university.degree,no,no,no,cellular,jun,mon,1,999,0,nonexistent,-2.9,92.963,-40.8,1.266,5076.2,yes,0,-1,0.7522146013401962
39,services,married,university.degree,no,no,no,cellular,apr,thu,1,999,0,nonexistent,-1.8,93.075,-47.1,1.365,5099.1,yes,0,-1,0.7501564924985229
30,services,single,high.school,no,yes,no,cellular,jun,mon,2,999,0,nonexistent,-2.9,92.963,-40.8,1.26,5076.2,yes,0,-1,0.75
32,technician,married,professional.course,no,yes,no,telephone,nov,tue,1,999,0,nonexistent,-0.1,93.2,-42.0,4.7,5195.8,yes,0,-1,0.75
28,management,single,university.degree,no,yes,no,cellular,jun,thu,1,999,0,nonexistent,-1.7,94.055,-39.8,0.729,4991.6,yes,0,-1,0.75
59,retired,married,professional.course,no,yes,yes,cellular,jun,mon,1,999,0,nonexistent,-2.9,92.963,-40.8,1.266,5076.2,yes,0,-1,0.75
28,services,married,basic.9y,no,yes,no,telephone,oct,fri,1,999,1,failure,-3.4,92.431,-26.9,0.739,5017.5,yes,0,-1,0.75
73,retired,married,basic.4y,no,unknown,unknown,cellular,aug,mon,3,999,1,failure,-2.9,92.201,-31.4,0.821,5076.2,yes,0,-1,0.75
35,technician,divorced,professional.course,no,no,no,cellular,may,fri,3,999,0,nonexistent,-1.8,92.893,-46.2,1.25,5099.1,yes,0,-1,0.75
55,entrepreneur,divorced,basic.9y,no,no,no,cellular,dec,fri,7,999,0,nonexistent,-3.0,92.713,-33.0,0.71,5023.5,yes,0,-1,0.75
28,unemployed,married,professional.course,no,no,no,cellular,aug,fri,2,999,0,nonexistent,-2.9,92.201,-31.4,0.869,5076.2,yes,0,-1,0.75
56,blue-collar,married,basic.4y,unknown,no,no,telephone,may,fri,15,999,0,nonexistent,1.1,93.994,-36.4,4.864,5191.0,yes,0,-1,0.75
49,admin.,married,university.degree,no,yes,yes,cellular,apr,tue,2,999,3,failure,-1.8,93.749,-34.6,0.644,5008.7,yes,0,-1,0.75
20,technician,single,unknown,no,no,no,cellular,jun,mon,1,999,0,nonexistent,-2.9,92.963,-40.8,1.26,5076.2,yes,0,-1,0.75
46,unemployed,married,basic.9y,no,no,no,cellular,jun,tue,2,999,1,failure,-2.9,92.963,-40.8,1.262,5076.2,yes,0,-1,0.75
47,admin.,single,university.degree,no,yes,no,cellular,aug,tue,1,999,1,failure,-2.9,92.201,-31.4,0.859,5076.2,yes,0,-1,0.75
60,admin.,married,university.degree,no,yes,no,telephone,jul,thu,1,999,0,nonexistent,-2.9,92.469,-33.6,1.072,5076.2,yes,0,-1,0.75
32,services,married,high.school,unknown,no,no,cellular,may,mon,3,10,1,success,-1.8,92.893,-46.2,1.244,5099.1,yes,1,10,0.75
25,admin.,single,university.degree,no,no,no,cellular,jun,tue,1,999,0,nonexistent,-2.9,92.963,-40.8,1.262,5076.2,yes,0,-1,0.749849583660442
57,blue-collar,married,high.school,unknown,yes,no,cellular,jul,fri,1,999,0,nonexistent,1.4,93.918,-42.7,4.957,5228.1,yes,0,-1,0.7495234731920875
53,admin.,divorced,high.school,no,no,no,cellular,oct,thu,1,999,0,nonexistent,-3.4,92.431,-26.9,0.722,5017.5,yes,0,-1,0.7494398247062252
48,technician,married,university.degree,no,yes,yes,cellular,oct,tue,2,999,0,nonexistent,-1.1,94.601,-49.5,1.008,4963.6,yes,0,-1,0.7494350903175682
45,admin.,single,university.degree,no,no,no,cellular,may,fri,1,3,1,success,-1.8,92.893,-46.2,1.259,5099.1,yes,1,3,0.7489950492142862
30,management,married,university.degree,no,no,no,cellular,mar,mon,1,999,0,nonexistent,-1.8,92.843,-50.0,1.811,5099.1,yes,0,-1,0.7487993807664342
56,entrepreneur,married,university.degree,no,yes,yes,cellular,apr,thu,1,999,0,nonexistent,-1.8,93.075,-47.1,1.365,5099.1,yes,0,-1,0.7485899776771116
50,blue-collar,divorced,professional.course,no,yes,no,cellular,nov,mon,1,999,0,nonexistent,-1.1,94.767,-50.8,1.05,4963.6,yes,0,-1,0.7481324764660374
32,technician,single,professional.course,no,yes,no,cellular,aug,tue,3,999,0,nonexistent,1.4,93.444,-36.1,4.966,5228.1,yes,0,-1,0.748047530107905
65,retired,married,high.school,no,yes,no,cellular,oct,tue,2,999,0,nonexistent,-3.4,92.431,-26.9,0.744,5017.5,yes,0,-1,0.7476499537901211
18,student,single,basic.6y,no,no,yes,cellular,oct,fri,2,999,0,nonexistent,-3.4,92.431,-26.9,0.72,5017.5,yes,0,-1,0.7475
40,self-employed,single,university.degree,unknown,yes,yes,cellular,apr,thu,1,2,1,success,-1.8,93.075,-47.1,1.365,5099.1,yes,1,2,0.7475
26,admin.,single,high.school,no,no,no,cellular,apr,wed,1,999,0,nonexistent,-1.8,93.075,-47.1,1.415,5099.1,yes,0,-1,0.7475
34,technician,divorced,professional.course,no,no,no,telephone,mar,fri,1,999,1,failure,-1.8,93.369,-34.8,0.653,5008.7,yes,0,-1,0.7475
24,unknown,single,university.degree,no,yes,no,cellular,jun,tue,1,999,0,nonexistent,-2.9,92.963,-40.8,1.262,5076.2,yes,0,-1,0.7475
39,admin.,divorced,professional.course,no,no,no,cellular,mar,thu,4,999,1,failure,-1.8,93.369,-34.8,0.643,5008.7,yes,0,-1,0.7475
87,retired,divorced,basic.4y,no,no,no,cellular,aug,fri,1,999,0,nonexistent,-2.9,92.201,-31.4,0.849,5076.2,yes,0,-1,0.7475
36,technician,single,professional.course,no,yes,no,cellular,jun,fri,2,3,1,success,-2.9,92.963,-40.8,1.268,5076.2,yes,1,3,0.7475
58,retired,married,basic.4y,no,no,no,cellular,jul,wed,1,999,0,nonexistent,1.4,93.918,-42.7,4.962,5228.1,yes,0,-1,0.7475
42,unknown,single,university.degree,no,no,no,cellular,jul,fri,6,999,0,nonexistent,-1.7,94.215,-40.3,0.885,4991.6,yes,0,-1,0.7475
21,student,single,unknown,no,yes,yes,cellular,may,mon,2,999,0,nonexistent,-1.8,92.893,-46.2,1.354,5099.1,yes,0,-1,0.7475
32,admin.,married,university.degree,no,no,no,cellular,sep,thu,1,999,1,failure,-3.4,92.379,-29.8,0.809,5017.5,yes,0,-1,0.7475
37,management,single,basic.9y,no,no,no,cellular,oct,thu,1,999,0,nonexistent,-3.4,92.431,-26.9,0.741,5017.5,yes,0,-1,0.7475
50,management,married,university.degree,unknown,yes,no,cellular,aug,mon,2,999,0,nonexistent,1.4,93.444,-36.1,4.965,5228.1,yes,0,-1,0.7475
23,student,single,high.school,no,no,no,cellular,jul,mon,3,999,0,nonexistent,-2.9,92.469,-33.6,1.048,5076.2,yes,0,-1,0.7475
25,services,divorced,high.school,no,yes,yes,cellular,jun,thu,2,999,0,nonexistent,-2.9,92.963,-40.8,1.26,5076.2,yes,0,-1,0.7475
64,housemaid,married,unknown,no,yes,no,telephone,may,wed,3,999,0,nonexistent,-1.8,93.876,-40.0,0.697,5008.7,yes,0,-1,0.7475
24,management,single,university.degree,no,yes,no,cellular,oct,tue,2,999,1,failure,-3.4,92.431,-26.9,0.737,5017.5,yes,0,-1,0.7475
49,management,married,university.degree,no,no,no,cellular,jun,mon,2,999,0,nonexistent,-2.9,92.963,-40.8,1.266,5076.2,yes,0,-1,0.7475
25,student,single,university.degree,no,no,yes,telephone,jun,thu,6,999,1,failure,-2.9,92.963,-40.8,1.235,5076.2,yes,0,-1,0.7472183645722055
31,admin.,married,university.degree,no,yes,no,cellular,may,wed,2,10,1,success,-1.8,92.893,-46.2,1.281,5099.1,yes,1,10,0.7472169078372342
30,management,single,university.degree,no,no,yes,cellular,jun,fri,7,999,0,nonexistent,-2.9,92.963,-40.8,1.268,5076.2,yes,0,-1,0.7472105346217345
33,technician,single,university.degree,no,yes,no,cellular,apr,thu,1,999,0,nonexistent,-1.8,93.075,-47.1,1.435,5099.1,yes,0,-1,0.7470414755297794
41,self-employed,married,university.degree,no,unknown,unknown,telephone,dec,wed,1,999,0,nonexistent,-3.0,92.713,-33.0,0.715,5023.5,yes,0,-1,0.7469911132918984
57,technician,married,university.degree,no,yes,no,cellular,apr,thu,1,999,0,nonexistent,-1.8,93.075,-47.1,1.41,5099.1,yes,0,-1,0.7466600708944352
69,retired,divorced,basic.4y,no,yes,no,cellular,apr,mon,1,999,0,nonexistent,-1.8,93.075,-47.1,1.405,5099.1,yes,0,-1,0.7465288220070627
58,technician,married,professional.course,no,yes,no,cellular,aug,tue,2,999,0,nonexistent,-2.9,92.201,-31.4,0.883,5076.2,yes,0,-1,0.7462436823499674
37,admin.,single,university.degree,no,no,no,cellular,oct,fri,2,999,0,nonexistent,-3.4,92.431,-26.9,0.72,5017.5,yes,0,-1,0.7460277549794442
61,entrepreneur,married,university.degree,unknown,yes,no,cellular,aug,tue,1,999,0,nonexistent,-2.9,92.201,-31.4,0.883,5076.2,yes,0,-1,0.745531812550406
40,self-employed,single,university.degree,unknown,yes,no,cellular,apr,thu,1,999,0,nonexistent,-1.8,93.075,-47.1,1.365,5099.1,yes,0,-1,0.7453485462873715
26,admin.,single,high.school,no,yes,no,cellular,jul,fri,1,999,1,failure,-1.7,94.215,-40.3,0.885,4991.6,yes,0,-1,0.745
63,technician,married,professional.course,no,yes,no,cellular,oct,tue,1,999,0,nonexistent,-3.4,92.431,-26.9,0.728,5017.5,yes,0,-1,0.745
32,admin.,single,university.degree,no,no,yes,cellular,jul,thu,1,999,0,nonexistent,1.4,93.918,-42.7,4.958,5228.1,yes,0,-1,0.745
35,admin.,single,university.degree,no,yes,no,cellular,may,fri,1,12,1,success,-1.8,92.893,-46.2,1.313,5099.1,yes,1,12,0.745
43,admin.,married,university.degree,no,no,no,cellular,apr,thu,4,999,0,nonexistent,-1.8,93.075,-47.1,1.406,5099.1,yes,0,-1,0.745
33,blue-collar,married,professional.course,no,yes,no,cellular,aug,tue,4,999,0,nonexistent,-1.7,94.027,-38.3,0.886,4991.6,yes,0,-1,0.745
62,entrepreneur,married,university.degree,no,no,no,cellular,sep,tue,1,999,1,failure,-3.4,92.379,-29.8,0.77,5017.5,yes,0,-1,0.745
31,self-employed,married,professional.course,no,yes,no,cellular,mar,thu,4,999,3,failure,-1.8,93.369,-34.8,0.65,5008.7,yes,0,-1,0.745
73,retired,married,basic.4y,no,no,no,cellular,aug,mon,1,999,0,nonexistent,-2.9,92.201,-31.4,0.861,5076.2,yes,0,-1,0.745
25,admin.,single,university.degree,no,yes,yes,cellular,oct,fri,1,999,1,failure,-3.4,92.431,-26.9,0.739,5017.5,yes,0,-1,0.745
68,retired,married,professional.course,no,no,yes,cellular,may,thu,1,999,1,failure,-1.8,93.876,-40.0,0.692,5008.7,yes,0,-1,0.745
26,admin.,married,high.school,no,yes,no,cellular,nov,mon,5,999,0,nonexistent,-3.4,92.649,-30.1,0.714,5017.5,yes,0,-1,0.745
52,admin.,married,unknown,no,no,no,cellular,apr,wed,2,999,0,nonexistent,-1.8,93.749,-34.6,0.654,5008.7,yes,0,-1,0.745
31,blue-collar,married,university.degree,no,yes,no,cellular,jun,mon,2,999,0,nonexistent,-2.9,92.963,-40.8,1.26,5076.2,yes,0,-1,0.745
29,admin.,single,university.degree,no,yes,yes,cellular,aug,thu,3,3,1,success,-2.9,92.201,-31.4,0.873,5076.2,yes,1,3,0.745
40,blue-collar,divorced,professional.course,no,no,no,cellular,jun,wed,2,999,0,nonexistent,-2.9,92.963,-40.8,1.26,5076.2,yes,0,-1,0.745
19,student,single,unknown,no,yes,no,telephone,apr,tue,3,999,0,nonexistent,-1.8,93.075,-47.1,1.405,5099.1,yes,0,-1,0.745
35,management,married,university.degree,no,yes,no,cellular,nov,tue,1,999,2,failure,-3.4,92.649,-30.1,0.715,5017.5,yes,0,-1,0.745
21,student,single,basic.9y,no,yes,no,cellular,jul,tue,2,999,0,nonexistent,-1.7,94.215,-40.3,0.797,4991.6,yes,0,-1,0.745
45,unknown,married,unknown,no,no,no,telephone,nov,wed,1,999,0,nonexistent,-0.1,93.2,-42.0,4.663,5195.8,yes,0,-1,0.745
36,technician,married,professional.course,unknown,no,no,cellular,oct,thu,1,999,0,nonexistent,-3.4,92.431,-26.9,0.741,5017.5,yes,0,-1,0.744848081950114
35,management,married,university.degree,no,yes,yes,cellular,apr,thu,1,999,0,nonexistent,-1.8,93.075,-47.1,1.365,5099.1,yes,0,-1,0.7440250837382698
34,technician,married,unknown,no,no,no,cellular,nov,tue,3,999,0,nonexistent,-1.1,94.767,-50.8,1.046,4963.6,yes,0,-1,0.7438069557740529
29,admin.,single,university.degree,no,no,no,cellular,aug,fri,2,999,0,nonexistent,-2.9,92.201,-31.4,0.881,5076.2,yes,0,-1,0.7437472797965876
24,student,single,high.school,no,no,no,cellular,aug,thu,1,999,0,nonexistent,-2.9,92.201,-31.4,0.883,5076.2,yes,0,-1,0.7428330549733778
33,unemployed,single,unknown,no,yes,no,cellular,sep,fri,2,999,1,failure,-1.1,94.199,-37.5,0.879,4963.6,yes,0,-1,0.7425
26,admin.,married,high.school,no,yes,yes,cellular,jun,wed,2,999,1,failure,-1.7,94.055,-39.8,0.767,4991.6,yes,0,-1,0.7425
51,unemployed,married,basic.6y,no,yes,no,cellular,jun,thu,2,999,0,nonexistent,-2.9,92.963,-40.8,1.26,5076.2,yes,0,-1,0.7425
49,admin.,single,high.school,no,yes,no,telephone,oct,fri,1,999,1,failure,-3.4,92.431,-26.9,0.739,5017.5,yes,0,-1,0.7425
31,admin.,married,university.degree,no,yes,no,cellular,sep,thu,1,999,0,nonexistent,-1.1,94.199,-37.5,0.879,4963.6,yes,0,-1,0.7425
36,technician,single,professional.course,no,yes,no,cellular,aug,thu,1,999,0,nonexistent,-2.9,92.201,-31.4,0.851,5076.2,yes,0,-1,0.7425
27,admin.,single,university.degree,no,no,no,cellular,jun,mon,3,999,0,nonexistent,-2.9,92.963,-40.8,1.281,5076.2,yes,0,-1,0.7425
36,technician,married,university.degree,no,yes,no,cellular,sep,fri,1,999,1,failure,-1.1,94.199,-37.5,0.879,4963.6,yes,0,-1,0.7425
38,self-employed,divorced,high.school,no,no,no,cellular,aug,fri,3,999,1,failure,-2.9,92.201,-31.4,0.869,5076.2,yes,0,-1,0.7425
37,unemployed,married,university.degree,no,yes,no,cellular,oct,thu,2,999,1,failure,-3.4,92.431,-26.9,0.733,5017.5,yes,0,-1,0.7425
46,admin.,married,university.degree,no,no,no,telephone,may,thu,3,999,0,nonexistent,-1.8,93.876,-40.0,0.692,5008.7,yes,0,-1,0.7425
53,management,divorced,university.degree,no,no,no,cellular,jun,mon,1,999,0,nonexistent,-1.7,94.055,-39.8,0.754,4991.6,yes,0,-1,0.7425
28,student,single,high.school,no,no,no,cellular,sep,fri,2,999,0,nonexistent,-3.4,92.379,-29.8,0.803,5017.5,yes,0,-1,0.7425
35,student,single,high.school,no,no,yes,telephone,may,fri,1,999,0,nonexistent,1.1,93.994,-36.4,4.859,5191.0,yes,0,-1,0.7425
31,admin.,married,professional.course,no,no,no,cellular,mar,mon,2,999,0,nonexistent,-1.8,93.369,-34.8,0.646,5008.7,yes,0,-1,0.7425
33,admin.,married,university.degree,no,no,yes,cellular,sep,wed,1,999,2,failure,-1.1,94.199,-37.5,0.879,4963.6,yes,0,-1,0.7425
54,housemaid,married,high.school,no,no,no,cellular,apr,thu,1,999,0,nonexistent,-1.8,93.075,-47.1,1.365,5099.1,yes,0,-1,0.7425
31,technician,single,university.degree,no,yes,no,telephone,mar,fri,2,999,0,nonexistent,-1.8,92.843,-50.0,1.531,5099.1,yes,0,-1,0.7425
75,retired,divorced,basic.4y,no,no,no,cellular,apr,mon,4,999,0,nonexistent,-1.8,93.075,-47.1,1.405,5099.1,yes,0,-1,0.7425
31,admin.,married,high.school,no,no,yes,cellular,aug,mon,2,4,1,success,-2.9,92.201,-31.4,0.884,5076.2,yes,1,4,0.7425
71,management,married,university.degree,no,yes,no,cellular,oct,thu,3,999,2,failure,-3.4,92.431,-26.9,0.733,5017.5,yes,0,-1,0.7425
27,admin.,single,university.degree,no,yes,no,cellular,aug,fri,2,999,0,nonexistent,-1.7,94.027,-38.3,0.905,4991.6,yes,0,-1,0.7425
43,management,married,high.school,no,no,no,cellular,nov,thu,1,999,0,nonexistent,-3.4,92.649,-30.1,0.714,5017.5,yes,0,-1,0.7425
39,admin.,married,high.school,no,yes,no,cellular,may,mon,3,3,1,success,-1.8,92.893,-46.2,1.354,5099.1,yes,1,3,0.7425
26,technician,divorced,university.degree,no,no,no,cellular,jun,tue,1,999,0,nonexistent,-2.9,92.963,-40.8,1.262,5076.2,yes,0,-1,0.7425
27,management,single,university.degree,no,yes,no,cellular,jul,mon,2,999,0,nonexistent,-2.9,92.469,-33.6,0.944,5076.2,yes,0,-1,0.7425
61,admin.,married,high.school,no,yes,yes,cellular,nov,wed,2,999,0,nonexistent,-1.1,94.767,-50.8,1.044,4963.6,yes,0,-1,0.7423522756492672
39,blue-collar,married,basic.9y,no,no,no,cellular,aug,wed,1,999,0,nonexistent,-2.9,92.201,-31.4,0.884,5076.2,yes,0,-1,0.742350470235568
47,blue-collar,married,professional.course,no,yes,no,cellular,jul,fri,1,999,0,nonexistent,-2.9,92.469,-33.6,1.059,5076.2,yes,0,-1,0.7423502656939566
52,management,married,university.degree,no,no,no,cellular,aug,tue,1,999,0,nonexistent,-2.9,92.201,-31.4,0.884,5076.2,yes,0,-1,0.7422882202941942
39,admin.,single,university.degree,no,yes,no,telephone,mar,mon,1,999,1,failure,-1.8,93.369,-34.8,0.655,5008.7,yes,0,-1,0.7422268621928717
47,admin.,single,university.degree,no,no,no,cellular,oct,mon,3,999,0,nonexistent,-1.1,94.601,-49.5,1.0,4963.6,yes,0,-1,0.7422221885015052
38,management,married,university.degree,no,no,no,cellular,jul,tue,5,999,0,nonexistent,-2.9,92.469,-33.6,0.908,5076.2,yes,0,-1,0.7422143585510343
35,technician,divorced,professional.course,no,no,no,cellular,may,fri,1,999,0,nonexistent,-1.8,92.893,-46.2,1.259,5099.1,yes,0,-1,0.7420726374163812
64,admin.,married,university.degree,no,no,yes,telephone,apr,thu,3,2,1,success,-1.8,93.075,-47.1,1.365,5099.1,yes,1,2,0.7419913091836957
27,technician,single,basic.9y,no,no,yes,cellular,may,mon,1,12,1,success,-1.8,92.893,-46.2,1.299,5099.1,yes,1,12,0.7419903298955585
33,technician,married,professional.course,no,no,no,cellular,apr,thu,1,999,0,nonexistent,-1.8,93.075,-47.1,1.41,5099.1,yes,0,-1,0.74188878835118
34,blue-collar,single,unknown,no,yes,no,cellular,mar,fri,1,999,1,failure,-1.8,93.369,-34.8,0.636,5008.7,yes,0,-1,0.7418063211653443
28,technician,single,professional.course,no,yes,no,cellular,jun,wed,2,999,0,nonexistent,-2.9,92.963,-40.8,1.26,5076.2,yes,0,-1,0.7408802328028429
56,management,married,university.degree,no,yes,no,cellular,aug,tue,2,999,0,nonexistent,-2.9,92.201,-31.4,0.859,5076.2,yes,0,-1,0.740409546015907
25,admin.,married,university.degree,no,no,no,cellular,mar,fri,3,999,0,nonexistent,-1.8,92.843,-50.0,1.531,5099.1,yes,0,-1,0.7400779545953872
61,technician,married,professional.course,no,no,no,cellular,oct,thu,2,999,1,failure,-3.4,92.431,-26.9,0.722,5017.5,yes,0,-1,0.74
53,management,divorced,university.degree,no,yes,no,cellular,apr,thu,2,999,0,nonexistent,-1.8,93.749,-34.6,0.64,5008.7,yes,0,-1,0.74
29,admin.,married,high.school,no,yes,no,cellular,jun,wed,1,999,1,failure,-1.7,94.055,-39.8,0.727,4991.6,yes,0,-1,0.74
52,technician,married,basic.9y,no,no,no,cellular,mar,wed,3,999,0,nonexistent,-1.8,93.369,-34.8,0.644,5008.7,yes,0,-1,0.74
37,admin.,married,university.degree,no,yes,no,cellular,aug,tue,1,999,2,failure,-2.9,92.201,-31.4,0.859,5076.2,yes,0,-1,0.74
28,technician,single,professional.course,no,yes,no,cellular,aug,thu,3,999,0,nonexistent,-2.9,92.201,-31.4,0.851,5076.2,yes,0,-1,0.74
62,admin.,married,university.degree,no,yes,no,cellular,aug,fri,1,999,0,nonexistent,-2.9,92.201,-31.4,0.849,5076.2,yes,0,-1,0.74
59,housemaid,married,professional.course,no,no,no,cellular,may,mon,2,999,0,nonexistent,-1.8,92.893,-46.2,1.354,5099.1,yes,0,-1,0.74
65,housemaid,married,basic.4y,no,unknown,unknown,cellular,oct,tue,2,999,0,nonexistent,-3.4,92.431,-26.9,0.728,5017.5,yes,0,-1,0.74
30,services,single,high.school,no,yes,no,cellular,oct,mon,2,999,0,nonexistent,-3.4,92.431,-26.9,0.739,5017.5,yes,0,-1,0.74
26,blue-collar,single,basic.9y,no,no,no,cellular,apr,mon,1,999,0,nonexistent,-1.8,93.075,-47.1,1.405,5099.1,yes,0,-1,0.74
30,self-employed,married,university.degree,no,yes,no,telephone,mar,mon,7,999,0,nonexistent,-1.8,93.369,-34.8,0.646,5008.7,yes,0,-1,0.74
67,retired,married,basic.4y,no,yes,no,cellular,nov,thu,1,999,0,nonexistent,-3.4,92.649,-30.1,0.714,5017.5,yes,0,-1,0.74
36,admin.,single,university.degree,no,no,yes,cellular,nov,tue,1,999,0,nonexistent,-3.4,92.649,-30.1,0.72,5017.5,yes,0,-1,0.74
36,services,married,high.school,no,no,no,telephone,jul,wed,2,999,0,nonexistent,-1.7,94.215,-40.3,0.802,4991.6,yes,0,-1,0.74
48,self-employed,divorced,university.degree,no,no,no,cellular,aug,fri,4,999,0,nonexistent,-1.7,94.027,-38.3,0.898,4991.6,yes,0,-1,0.74
79,retired,married,basic.9y,no,yes,no,cellular,apr,thu,1,999,0,nonexistent,-1.8,93.075,-47.1,1.365,5099.1,yes,0,-1,0.739853874619348
29,technician,married,university.degree,no,yes,no,cellular,jul,wed,2,999,0,nonexistent,-2.9,92.469,-33.6,1.029,5076.2,yes,0,-1,0.7397297149655239
19,student,single,basic.4y,no,no,yes,cellular,apr,wed,2,999,0,nonexistent,-1.8,93.075,-47.1,1.405,5099.1,yes,0,-1,0.7391560216570852
21,admin.,single,high.school,no,no,no,cellular,jun,mon,1,999,0,nonexistent,-2.9,92.963,-40.8,1.26,5076.2,yes,0,-1,0.7375
52,blue-collar,married,basic.4y,no,yes,no,cellular,apr,wed,1,999,0,nonexistent,-1.8,93.075,-47.1,1.405,5099.1,yes,0,-1,0.7375
80,retired,married,basic.4y,no,yes,no,cellular,aug,wed,1,999,0,nonexistent,-2.9,92.201,-31.4,0.834,5076.2,yes,0,-1,0.7375
31,technician,married,professional.course,no,no,no,telephone,jun,wed,2,999,0,nonexistent,1.4,94.465,-41.8,4.962,5228.1,yes,0,-1,0.7375
31,technician,divorced,professional.course,no,yes,no,cellular,aug,thu,2,999,1,failure,-2.9,92.201,-31.4,0.883,5076.2,yes,0,-1,0.7375
48,blue-collar,married,basic.6y,no,yes,no,telephone,may,fri,5,999,0,nonexistent,1.1,93.994,-36.4,4.864,5191.0,yes,0,-1,0.7375
31,admin.,married,professional.course,no,no,yes,cellular,dec,mon,2,999,1,failure,-3.0,92.713,-33.0,0.709,5023.5,yes,0,-1,0.7375
24,blue-collar,single,high.school,no,yes,no,cellular,may,fri,3,999,0,nonexistent,-1.8,92.893,-46.2,1.25,5099.1,yes,0,-1,0.7375
49,blue-collar,married,basic.6y,no,yes,no,telephone,may,fri,2,999,0,nonexistent,1.1,93.994,-36.4,4.864,5191.0,yes,0,-1,0.7375
26,admin.,married,high.school,no,no,no,cellular,jun,wed,5,999,0,nonexistent,-1.7,94.055,-39.8,0.767,4991.6,yes,0,-1,0.7375
57,retired,divorced,basic.9y,no,yes,no,cellular,jul,fri,2,999,0,nonexistent,-2.9,92.469,-33.6,1.059,5076.2,yes,0,-1,0.7375
46,admin.,divorced,high.school,no,yes,no,cellular,jun,mon,1,999,0,nonexistent,-2.9,92.963,-40.8,1.26,5076.2,yes,0,-1,0.7375
26,admin.,single,university.degree,no,no,no,cellular,jul,fri,1,9,3,failure,-1.7,94.215,-40.3,0.885,4991.6,yes,1,9,0.7375
29,housemaid,single,high.school,no,yes,no,cellular,nov,wed,1,999,0,nonexistent,-0.1,93.2,-42.0,4.12,5195.8,yes,0,-1,0.7375
48,admin.,married,professional.course,no,yes,no,cellular,apr,mon,1,7,1,success,-1.8,93.749,-34.6,0.642,5008.7,yes,1,7,0.7375
36,management,married,university.degree,no,no,no,cellular,mar,thu,2,999,0,nonexistent,-1.8,92.843,-50.0,1.538,5099.1,yes,0,-1,0.7374384881975566
28,services,single,high.school,no,no,no,cellular,may,wed,2,999,0,nonexistent,-1.8,92.893,-46.2,1.281,5099.1,yes,0,-1,0.7372196999125958
31,services,married,high.school,no,yes,no,cellular,jun,wed,2,999,0,nonexistent,-2.9,92.963,-40.8,1.26,5076.2,yes,0,-1,0.7368536499810532
42,admin.,single,high.school,no,no,no,cellular,sep,thu,1,999,0,nonexistent,-1.1,94.199,-37.5,0.878,4963.6,yes,0,-1,0.7367821401841776
32,admin.,single,university.degree,no,yes,no,cellular,jun,thu,2,999,0,nonexistent,-2.9,92.963,-40.8,1.26,5076.2,yes,0,-1,0.7364374721064069
30,entrepreneur,single,university.degree,no,no,no,cellular,apr,thu,1,999,0,nonexistent,-1.8,93.075,-47.1,1.365,5099.1,yes,0,-1,0.7361032612564276
31,management,married,university.degree,no,yes,no,cellular,jun,tue,1,999,0,nonexistent,-2.9,92.963,-40.8,1.262,5076.2,yes,0,-1,0.7354983625818362
50,admin.,married,high.school,no,no,no,cellular,jul,wed,3,999,0,nonexistent,-2.9,92.469,-33.6,1.085,5076.2,yes,0,-1,0.735
27,self-employed,married,professional.course,no,no,no,telephone,nov,wed,1,999,0,nonexistent,-0.1,93.2,-42.0,4.663,5195.8,yes,0,-1,0.735
43,admin.,single,university.degree,no,yes,no,cellular,apr,mon,4,11,1,success,-1.8,93.075,-47.1,1.405,5099.1,yes,1,11,0.735
29,self-employed,single,university.degree,no,yes,no,cellular,jun,mon,2,999,1,failure,-1.7,94.055,-39.8,0.72,4991.6,yes,0,-1,0.735
32,technician,single,professional.course,no,no,no,cellular,aug,fri,1,999,0,nonexistent,-2.9,92.201,-31.4,0.881,5076.2,yes,0,-1,0.735
34,technician,married,professional.course,no,no,no,telephone,mar,mon,6,6,1,success,-1.8,93.369,-34.8,0.646,5008.7,yes,1,6,0.735
30,admin.,married,university.degree,no,yes,yes,cellular,sep,wed,5,999,0,nonexistent,-3.4,92.379,-29.8,0.781,5017.5,yes,0,-1,0.735
35,technician,married,professional.course,no,yes,no,telephone,jun,fri,1,999,0,nonexistent,-2.9,92.963,-40.8,1.268,5076.2,yes,0,-1,0.735
56,management,married,university.degree,no,unknown,unknown,cellular,nov,tue,1,999,0,nonexistent,-3.4,92.649,-30.1,0.72,5017.5,yes,0,-1,0.735
47,services,divorced,unknown,no,yes,no,cellular,aug,tue,2,999,1,failure,-1.7,94.027,-38.3,0.899,4991.6,yes,0,-1,0.735
23,admin.,single,university.degree,no,unknown,unknown,cellular,mar,thu,2,999,1,failure,-1.8,92.843,-50.0,1.757,5099.1,yes,0,-1,0.735
98,retired,married,basic.4y,unknown,yes,no,cellular,oct,fri,2,999,0,nonexistent,-3.4,92.431,-26.9,0.73,5017.5,yes,0,-1,0.735
31,admin.,single,university.degree,no,yes,no,cellular,may,mon,2,999,0,nonexistent,-1.8,92.893,-46.2,1.354,5099.1,yes,0,-1,0.735
29,student,single,unknown,no,yes,no,cellular,apr,fri,5,999,0,nonexistent,-1.8,93.075,-47.1,1.405,5099.1,yes,0,-1,0.735
44,blue-collar,single,unknown,no,yes,no,telephone,jul,wed,1,999,0,nonexistent,-2.9,92.469,-33.6,1.029,5076.2,yes,0,-1,0.735
41,entrepreneur,married,high.school,no,yes,no,cellular,jun,tue,1,999,0,nonexistent,-2.9,92.963,-40.8,1.262,5076.2,yes,0,-1,0.735
55,retired,married,basic.4y,no,no,no,cellular,jul,wed,1,999,0,nonexistent,1.4,93.918,-42.7,4.963,5228.1,yes,0,-1,0.735
61,retired,married,basic.4y,no,yes,yes,cellular,aug,fri,1,999,0,nonexistent,-2.9,92.201,-31.4,0.849,5076.2,yes,0,-1,0.735
24,student,single,high.school,no,unknown,unknown,cellular,jun,thu,3,999,2,failure,-2.9,92.963,-40.8,1.26,5076.2,yes,0,-1,0.735
61,admin.,married,university.degree,unknown,yes,no,cellular,jun,wed,2,999,0,nonexistent,-2.9,92.963,-40.8,1.26,5076.2,yes,0,-1,0.735
21,student,single,high.school,no,yes,no,cellular,may,tue,2,999,0,nonexistent,-1.8,92.893,-46.2,1.266,5099.1,yes,0,-1,0.735
27,services,single,university.degree,no,yes,no,cellular,mar,fri,3,999,1,failure,-1.8,93.369,-34.8,0.649,5008.7,yes,0,-1,0.735
35,admin.,married,university.degree,no,yes,no,telephone,sep,wed,1,999,0,nonexistent,-3.4,92.379,-29.8,0.753,5017.5,yes,0,-1,0.735
28,management,married,university.degree,no,no,no,cellular,nov,wed,3,999,0,nonexistent,-3.4,92.649,-30.1,0.715,5017.5,yes,0,-1,0.735
26,admin.,single,university.degree,no,no,no,cellular,aug,tue,1,15,1,success,-2.9,92.201,-31.4,0.883,5076.2,yes,1,15,0.735
34,blue-collar,married,high.school,no,yes,no,cellular,may,tue,1,3,2,success,-1.8,92.893,-46.2,1.344,5099.1,yes,1,3,0.735
30,blue-collar,single,basic.9y,no,yes,no,cellular,may,thu,1,10,1,success,-1.8,92.893,-46.2,1.327,5099.1,yes,1,10,0.735
40,unknown,single,unknown,no,no,no,cellular,sep,thu,1,999,1,failure,-3.4,92.379,-29.8,0.809,5017.5,yes,0,-1,0.735
25,student,single,high.school,no,no,no,telephone,apr,wed,1,999,0,nonexistent,-1.8,93.075,-47.1,1.415,5099.1,yes,0,-1,0.7348988531588432
38,technician,married,university.degree,no,no,no,cellular,mar,tue,2,999,2,failure,-1.8,92.843,-50.0,1.687,5099.1,yes,0,-1,0.7348221097132464
59,retired,married,professional.course,unknown,yes,yes,cellular,jul,mon,4,999,0,nonexistent,1.4,93.918,-42.7,4.96,5228.1,yes,0,-1,0.734722552685248
18,student,single,basic.9y,no,yes,no,cellular,aug,tue,1,999,0,nonexistent,-2.9,92.201,-31.4,0.884,5076.2,yes,0,-1,0.7347224919879577
33,blue-collar,divorced,basic.4y,no,yes,no,cellular,aug,tue,1,999,0,nonexistent,-2.9,92.201,-31.4,0.859,5076.2,yes,0,-1,0.7347155117995533
49,management,married,university.degree,no,yes,no,cellular,apr,thu,1,999,1,failure,-1.8,93.075,-47.1,1.365,5099.1,yes,0,-1,0.7347119306594153
31,services,married,basic.9y,no,yes,no,cellular,jul,wed,1,999,0,nonexistent,1.4,93.918,-42.7,4.962,5228.1,yes,0,-1,0.7346977566539785
34,blue-collar,married,basic.9y,no,no,yes,cellular,may,fri,1,999,0,nonexistent,-1.8,92.893,-46.2,1.313,5099.1,yes,0,-1,0.7346187754049773
58,unemployed,married,university.degree,no,yes,no,cellular,nov,thu,2,999,0,nonexistent,-1.1,94.767,-50.8,1.041,4963.6,yes,0,-1,0.7344560225233024
31,admin.,single,university.degree,no,yes,no,cellular,apr,thu,3,999,0,nonexistent,-1.8,93.075,-47.1,1.365,5099.1,yes,0,-1,0.7342251149907213
27,admin.,single,university.degree,no,yes,no,cellular,aug,wed,4,999,1,failure,-2.9,92.201,-31.4,0.879,5076.2,yes,0,-1,0.7340659527025164
67,retired,married,basic.4y,no,no,no,telephone,nov,mon,1,999,0,nonexistent,-3.4,92.649,-30.1,0.714,5017.5,yes,0,-1,0.7340438916383591
32,admin.,single,university.degree,no,no,no,cellular,oct,wed,1,999,0,nonexistent,-3.4,92.431,-26.9,0.724,5017.5,yes,0,-1,0.7336427249456559
53,blue-collar,married,basic.6y,unknown,yes,no,cellular,may,wed,1,999,0,nonexistent,-1.8,92.893,-46.2,1.281,5099.1,yes,0,-1,0.7334425309842167
28,admin.,married,university.degree,no,yes,no,cellular,may,mon,1,999,0,nonexistent,-1.8,92.893,-46.2,1.354,5099.1,yes,0,-1,0.7333741176193391
19,student,single,unknown,no,unknown,unknown,cellular,apr,mon,3,999,0,nonexistent,-1.8,93.075,-47.1,1.405,5099.1,yes,0,-1,0.7325
39,management,married,university.degree,no,no,no,telephone,jun,mon,3,999,0,nonexistent,1.4,94.465,-41.8,4.96,5228.1,yes,0,-1,0.7325
62,admin.,married,high.school,no,no,no,telephone,mar,mon,2,999,0,nonexistent,-1.8,92.843,-50.0,1.52,5099.1,yes,0,-1,0.7325
38,admin.,married,university.degree,no,yes,no,cellular,oct,wed,1,999,1,failure,-3.4,92.431,-26.9,0.735,5017.5,yes,0,-1,0.7325
29,services,single,high.school,no,yes,no,telephone,may,thu,1,999,0,nonexistent,-1.8,93.876,-40.0,0.699,5008.7,yes,0,-1,0.7325
53,admin.,married,high.school,no,no,no,cellular,jul,tue,1,999,1,failure,-2.9,92.469,-33.6,1.044,5076.2,yes,0,-1,0.7325
27,services,single,high.school,no,yes,no,cellular,apr,tue,1,999,0,nonexistent,-1.8,93.075,-47.1,1.405,5099.1,yes,0,-1,0.7325
39,entrepreneur,married,basic.6y,no,yes,no,cellular,sep,tue,2,999,0,nonexistent,-3.4,92.379,-29.8,0.819,5017.5,yes,0,-1,0.7325
20,student,single,high.school,no,no,no,cellular,nov,wed,1,999,3,failure,-3.4,92.649,-30.1,0.715,5017.5,yes,0,-1,0.7325
33,blue-collar,single,high.school,no,yes,no,cellular,mar,wed,4,999,1,failure,-1.8,92.843,-50.0,1.602,5099.1,yes,0,-1,0.7325
44,management,married,university.degree,no,no,no,cellular,aug,tue,2,999,2,failure,-2.9,92.201,-31.4,0.883,5076.2,yes,0,-1,0.7325
56,management,divorced,university.degree,no,no,no,cellular,sep,tue,1,999,1,failure,-3.4,92.379,-29.8,0.75,5017.5,yes,0,-1,0.7325
59,retired,married,professional.course,no,no,no,telephone,dec,tue,1,999,1,failure,-3.0,92.713,-33.0,0.715,5023.5,yes,0,-1,0.7325
34,admin.,divorced,university.degree,no,yes,no,telephone,jul,thu,3,999,1,failure,-1.7,94.215,-40.3,0.899,4991.6,yes,0,-1,0.7325
59,blue-collar,married,basic.4y,unknown,no,no,cellular,jun,wed,1,999,1,failure,-2.9,92.963,-40.8,1.26,5076.2,yes,0,-1,0.7325
29,technician,married,professional.course,no,no,no,cellular,may,fri,2,999,2,failure,-1.8,93.876,-40.0,0.699,5008.7,yes,0,-1,0.7322181217830436
30,admin.,married,university.degree,no,no,no,cellular,apr,thu,3,999,0,nonexistent,-1.8,93.075,-47.1,1.483,5099.1,yes,0,-1,0.7321621435169702
31,entrepreneur,single,university.degree,no,yes,no,cellular,aug,fri,3,999,0,nonexistent,-2.9,92.201,-31.4,0.869,5076.2,yes,0,-1,0.7320732042708797
31,blue-collar,single,high.school,no,yes,no,cellular,mar,tue,1,999,0,nonexistent,-1.8,92.843,-50.0,1.687,5099.1,yes,0,-1,0.731782663154033
39,technician,married,basic.9y,no,yes,no,cellular,apr,thu,1,999,0,nonexistent,-1.8,93.075,-47.1,1.365,5099.1,yes,0,-1,0.7317125635802494
23,management,single,university.degree,no,no,no,cellular,jul,thu,1,999,0,nonexistent,1.4,93.918,-42.7,4.958,5228.1,yes,0,-1,0.7314008678436181
32,technician,single,university.degree,no,yes,no,cellular,aug,tue,4,999,0,nonexistent,1.4,93.444,-36.1,4.966,5228.1,yes,0,-1,0.7311078306323141
54,management,married,university.degree,no,no,no,cellular,jul,mon,2,999,0,nonexistent,1.4,93.918,-42.7,4.962,5228.1,yes,0,-1,0.7310751837836307
25,unknown,single,university.degree,no,yes,no,telephone,apr,thu,2,999,0,nonexistent,-1.8,93.075,-47.1,1.365,5099.1,yes,0,-1,0.7310181815066005
33,technician,married,professional.course,no,yes,no,cellular,oct,fri,2,999,0,nonexistent,-3.4,92.431,-26.9,0.739,5017.5,yes,0,-1,0.7309628580486981
28,admin.,married,high.school,no,yes,no,cellular,may,wed,1,999,0,nonexistent,-1.8,92.893,-46.2,1.281,5099.1,yes,0,-1,0.7306515877528408
25,self-employed,divorced,university.degree,no,yes,no,cellular,apr,mon,5,999,0,nonexistent,-1.8,93.075,-47.1,1.405,5099.1,yes,0,-1,0.7306076683825187
31,services,married,basic.9y,no,no,no,cellular,jun,mon,1,999,0,nonexistent,-2.9,92.963,-40.8,1.266,5076.2,yes,0,-1,0.7303758274717602
52,management,married,basic.6y,no,no,no,cellular,nov,mon,2,999,1,failure,-3.4,92.649,-30.1,0.722,5017.5,yes,0,-1,0.73
71,retired,married,basic.9y,no,yes,yes,cellular,jul,fri,6,999,0,nonexistent,-1.7,94.215,-40.3,0.896,4991.6,yes,0,-1,0.73
20,student,single,unknown,no,yes,no,cellular,jun,wed,1,999,0,nonexistent,-2.9,92.963,-40.8,1.26,5076.2,yes,0,-1,0.73
37,admin.,married,university.degree,no,no,no,cellular,aug,wed,2,999,0,nonexistent,-2.9,92.201,-31.4,0.854,5076.2,yes,0,-1,0.73
39,technician,married,professional.course,no,yes,no,cellular,apr,thu,1,999,1,failure,-1.8,93.075,-47.1,1.365,5099.1,yes,0,-1,0.73
36,admin.,married,high.school,no,no,no,cellular,sep,thu,1,999,0,nonexistent,-3.4,92.379,-29.8,0.766,5017.5,yes,0,-1,0.73
24,admin.,married,basic.9y,no,yes,no,cellular,may,wed,1,10,1,success,-1.8,92.893,-46.2,1.281,5099.1,yes,1,10,0.73
65,housemaid,divorced,basic.4y,unknown,no,no,cellular,mar,fri,3,999,0,nonexistent,-1.8,93.369,-34.8,0.636,5008.7,yes,0,-1,0.73
29,technician,single,professional.course,no,no,no,cellular,mar,tue,2,999,0,nonexistent,-1.8,92.843,-50.0,1.614,5099.1,yes,0,-1,0.73
38,admin.,single,high.school,no,yes,yes,cellular,aug,mon,1,999,0,nonexistent,-2.9,92.201,-31.4,0.884,5076.2,yes,0,-1,0.73
46,admin.,married,high.school,no,yes,no,cellular,jul,tue,3,999,2,failure,-1.7,94.215,-40.3,0.797,4991.6,yes,0,-1,0.73
25,student,single,unknown,no,no,no,cellular,jun,mon,3,999,0,nonexistent,-2.9,92.963,-40.8,1.281,5076.2,yes,0,-1,0.73
40,admin.,married,high.school,no,no,no,cellular,aug,thu,2,999,0,nonexistent,-2.9,92.201,-31.4,0.873,5076.2,yes,0,-1,0.73
63,technician,married,high.school,no,no,no,cellular,apr,mon,3,999,0,nonexistent,-1.8,93.749,-34.6,0.642,5008.7,yes,0,-1,0.73
77,retired,married,high.school,no,yes,no,cellular,apr,thu,7,999,0,nonexistent,-1.8,93.749,-34.6,0.644,5008.7,yes,0,-1,0.73
28,management,married,university.degree,no,no,no,telephone,jun,wed,2,999,0,nonexistent,1.4,94.465,-41.8,4.962,5228.1,yes,0,-1,0.73
44,self-employed,single,professional.course,no,yes,no,cellular,may,mon,4,999,0,nonexistent,-1.8,92.893,-46.2,1.354,5099.1,yes,0,-1,0.73
36,admin.,single,high.school,no,unknown,unknown,cellular,dec,mon,1,999,1,failure,-3.0,92.713,-33.0,0.717,5023.5,yes,0,-1,0.73
65,management,married,university.degree,no,no,no,telephone,may,mon,3,6,1,success,-1.8,92.893,-46.2,1.354,5099.1,yes,1,6,0.73
29,unemployed,married,basic.4y,no,no,no,telephone,dec,thu,1,999,0,nonexistent,-3.0,92.713,-33.0,0.714,5023.5,yes,0,-1,0.73
32,admin.,single,university.degree,no,yes,no,cellular,mar,fri,2,999,0,nonexistent,-1.8,92.843,-50.0,1.531,5099.1,yes,0,-1,0.7299050776381496
76,retired,married,basic.4y,no,yes,no,cellular,aug,thu,1,999,0,nonexistent,-2.9,92.201,-31.4,0.883,5076.2,yes,0,-1,0.7298516287084786
32,blue-collar,single,basic.9y,no,yes,no,cellular,aug,thu,1,999,0,nonexistent,-2.9,92.201,-31.4,0.873,5076.2,yes,0,-1,0.7297211566475673
19,student,single,basic.9y,no,yes,no,cellular,apr,tue,1,999,0,nonexistent,-1.8,93.075,-47.1,1.453,5099.1,yes,0,-1,0.7296170796988664
33,admin.,married,university.degree,no,yes,no,cellular,aug,fri,1,999,0,nonexistent,1.4,93.444,-36.1,4.964,5228.1,no,0,-1,0.7294972534989036
33,admin.,married,university.degree,no,yes,no,cellular,aug,fri,1,999,0,nonexistent,1.4,93.444,-36.1,4.964,5228.1,yes,0,-1,0.7294972534989036
33,admin.,married,university.degree,no,yes,no,cellular,aug,fri,1,999,0,nonexistent,1.4,93.444,-36.1,4.964,5228.1,yes,0,-1,0.7294972534989036
33,admin.,married,university.degree,no,yes,no,cellular,aug,fri,1,999,0,nonexistent,1.4,93.444,-36.1,4.964,5228.1,no,0,-1,0.7294972534989036
58,retired,married,basic.4y,no,no,no,cellular,sep,wed,1,999,0,nonexistent,-3.4,92.379,-29.8,0.781,5017.5,yes,0,-1,0.7289209030068323
35,blue-collar,married,unknown,unknown,no,no,cellular,jul,tue,1,999,0,nonexistent,1.4,93.918,-42.7,4.961,5228.1,yes,0,-1,0.7282436810515561
28,admin.,single,university.degree,no,no,no,cellular,aug,thu,5,999,0,nonexistent,-2.9,92.201,-31.4,0.873,5076.2,yes,0,-1,0.7279848683815564
29,admin.,single,university.degree,no,no,no,cellular,apr,wed,2,999,0,nonexistent,-1.8,93.075,-47.1,1.445,5099.1,yes,0,-1,0.7279728184741685
30,blue-collar,married,high.school,no,yes,no,cellular,aug,fri,1,999,0,nonexistent,-2.9,92.201,-31.4,0.849,5076.2,yes,0,-1,0.7276775143836631
30,blue-collar,married,basic.9y,unknown,no,no,cellular,nov,thu,1,999,0,nonexistent,-0.1,93.2,-42.0,4.076,5195.8,yes,0,-1,0.7275
35,blue-collar,married,basic.9y,unknown,no,no,cellular,nov,thu,1,999,0,nonexistent,-0.1,93.2,-42.0,4.076,5195.8,yes,0,-1,0.7275
29,technician,single,high.school,no,no,yes,cellular,may,tue,1,999,0,nonexistent,-1.8,92.893,-46.2,1.266,5099.1,yes,0,-1,0.7275
59,technician,married,professional.course,no,yes,no,cellular,aug,wed,4,999,0,nonexistent,-2.9,92.201,-31.4,0.834,5076.2,yes,0,-1,0.7275
74,retired,married,basic.9y,no,yes,no,cellular,aug,mon,1,999,1,failure,-2.9,92.201,-31.4,0.861,5076.2,yes,0,-1,0.7275
33,services,married,high.school,no,yes,no,cellular,apr,thu,2,999,2,failure,-1.8,93.075,-47.1,1.365,5099.1,yes,0,-1,0.7275
53,blue-collar,single,basic.9y,no,yes,no,telephone,jul,wed,2,999,0,nonexistent,-1.7,94.215,-40.3,0.84,4991.6,yes,0,-1,0.7275
31,admin.,single,high.school,no,yes,no,cellular,jul,wed,1,999,1,failure,-2.9,92.469,-33.6,1.029,5076.2,yes,0,-1,0.7275
85,housemaid,married,basic.4y,unknown,yes,no,cellular,apr,tue,1,999,1,failure,-1.8,93.749,-34.6,0.642,5008.7,yes,0,-1,0.7275
39,management,single,university.degree,no,yes,no,cellular,apr,fri,2,999,0,nonexistent,-1.8,93.075,-47.1,1.405,5099.1,yes,0,-1,0.7275
42,admin.,married,professional.course,no,yes,no,cellular,may,mon,3,9,2,failure,-1.8,92.893,-46.2,1.354,5099.1,yes,1,9,0.7275
57,self-employed,married,university.degree,no,yes,no,cellular,may,mon,3,999,0,nonexistent,-1.8,92.893,-46.2,1.354,5099.1,yes,0,-1,0.7275
55,unemployed,married,basic.9y,no,no,no,cellular,oct,tue,1,999,0,nonexistent,-3.4,92.431,-26.9,0.728,5017.5,yes,0,-1,0.7275
53,housemaid,married,high.school,no,no,yes,cellular,jun,thu,1,999,2,failure,-2.9,92.963,-40.8,1.26,5076.2,yes,0,-1,0.7275
35,technician,single,professional.course,no,no,no,cellular,jul,mon,4,999,0,nonexistent,-1.7,94.215,-40.3,0.827,4991.6,yes,0,-1,0.7275
49,admin.,married,university.degree,no,yes,no,cellular,aug,tue,2,999,1,failure,-2.9,92.201,-31.4,0.883,5076.2,yes,0,-1,0.7275
46,admin.,married,basic.6y,no,no,no,cellular,apr,thu,1,999,0,nonexistent,-1.8,93.075,-47.1,1.365,5099.1,yes,0,-1,0.7275
63,housemaid,married,basic.4y,no,no,no,cellular,aug,tue,1,999,1,failure,-2.9,92.201,-31.4,0.838,5076.2,yes,0,-1,0.7275
23,student,single,high.school,no,no,no,cellular,jun,wed,2,999,0,nonexistent,-2.9,92.963,-40.8,1.26,5076.2,yes,0,-1,0.7275
48,entrepreneur,married,university.degree,no,yes,no,cellular,may,fri,1,999,1,failure,-1.8,92.893,-46.2,1.259,5099.1,yes,0,-1,0.7275
35,admin.,married,university.degree,no,no,no,cellular,aug,fri,1,999,0,nonexistent,-2.9,92.201,-31.4,0.869,5076.2,yes,0,-1,0.7275
31,self-employed,married,university.degree,no,yes,no,cellular,jun,fri,1,999,0,nonexistent,-2.9,92.963,-40.8,1.268,5076.2,yes,0,-1,0.7272145406429057
31,self-employed,single,university.degree,no,yes,no,cellular,apr,thu,1,999,0,nonexistent,-1.8,93.075,-47.1,1.365,5099.1,yes,0,-1,0.7270667190252579
45,housemaid,single,basic.4y,no,no,no,telephone,sep,mon,4,999,0,nonexistent,-3.4,92.379,-29.8,0.797,5017.5,yes,0,-1,0.7269913091836958
32,management,single,university.degree,no,no,no,cellular,jul,wed,3,999,0,nonexistent,1.4,93.918,-42.7,4.963,5228.1,yes,0,-1,0.7263888917141698
34,unemployed,married,high.school,no,yes,no,cellular,nov,thu,2,999,0,nonexistent,-0.1,93.2,-42.0,4.076,5195.8,yes,0,-1,0.7255852579206761
46,blue-collar,married,basic.4y,no,yes,no,cellular,aug,mon,2,999,0,nonexistent,1.4,93.444,-36.1,4.965,5228.1,yes,0,-1,0.725
86,retired,married,professional.course,no,no,no,telephone,dec,wed,2,999,0,nonexistent,-3.0,92.713,-33.0,0.715,5023.5,yes,0,-1,0.725
59,technician,married,university.degree,no,yes,no,cellular,oct,mon,3,999,1,failure,-3.4,92.431,-26.9,0.743,5017.5,yes,0,-1,0.725
56,admin.,divorced,university.degree,no,yes,no,cellular,may,mon,1,999,0,nonexistent,-1.8,92.893,-46.2,1.264,5099.1,yes,0,-1,0.725
53,housemaid,married,basic.4y,no,no,yes,cellular,jun,tue,2,999,0,nonexistent,-2.9,92.963,-40.8,1.252,5076.2,yes,0,-1,0.725
20,student,single,high.school,no,yes,no,cellular,aug,tue,1,999,1,failure,-2.9,92.201,-31.4,0.859,5076.2,yes,0,-1,0.725
35,admin.,married,high.school,no,no,no,cellular,sep,mon,1,999,2,failure,-1.1,94.199,-37.5,0.882,4963.6,yes,0,-1,0.725
58,blue-collar,married,basic.4y,no,yes,no,cellular,jun,wed,1,999,0,nonexistent,-2.9,92.963,-40.8,1.26,5076.2,yes,0,-1,0.725
79,retired,married,basic.4y,no,no,yes,cellular,jul,fri,1,999,1,failure,-1.7,94.215,-40.3,0.822,4991.6,yes,0,-1,0.725
43,admin.,divorced,university.degree,no,yes,no,cellular,nov,fri,4,999,2,failure,-1.1,94.767,-50.8,1.04,4963.6,yes,0,-1,0.725
55,retired,married,high.school,no,yes,yes,cellular,jun,fri,2,999,0,nonexistent,-2.9,92.963,-40.8,1.268,5076.2,yes,0,-1,0.725
27,blue-collar,single,high.school,no,no,no,cellular,oct,tue,1,999,2,failure,-1.1,94.601,-49.5,0.982,4963.6,yes,0,-1,0.725
38,unemployed,single,high.school,no,yes,no,cellular,aug,mon,2,999,0,nonexistent,-2.9,92.201,-31.4,0.843,5076.2,yes,0,-1,0.725
28,admin.,single,university.degree,no,yes,no,cellular,mar,thu,4,999,2,failure,-1.8,93.369,-34.8,0.65,5008.7,yes,0,-1,0.725
30,unemployed,single,basic.9y,no,no,no,cellular,apr,wed,4,999,0,nonexistent,-1.8,93.075,-47.1,1.445,5099.1,yes,0,-1,0.725
40,admin.,married,university.degree,no,no,no,cellular,apr,thu,1,999,0,nonexistent,-1.8,93.075,-47.1,1.365,5099.1,yes,0,-1,0.725
49,admin.,single,high.school,no,yes,no,cellular,oct,fri,2,999,0,nonexistent,-3.4,92.431,-26.9,0.739,5017.5,yes,0,-1,0.725
35,self-employed,married,university.degree,no,yes,no,cellular,jun,thu,1,999,0,nonexistent,-2.9,92.963,-40.8,1.26,5076.2,yes,0,-1,0.7247183038749151
18,student,single,high.school,no,no,no,cellular,may,fri,1,999,1,failure,-1.8,92.893,-46.2,1.259,5099.1,yes,0,-1,0.724714965523939
31,admin.,married,university.degree,no,yes,no,cellular,aug,fri,2,999,0,nonexistent,-2.9,92.201,-31.4,0.881,5076.2,yes,0,-1,0.7246167423693695
47,admin.,married,high.school,no,yes,no,cellular,aug,mon,3,999,0,nonexistent,1.4,93.444,-36.1,4.965,5228.1,yes,0,-1,0.7245005354137984
32,blue-collar,single,high.school,no,yes,no,cellular,apr,fri,1,999,0,nonexistent,-1.8,93.075,-47.1,1.405,5099.1,yes,0,-1,0.7244474381607506
73,retired,married,university.degree,no,yes,no,cellular,mar,fri,1,999,0,nonexistent,-1.8,92.843,-50.0,1.531,5099.1,yes,0,-1,0.7240124584609408
35,admin.,divorced,university.degree,no,yes,yes,cellular,apr,mon,1,999,0,nonexistent,-1.8,93.075,-47.1,1.405,5099.1,yes,0,-1,0.7236537914139956
38,admin.,divorced,university.degree,no,yes,no,cellular,apr,tue,2,999,0,nonexistent,-1.8,93.075,-47.1,1.384,5099.1,yes,0,-1,0.7231178239080611
38,technician,married,university.degree,no,no,no,cellular,mar,tue,1,999,0,nonexistent,-1.8,92.843,-50.0,1.687,5099.1,no,0,-1,0.7227743058879473
38,technician,married,university.degree,no,no,no,cellular,mar,tue,1,999,0,nonexistent,-1.8,92.843,-50.0,1.687,5099.1,yes,0,-1,0.7227743058879473
34,admin.,single,university.degree,no,no,no,cellular,apr,tue,1,999,0,nonexistent,-1.8,93.075,-47.1,1.423,5099.1,yes,0,-1,0.7225437833550672
76,retired,divorced,basic.4y,no,no,no,cellular,aug,tue,1,999,1,failure,-1.7,94.027,-38.3,0.886,4991.6,yes,0,-1,0.7225
50,management,married,university.degree,unknown,yes,no,cellular,aug,mon,4,999,0,nonexistent,1.4,93.444,-36.1,4.965,5228.1,yes,0,-1,0.7225
27,admin.,single,university.degree,no,yes,yes,cellular,jun,mon,1,999,0,nonexistent,-2.9,92.963,-40.8,1.266,5076.2,yes,0,-1,0.7225
57,admin.,single,high.school,no,unknown,unknown,telephone,oct,tue,1,999,0,nonexistent,-3.4,92.431,-26.9,0.737,5017.5,yes,0,-1,0.7225
74,retired,married,university.degree,no,yes,no,cellular,aug,wed,2,999,1,failure,-2.9,92.201,-31.4,0.879,5076.2,yes,0,-1,0.7225
27,blue-collar,single,basic.9y,no,no,no,cellular,nov,tue,1,999,2,failure,-3.4,92.649,-30.1,0.72,5017.5,yes,0,-1,0.7225
31,admin.,divorced,university.degree,no,yes,yes,cellular,mar,mon,2,999,1,failure,-1.8,92.843,-50.0,1.56,5099.1,yes,0,-1,0.7225
82,retired,married,unknown,no,no,no,cellular,apr,wed,1,999,0,nonexistent,-1.8,93.075,-47.1,1.445,5099.1,yes,0,-1,0.7225
19,student,single,high.school,no,unknown,unknown,cellular,aug,tue,1,999,0,nonexistent,-1.7,94.027,-38.3,0.886,4991.6,yes,0,-1,0.7225
34,technician,married,professional.course,no,yes,yes,telephone,sep,tue,2,999,0,nonexistent,-3.4,92.379,-29.8,0.788,5017.5,yes,0,-1,0.7225
40,services,married,high.school,no,yes,no,telephone,oct,tue,1,999,1,failure,-0.1,93.798,-40.4,4.968,5195.8,yes,0,-1,0.7225
46,unemployed,married,basic.9y,no,no,no,cellular,jun,tue,1,999,0,nonexistent,-2.9,92.963,-40.8,1.262,5076.2,yes,0,-1,0.7225
61,technician,divorced,professional.course,no,yes,no,cellular,may,mon,3,999,0,nonexistent,-1.8,92.893,-46.2,1.354,5099.1,yes,0,-1,0.7225
21,student,single,high.school,no,yes,no,cellular,apr,fri,1,999,0,nonexistent,-1.8,93.749,-34.6,0.663,5008.7,yes,0,-1,0.7225
24,unknown,single,university.degree,no,no,no,cellular,jun,tue,1,999,1,failure,-2.9,92.963,-40.8,1.262,5076.2,yes,0,-1,0.7225
33,admin.,single,university.degree,no,yes,no,cellular,oct,mon,5,999,0,nonexistent,-1.1,94.601,-49.5,1.032,4963.6,yes,0,-1,0.7225
29,technician,single,university.degree,no,no,no,cellular,jul,fri,6,999,0,nonexistent,-2.9,92.469,-33.6,1.059,5076.2,yes,0,-1,0.7225
42,unknown,single,university.degree,no,yes,no,cellular,jul,fri,1,999,2,failure,-1.7,94.215,-40.3,0.885,4991.6,yes,0,-1,0.7225
23,student,single,unknown,no,no,no,cellular,jul,tue,1,999,2,failure,-1.7,94.215,-40.3,0.893,4991.6,yes,0,-1,0.7225
28,blue-collar,single,university.degree,no,no,no,cellular,apr,tue,3,999,0,nonexistent,-1.8,93.075,-47.1,1.423,5099.1,yes,0,-1,0.7223528882490552
32,services,single,unknown,unknown,yes,no,cellular,jul,tue,1,999,0,nonexistent,1.4,93.918,-42.7,4.961,5228.1,yes,0,-1,0.7223097048184931
33,housemaid,married,university.degree,no,no,no,cellular,jun,tue,1,999,0,nonexistent,-2.9,92.963,-40.8,1.099,5076.2,yes,0,-1,0.7222200640963388
36,admin.,single,basic.9y,no,yes,no,cellular,may,tue,1,999,0,nonexistent,-1.8,92.893,-46.2,1.291,5099.1,yes,0,-1,0.7222139336700011
34,blue-collar,married,basic.9y,unknown,yes,no,telephone,apr,mon,2,5,1,success,-1.8,93.075,-47.1,1.466,5099.1,yes,1,5,0.7222135694862581
50,admin.,single,high.school,no,yes,no,telephone,dec,fri,2,999,0,nonexistent,-3.0,92.713,-33.0,0.718,5023.5,yes,0,-1,0.7221963002082503
56,admin.,married,high.school,unknown,yes,no,cellular,jul,fri,4,999,0,nonexistent,1.4,93.918,-42.7,4.962,5228.1,yes,0,-1,0.7220237159812493
68,retired,divorced,high.school,no,yes,no,cellular,oct,mon,1,999,0,nonexistent,-1.1,94.601,-49.5,1.0,4963.6,yes,0,-1,0.721939824706225
30,admin.,single,university.degree,no,no,yes,cellular,apr,tue,1,999,0,nonexistent,-1.8,93.075,-47.1,1.423,5099.1,yes,0,-1,0.7218556334243825
32,technician,single,university.degree,no,yes,no,cellular,aug,wed,2,999,0,nonexistent,-2.9,92.201,-31.4,0.854,5076.2,yes,0,-1,0.7218424696184925
33,management,married,university.degree,no,yes,no,cellular,jul,tue,1,999,0,nonexistent,-2.9,92.469,-33.6,1.044,5076.2,yes,0,-1,0.7217852038671427
21,student,single,high.school,no,no,no,cellular,oct,mon,1,999,0,nonexistent,-3.4,92.431,-26.9,0.739,5017.5,yes,0,-1,0.7214185112821571
40,technician,divorced,university.degree,no,yes,no,cellular,apr,thu,1,999,0,nonexistent,-1.8,93.075,-47.1,1.365,5099.1,yes,0,-1,0.7213404776062922
74,retired,married,unknown,no,yes,yes,cellular,oct,wed,1,999,0,nonexistent,-3.4,92.431,-26.9,0.742,5017.5,yes,0,-1,0.7205995861194393
26,unemployed,married,high.school,no,yes,no,cellular,jul,fri,7,999,0,nonexistent,-1.7,94.215,-40.3,0.822,4991.6,yes,0,-1,0.72
33,admin.,single,high.school,no,no,no,cellular,may,thu,1,12,2,failure,-1.8,92.893,-46.2,1.266,5099.1,yes,1,12,0.72
71,retired,married,university.degree,no,no,no,cellular,apr,mon,1,999,0,nonexistent,-1.8,93.075,-47.1,1.405,5099.1,yes,0,-1,0.72
34,unemployed,single,university.degree,no,no,no,cellular,nov,fri,5,999,1,failure,-3.4,92.649,-30.1,0.716,5017.5,yes,0,-1,0.72
75,retired,married,basic.4y,no,no,yes,cellular,aug,fri,1,999,0,nonexistent,-2.9,92.201,-31.4,0.881,5076.2,yes,0,-1,0.72
36,management,married,university.degree,no,no,no,cellular,mar,thu,1,999,2,failure,-1.8,93.369,-34.8,0.654,5008.7,yes,0,-1,0.72
78,retired,divorced,basic.6y,no,no,no,cellular,oct,fri,2,999,0,nonexistent,-3.4,92.431,-26.9,0.72,5017.5,yes,0,-1,0.72
72,unknown,married,unknown,no,yes,yes,cellular,aug,fri,8,999,1,failure,-2.9,92.201,-31.4,0.825,5076.2,yes,0,-1,0.72
48,blue-collar,married,professional.course,no,no,no,telephone,jul,thu,1,999,0,nonexistent,-1.7,94.215,-40.3,0.899,4991.6,yes,0,-1,0.72
34,admin.,married,high.school,no,yes,yes,cellular,may,tue,1,999,0,nonexistent,-1.8,92.893,-46.2,1.344,5099.1,yes,0,-1,0.72
33,admin.,married,university.degree,no,yes,no,cellular,sep,thu,2,999,0,nonexistent,-1.1,94.199,-37.5,0.878,4963.6,yes,0,-1,0.72
59,admin.,divorced,professional.course,no,no,no,cellular,aug,tue,1,999,1,failure,-2.9,92.201,-31.4,0.883,5076.2,yes,0,-1,0.72
38,blue-collar,married,high.school,unknown,yes,no,cellular,may,wed,2,7,1,success,-1.8,92.893,-46.2,1.334,5099.1,yes,1,7,0.72
32,technician,single,professional.course,no,no,no,cellular,may,fri,2,999,0,nonexistent,-1.8,92.893,-46.2,1.25,5099.1,yes,0,-1,0.72
36,services,married,high.school,no,yes,yes,cellular,aug,thu,2,999,1,failure,-2.9,92.201,-31.4,0.873,5076.2,yes,0,-1,0.72
48,services,married,high.school,no,yes,no,cellular,aug,wed,2,999,0,nonexistent,1.4,93.444,-36.1,4.964,5228.1,yes,0,-1,0.72
35,technician,married,university.degree,no,unknown,unknown,cellular,aug,thu,2,999,0,nonexistent,1.4,93.444,-36.1,4.964,5228.1,yes,0,-1,0.72
45,services,single,unknown,no,yes,no,cellular,apr,fri,4,999,0,nonexistent,-1.8,93.075,-47.1,1.405,5099.1,yes,0,-1,0.72
38,technician,divorced,high.school,no,no,no,telephone,apr,fri,3,6,1,success,-1.8,93.075,-47.1,1.405,5099.1,yes,1,6,0.72
23,student,single,high.school,no,yes,no,cellular,oct,mon,2,999,1,failure,-1.1,94.601,-49.5,1.032,4963.6,yes,0,-1,0.72
74,retired,married,university.degree,no,yes,yes,cellular,aug,wed,3,999,0,nonexistent,-2.9,92.201,-31.4,0.854,5076.2,yes,0,-1,0.72
35,blue-collar,married,basic.9y,no,yes,no,cellular,jul,fri,4,999,0,nonexistent,1.4,93.918,-42.7,4.957,5228.1,yes,0,-1,0.72
40,admin.,single,high.school,no,yes,no,cellular,apr,mon,1,999,0,nonexistent,-1.8,93.075,-47.1,1.405,5099.1,yes,0,-1,0.72
35,technician,married,professional.course,no,no,no,telephone,jun,wed,2,999,0,nonexistent,1.4,94.465,-41.8,4.962,5228.1,yes,0,-1,0.72
37,technician,married,university.degree,no,yes,no,cellular,aug,mon,1,4,1,success,-2.9,92.201,-31.4,0.884,5076.2,yes,1,4,0.72
42,admin.,married,unknown,no,no,no,cellular,apr,fri,1,999,1,failure,-1.8,93.075,-47.1,1.405,5099.1,yes,0,-1,0.7198509473765452
26,admin.,married,basic.9y,no,no,no,cellular,jul,tue,2,999,0,nonexistent,1.4,93.918,-42.7,4.961,5228.1,yes,0,-1,0.7198482868289919
44,services,married,unknown,no,no,yes,cellular,jun,mon,1,999,0,nonexistent,-2.9,92.963,-40.8,1.26,5076.2,yes,0,-1,0.7197221278042147
43,blue-collar,married,basic.6y,no,yes,no,cellular,jun,mon,6,999,0,nonexistent,-2.9,92.963,-40.8,1.281,5076.2,yes,0,-1,0.719718182480334
56,housemaid,divorced,basic.4y,no,yes,no,cellular,nov,wed,1,999,1,failure,-3.4,92.649,-30.1,0.716,5017.5,yes,0,-1,0.7197168471399437
59,unemployed,married,basic.9y,no,yes,no,cellular,mar,mon,2,999,0,nonexistent,-1.8,93.369,-34.8,0.639,5008.7,yes,0,-1,0.7196990305585784
35,technician,married,university.degree,no,no,no,cellular,apr,thu,2,999,0,nonexistent,-1.8,93.075,-47.1,1.406,5099.1,yes,0,-1,0.7196140914746293
27,admin.,single,professional.course,no,no,no,cellular,jul,tue,5,999,0,nonexistent,1.4,93.918,-42.7,4.961,5228.1,yes,0,-1,0.7183989472208989
26,blue-collar,single,university.degree,no,yes,no,cellular,may,tue,2,999,0,nonexistent,-1.8,92.893,-46.2,1.266,5099.1,yes,0,-1,0.7180248653403207
54,technician,married,professional.course,no,yes,no,cellular,apr,wed,2,999,0,nonexistent,-1.8,93.075,-47.1,1.405,5099.1,yes,0,-1,0.7179141713362494
61,admin.,married,university.degree,no,yes,yes,telephone,jul,wed,4,999,0,nonexistent,-2.9,92.469,-33.6,1.085,5076.2,yes,0,-1,0.7175
52,management,married,high.school,no,yes,yes,cellular,aug,tue,1,10,4,failure,-2.9,92.201,-31.4,0.883,5076.2,yes,1,10,0.7175
38,housemaid,divorced,university.degree,no,no,no,cellular,nov,wed,2,999,0,nonexistent,-1.1,94.767,-50.8,1.03,4963.6,yes,0,-1,0.7175
62,management,divorced,high.school,no,no,no,cellular,aug,mon,1,999,0,nonexistent,-2.9,92.201,-31.4,0.861,5076.2,yes,0,-1,0.7175
33,blue-collar,divorced,basic.9y,unknown,no,no,cellular,jul,tue,5,999,0,nonexistent,1.4,93.918,-42.7,4.961,5228.1,yes,0,-1,0.7175
41,admin.,divorced,university.degree,no,no,no,cellular,jul,mon,2,999,0,nonexistent,-1.7,94.215,-40.3,0.793,4991.6,yes,0,-1,0.7175
59,admin.,divorced,university.degree,no,yes,no,cellular,may,fri,1,999,0,nonexistent,-1.8,92.893,-46.2,1.25,5099.1,yes,0,-1,0.7175
30,admin.,married,university.degree,no,yes,yes,cellular,may,mon,4,999,0,nonexistent,-1.8,92.893,-46.2,1.354,5099.1,yes,0,-1,0.7175
36,self-employed,married,basic.9y,unknown,yes,yes,cellular,aug,thu,2,999,0,nonexistent,1.4,93.444,-36.1,4.964,5228.1,yes,0,-1,0.7175
28,admin.,single,high.school,no,no,no,telephone,oct,wed,1,999,0,nonexistent,-3.4,92.431,-26.9,0.742,5017.5,yes,0,-1,0.7175
47,services,married,high.school,no,yes,no,cellular,apr,wed,2,999,0,nonexistent,-1.8,93.075,-47.1,1.372,5099.1,yes,0,-1,0.7175
55,unknown,married,university.degree,no,yes,no,cellular,aug,wed,1,999,0,nonexistent,-2.9,92.201,-31.4,0.854,5076.2,yes,0,-1,0.7175
31,admin.,divorced,university.degree,no,no,no,cellular,mar,mon,4,999,0,nonexistent,-1.8,92.843,-50.0,1.56,5099.1,yes,0,-1,0.7175
57,management,married,university.degree,no,no,no,cellular,mar,mon,2,999,0,nonexistent,-1.8,93.369,-34.8,0.635,5008.7,yes,0,-1,0.7175
39,admin.,married,university.degree,no,no,no,cellular,jul,fri,13,999,0,nonexistent,1.4,93.918,-42.7,4.962,5228.1,yes,0,-1,0.7175
42,unemployed,married,unknown,no,no,no,cellular,aug,thu,4,999,0,nonexistent,-2.9,92.201,-31.4,0.883,5076.2,yes,0,-1,0.7175
48,services,single,high.school,no,yes,no,cellular,apr,mon,3,999,0,nonexistent,-1.8,93.075,-47.1,1.405,5099.1,yes,0,-1,0.7175
74,retired,married,professional.course,no,yes,no,cellular,aug,thu,3,999,1,failure,-2.9,92.201,-31.4,0.873,5076.2,yes,0,-1,0.7175
38,admin.,single,university.degree,no,yes,yes,cellular,apr,thu,2,999,0,nonexistent,-1.8,93.075,-47.1,1.365,5099.1,yes,0,-1,0.7175
36,unemployed,single,university.degree,no,yes,no,cellular,may,mon,4,999,0,nonexistent,-1.8,92.893,-46.2,1.354,5099.1,yes,0,-1,0.7175
36,technician,married,high.school,no,yes,yes,cellular,may,fri,1,999,0,nonexistent,-1.8,92.893,-46.2,1.25,5099.1,yes,0,-1,0.7175
28,admin.,single,basic.9y,no,no,yes,cellular,may,tue,1,10,1,success,-1.8,92.893,-46.2,1.291,5099.1,yes,1,10,0.7173486964917928
38,self-employed,married,basic.9y,no,no,yes,cellular,may,wed,2,999,0,nonexistent,-1.8,92.893,-46.2,1.281,5099.1,yes,0,-1,0.7172195785180149
42,self-employed,married,university.degree,no,yes,no,cellular,apr,tue,1,999,1,failure,-1.8,93.075,-47.1,1.423,5099.1,yes,0,-1,0.7172188501505292
33,self-employed,married,university.degree,no,yes,no,cellular,apr,thu,1,999,0,nonexistent,-1.8,93.075,-47.1,1.435,5099.1,yes,0,-1,0.7168622098672546
58,retired,married,high.school,no,no,no,cellular,aug,tue,2,999,0,nonexistent,-2.9,92.201,-31.4,0.838,5076.2,yes,0,-1,0.7167068047335399
26,student,single,university.degree,no,no,yes,cellular,aug,fri,1,999,0,nonexistent,-2.9,92.201,-31.4,0.825,5076.2,yes,0,-1,0.7162626812682459
24,services,single,high.school,no,yes,no,cellular,apr,wed,1,999,0,nonexistent,-1.8,93.075,-47.1,1.445,5099.1,yes,0,-1,0.7159677350088532
32,blue-collar,unknown,basic.9y,no,yes,no,cellular,jun,mon,1,999,0,nonexistent,-2.9,92.963,-40.8,1.266,5076.2,yes,0,-1,0.715670446429704
39,admin.,married,university.degree,no,no,no,cellular,jun,mon,1,999,1,failure,-2.9,92.963,-40.8,1.215,5076.2,yes,0,-1,0.715
31,technician,married,professional.course,no,no,yes,cellular,jul,thu,1,999,0,nonexistent,1.4,93.918,-42.7,4.963,5228.1,yes,0,-1,0.715
34,admin.,single,high.school,no,no,no,cellular,jul,wed,1,999,1,failure,-1.7,94.215,-40.3,0.802,4991.6,yes,0,-1,0.715
19,student,single,unknown,no,yes,no,cellular,apr,mon,1,999,0,nonexistent,-1.8,93.075,-47.1,1.405,5099.1,yes,0,-1,0.715
50,blue-collar,married,unknown,no,yes,yes,cellular,aug,tue,2,999,0,nonexistent,-2.9,92.201,-31.4,0.883,5076.2,yes,0,-1,0.715
32,technician,married,high.school,no,yes,no,telephone,jun,fri,5,999,1,failure,-2.9,92.963,-40.8,1.224,5076.2,yes,0,-1,0.715
59,blue-collar,married,basic.4y,no,no,no,cellular,apr,mon,3,999,1,failure,-1.8,93.749,-34.6,0.642,5008.7,yes,0,-1,0.715
32,admin.,single,university.degree,no,yes,no,cellular,mar,mon,3,999,0,nonexistent,-1.8,92.843,-50.0,1.52,5099.1,yes,0,-1,0.715
37,technician,married,professional.course,no,no,yes,cellular,jul,fri,3,999,0,nonexistent,1.4,93.918,-42.7,4.957,5228.1,yes,0,-1,0.715
26,admin.,single,university.degree,no,yes,no,telephone,aug,tue,1,999,1,failure,-2.9,92.201,-31.4,0.859,5076.2,yes,0,-1,0.715
35,admin.,married,university.degree,no,no,yes,cellular,apr,fri,3,999,1,failure,-1.8,93.749,-34.6,0.663,5008.7,yes,0,-1,0.715
44,admin.,married,university.degree,no,no,no,cellular,apr,thu,1,999,0,nonexistent,-1.8,93.075,-47.1,1.406,5099.1,yes,0,-1,0.715
27,student,single,basic.9y,no,yes,yes,cellular,jun,tue,1,999,0,nonexistent,-2.9,92.963,-40.8,1.262,5076.2,yes,0,-1,0.715
50,admin.,divorced,university.degree,no,no,yes,cellular,may,mon,4,999,0,nonexistent,-1.8,92.893,-46.2,1.264,5099.1,yes,0,-1,0.715
43,technician,married,professional.course,no,yes,no,cellular,may,mon,1,999,1,failure,-1.8,92.893,-46.2,1.244,5099.1,yes,0,-1,0.715
64,retired,married,basic.4y,no,unknown,unknown,telephone,aug,fri,3,999,0,nonexistent,-1.7,94.027,-38.3,0.905,4991.6,yes,0,-1,0.715
41,blue-collar,divorced,basic.4y,no,no,no,cellular,may,fri,5,999,0,nonexistent,-1.8,92.893,-46.2,1.25,5099.1,yes,0,-1,0.715
57,services,married,high.school,no,yes,yes,cellular,may,mon,3,999,0,nonexistent,-1.8,92.893,-46.2,1.244,5099.1,yes,0,-1,0.715
58,retired,divorced,basic.9y,no,yes,no,telephone,nov,mon,1,999,0,nonexistent,-0.1,93.2,-42.0,4.406,5195.8,yes,0,-1,0.715
60,retired,married,university.degree,no,no,no,cellular,aug,wed,1,999,0,nonexistent,-2.9,92.201,-31.4,0.879,5076.2,yes,0,-1,0.715
58,housemaid,married,basic.4y,no,no,no,telephone,may,wed,2,999,0,nonexistent,-1.8,92.893,-46.2,1.281,5099.1,yes,0,-1,0.715
44,admin.,married,high.school,no,yes,no,cellular,aug,mon,2,999,0,nonexistent,1.4,93.444,-36.1,4.965,5228.1,yes,0,-1,0.715
75,retired,divorced,basic.4y,unknown,yes,no,cellular,oct,thu,1,999,0,nonexistent,-3.4,92.431,-26.9,0.754,5017.5,yes,0,-1,0.715
31,blue-collar,married,basic.6y,unknown,no,no,cellular,may,thu,1,6,1,success,-1.8,92.893,-46.2,1.266,5099.1,yes,1,6,0.715
24,unknown,single,university.degree,no,no,no,cellular,jun,tue,1,3,2,success,-2.9,92.963,-40.8,1.262,5076.2,yes,1,3,0.7148255991218977
38,technician,married,university.degree,no,yes,no,cellular,aug,wed,4,999,0,nonexistent,-2.9,92.201,-31.4,0.854,5076.2,yes,0,-1,0.7147196392153055
32,admin.,married,university.degree,no,no,no,cellular,may,thu,1,6,1,success,-1.8,92.893,-46.2,1.327,5099.1,yes,1,6,0.7147155724968437
60,technician,married,professional.course,no,no,no,cellular,apr,wed,2,999,0,nonexistent,-1.8,93.075,-47.1,1.405,5099.1,yes,0,-1,0.7144904278051547
50,admin.,married,high.school,no,yes,no,cellular,sep,fri,2,999,0,nonexistent,-3.4,92.379,-29.8,0.803,5017.5,yes,0,-1,0.7144891553133514
44,blue-collar,married,university.degree,no,yes,no,cellular,apr,thu,2,999,0,nonexistent,-1.8,93.075,-47.1,1.483,5099.1,yes,0,-1,0.7144356365931824
33,admin.,married,university.degree,no,yes,no,cellular,jun,tue,1,999,0,nonexistent,-2.9,92.963,-40.8,1.262,5076.2,yes,0,-1,0.7143689198844498
33,admin.,married,university.degree,no,yes,no,cellular,jun,tue,1,999,0,nonexistent,-2.9,92.963,-40.8,1.262,5076.2,no,0,-1,0.7143689198844498
52,admin.,married,university.degree,no,no,no,cellular,sep,fri,2,999,0,nonexistent,-3.4,92.379,-29.8,0.762,5017.5,yes,0,-1,0.7142108366112946
28,admin.,single,university.degree,no,no,yes,telephone,apr,thu,1,999,0,nonexistent,-1.8,93.075,-47.1,1.365,5099.1,yes,0,-1,0.7125
47,student,single,unknown,no,unknown,unknown,telephone,nov,mon,1,999,0,nonexistent,-0.1,93.2,-42.0,4.406,5195.8,yes,0,-1,0.7125
59,admin.,married,university.degree,unknown,yes,no,cellular,jun,fri,1,999,0,nonexistent,-2.9,92.963,-40.8,1.268,5076.2,yes,0,-1,0.7125
36,unemployed,married,university.degree,no,no,no,cellular,aug,thu,1,999,0,nonexistent,-2.9,92.201,-31.4,0.873,5076.2,yes,0,-1,0.7125
50,entrepreneur,married,university.degree,no,no,no,telephone,nov,tue,1,999,0,nonexistent,-0.1,93.2,-42.0,4.7,5195.8,yes,0,-1,0.7125
55,entrepreneur,divorced,basic.9y,no,yes,no,cellular,aug,fri,1,999,0,nonexistent,-2.9,92.201,-31.4,0.825,5076.2,yes,0,-1,0.7125
59,admin.,divorced,basic.4y,unknown,yes,yes,cellular,jul,mon,6,999,0,nonexistent,1.4,93.918,-42.7,4.962,5228.1,yes,0,-1,0.7125
23,student,single,high.school,no,no,no,cellular,jun,tue,1,999,0,nonexistent,-2.9,92.963,-40.8,1.262,5076.2,yes,0,-1,0.7125
64,retired,married,high.school,unknown,no,no,cellular,aug,tue,1,999,1,failure,-2.9,92.201,-31.4,0.859,5076.2,yes,0,-1,0.7125
33,admin.,single,high.school,no,yes,no,cellular,aug,fri,2,999,1,failure,-2.9,92.201,-31.4,0.881,5076.2,yes,0,-1,0.7125
36,management,married,university.degree,no,no,no,cellular,jul,wed,10,999,0,nonexistent,1.4,93.918,-42.7,4.963,5228.1,yes,0,-1,0.7125
35,admin.,married,university.degree,no,no,no,cellular,oct,wed,1,999,1,failure,-3.4,92.431,-26.9,0.74,5017.5,yes,0,-1,0.7125
30,unemployed,single,unknown,no,yes,no,cellular,nov,wed,2,999,0,nonexistent,-0.1,93.2,-42.0,4.12,5195.8,yes,0,-1,0.7125
48,entrepreneur,divorced,high.school,no,no,no,cellular,aug,wed,1,999,0,nonexistent,-2.9,92.201,-31.4,0.879,5076.2,yes,0,-1,0.7122178182965913
71,retired,married,basic.4y,no,yes,no,cellular,oct,thu,1,999,1,failure,-3.4,92.431,-26.9,0.754,5017.5,yes,0,-1,0.7120708932271161
61,retired,married,basic.4y,no,no,no,telephone,oct,fri,1,999,0,nonexistent,-1.1,94.601,-49.5,0.972,4963.6,yes,0,-1,0.7119958194162465
29,admin.,single,university.degree,no,no,no,cellular,apr,fri,1,999,0,nonexistent,-1.8,93.075,-47.1,1.405,5099.1,yes,0,-1,0.7119656362469832
46,admin.,married,high.school,no,no,no,telephone,aug,wed,2,999,0,nonexistent,-2.9,92.201,-31.4,0.884,5076.2,yes,0,-1,0.711808393726981
80,retired,married,basic.4y,no,no,no,cellular,oct,tue,1,999,2,failure,-3.4,92.431,-26.9,0.742,5017.5,yes,0,-1,0.7117090142704933
80,retired,divorced,high.school,no,yes,no,cellular,oct,thu,1,999,0,nonexistent,-3.4,92.431,-26.9,0.722,5017.5,yes,0,-1,0.7115051651310362
20,student,single,high.school,no,no,yes,cellular,aug,wed,1,999,0,nonexistent,-2.9,92.201,-31.4,0.884,5076.2,yes,0,-1,0.7113692150066032
69,retired,divorced,professional.course,no,no,no,cellular,oct,tue,1,999,0,nonexistent,-3.4,92.431,-26.9,0.744,5017.5,yes,0,-1,0.7112105373515091
57,admin.,married,high.school,no,yes,no,cellular,apr,tue,1,999,0,nonexistent,-1.8,93.075,-47.1,1.423,5099.1,yes,0,-1,0.7104701779431329
29,blue-collar,divorced,high.school,no,no,no,cellular,may,fri,1,999,0,nonexistent,-1.8,92.893,-46.2,1.25,5099.1,yes,0,-1,0.71
30,technician,married,professional.course,no,no,no,telephone,aug,wed,7,999,0,nonexistent,1.4,93.444,-36.1,4.964,5228.1,yes,0,-1,0.71
51,blue-collar,married,basic.9y,no,yes,no,cellular,jul,wed,9,999,0,nonexistent,1.4,93.918,-42.7,4.957,5228.1,yes,0,-1,0.71
45,admin.,married,unknown,no,no,no,cellular,jun,fri,2,999,0,nonexistent,-2.9,92.963,-40.8,1.268,5076.2,yes,0,-1,0.71
53,housemaid,married,basic.4y,no,yes,no,cellular,jun,tue,2,999,0,nonexistent,-2.9,92.963,-40.8,1.252,5076.2,yes,0,-1,0.71
50,admin.,married,university.degree,no,yes,yes,telephone,apr,thu,3,999,0,nonexistent,-1.8,93.075,-47.1,1.406,5099.1,yes,0,-1,0.71
38,technician,single,university.degree,no,no,no,cellular,apr,fri,5,999,1,failure,-1.8,93.075,-47.1,1.4,5099.1,yes,0,-1,0.71
25,blue-collar,single,basic.9y,no,yes,no,cellular,may,fri,3,999,1,failure,-1.8,92.893,-46.2,1.25,5099.1,yes,0,-1,0.71
56,services,single,high.school,no,no,yes,cellular,aug,tue,3,999,0,nonexistent,-2.9,92.201,-31.4,0.838,5076.2,yes,0,-1,0.71
28,admin.,married,high.school,no,no,no,telephone,jun,wed,4,999,0,nonexistent,-2.9,92.963,-40.8,1.26,5076.2,yes,0,-1,0.71
35,admin.,single,university.degree,no,no,no,cellular,nov,thu,3,999,0,nonexistent,-0.1,93.2,-42.0,4.076,5195.8,yes,0,-1,0.71
26,admin.,single,university.degree,no,yes,no,cellular,jul,wed,1,999,0,nonexistent,-2.9,92.469,-33.6,1.029,5076.2,yes,0,-1,0.71
27,technician,single,university.degree,no,yes,no,cellular,oct,wed,1,999,1,failure,-1.1,94.601,-49.5,1.043,4963.6,yes,0,-1,0.71
35,admin.,married,university.degree,no,no,yes,cellular,aug,tue,1,999,3,failure,-2.9,92.201,-31.4,0.883,5076.2,yes,0,-1,0.71
59,services,married,university.degree,no,yes,no,cellular,oct,mon,2,999,2,failure,-1.1,94.601,-49.5,0.977,4963.6,yes,0,-1,0.71
31,services,single,high.school,no,no,no,cellular,may,wed,2,999,0,nonexistent,-1.8,92.893,-46.2,1.281,5099.1,yes,0,-1,0.71
39,management,married,unknown,no,yes,yes,cellular,nov,thu,1,999,0,nonexistent,-0.1,93.2,-42.0,4.076,5195.8,yes,0,-1,0.71
43,blue-collar,married,basic.4y,no,no,yes,cellular,may,thu,2,11,1,success,-1.8,92.893,-46.2,1.266,5099.1,yes,1,11,0.71
19,student,single,unknown,no,yes,yes,cellular,apr,tue,3,999,0,nonexistent,-1.8,93.075,-47.1,1.405,5099.1,yes,0,-1,0.7099548065389228
28,self-employed,single,university.degree,no,no,no,cellular,mar,fri,2,999,0,nonexistent,-1.8,92.843,-50.0,1.64,5099.1,yes,0,-1,0.7097159973778769
34,technician,single,university.degree,no,no,no,cellular,may,tue,1,999,0,nonexistent,-1.8,92.893,-46.2,1.291,5099.1,yes,0,-1,0.709568134689178
37,admin.,married,university.degree,no,yes,no,cellular,may,fri,1,999,0,nonexistent,-1.8,92.893,-46.2,1.259,5099.1,yes,0,-1,0.7095056555888596
37,admin.,married,university.degree,no,yes,yes,cellular,jun,mon,2,999,0,nonexistent,-2.9,92.963,-40.8,1.266,5076.2,yes,0,-1,0.709297892493488
41,admin.,married,university.degree,no,no,no,cellular,apr,tue,1,999,0,nonexistent,-1.8,93.075,-47.1,1.453,5099.1,yes,0,-1,0.7091418082354225
26,unemployed,single,university.degree,no,yes,no,telephone,apr,tue,3,999,0,nonexistent,-1.8,93.075,-47.1,1.423,5099.1,yes,0,-1,0.7091068952846971
45,housemaid,single,basic.4y,no,yes,no,cellular,sep,mon,1,999,0,nonexistent,-3.4,92.379,-29.8,0.797,5017.5,yes,0,-1,0.7089849090526288
51,housemaid,married,unknown,no,yes,yes,cellular,aug,fri,1,999,0,nonexistent,-2.9,92.201,-31.4,0.881,5076.2,yes,0,-1,0.708929406783023
57,entrepreneur,single,university.degree,no,yes,no,cellular,apr,mon,1,999,0,nonexistent,-1.8,93.075,-47.1,1.405,5099.1,yes,0,-1,0.7088687239001651
33,technician,married,university.degree,no,yes,no,cellular,aug,tue,3,999,0,nonexistent,1.4,93.444,-36.1,4.966,5228.1,yes,0,-1,0.7082159781455728
25,admin.,single,university.degree,no,yes,no,cellular,aug,fri,1,999,0,nonexistent,-2.9,92.201,-31.4,0.881,5076.2,yes,0,-1,0.7080681503267356
28,admin.,single,university.degree,no,yes,no,cellular,apr,tue,5,999,0,nonexistent,-1.8,93.075,-47.1,1.423,5099.1,yes,0,-1,0.7080301913282324
70,retired,married,basic.4y,no,yes,no,cellular,oct,mon,1,999,0,nonexistent,-3.4,92.431,-26.9,0.739,5017.5,yes,0,-1,0.7077010948279117
41,technician,married,professional.course,no,no,no,cellular,jun,tue,2,999,0,nonexistent,-2.9,92.963,-40.8,1.262,5076.2,yes,0,-1,0.7075
24,technician,single,professional.course,no,yes,no,cellular,sep,fri,5,999,3,failure,-1.1,94.199,-37.5,0.878,4963.6,yes,0,-1,0.7075
49,admin.,married,high.school,no,yes,no,cellular,aug,mon,2,999,0,nonexistent,1.4,93.444,-36.1,4.963,5228.1,yes,0,-1,0.7075
34,management,married,university.degree,no,no,no,telephone,nov,fri,1,999,0,nonexistent,-0.1,93.2,-42.0,4.223,5195.8,yes,0,-1,0.7075
45,admin.,married,basic.9y,unknown,no,no,telephone,jun,fri,2,999,0,nonexistent,1.4,94.465,-41.8,4.959,5228.1,yes,0,-1,0.7075
48,admin.,divorced,university.degree,no,no,no,cellular,may,tue,3,999,0,nonexistent,-1.8,92.893,-46.2,1.291,5099.1,yes,0,-1,0.7075
55,technician,married,professional.course,no,yes,no,telephone,jun,mon,5,999,0,nonexistent,1.4,94.465,-41.8,4.865,5228.1,yes,0,-1,0.7075
22,unemployed,single,high.school,no,yes,no,cellular,jul,thu,3,999,0,nonexistent,1.4,93.918,-42.7,4.968,5228.1,yes,0,-1,0.7075
24,admin.,single,university.degree,no,no,no,cellular,aug,fri,1,999,2,failure,-1.7,94.027,-38.3,0.905,4991.6,yes,0,-1,0.7075
28,self-employed,single,university.degree,no,yes,yes,cellular,mar,fri,1,999,0,nonexistent,-1.8,92.843,-50.0,1.64,5099.1,yes,0,-1,0.7075
50,unemployed,married,high.school,no,no,no,telephone,may,tue,3,999,0,nonexistent,-1.8,93.876,-40.0,0.688,5008.7,yes,0,-1,0.7075
48,blue-collar,married,basic.6y,no,yes,no,cellular,may,tue,3,999,0,nonexistent,-1.8,92.893,-46.2,1.344,5099.1,yes,0,-1,0.7075
70,retired,married,basic.4y,no,yes,no,cellular,apr,wed,2,999,0,nonexistent,-1.8,93.075,-47.1,1.415,5099.1,yes,0,-1,0.7072131446052248
30,management,single,university.degree,no,yes,no,cellular,may,fri,1,999,0,nonexistent,-1.8,92.893,-46.2,1.25,5099.1,yes,0,-1,0.707087504418281
43,technician,married,professional.course,no,no,no,cellular,sep,tue,1,999,0,nonexistent,-3.4,92.379,-29.8,0.788,5017.5,yes,0,-1,0.7070052613156571
33,services,married,high.school,no,no,yes,cellular,may,mon,4,999,0,nonexistent,-1.8,92.893,-46.2,1.244,5099.1,yes,0,-1,0.7069917989879602
32,blue-collar,divorced,basic.4y,no,no,no,cellular,may,mon,2,999,0,nonexistent,-1.8,92.893,-46.2,1.244,5099.1,yes,0,-1,0.7068464368808886
19,student,single,unknown,no,yes,no,cellular,apr,mon,1,999,1,failure,-1.8,93.075,-47.1,1.405,5099.1,yes,0,-1,0.7068431319290523
24,student,single,professional.course,no,yes,no,cellular,apr,thu,1,999,0,nonexistent,-1.8,93.075,-47.1,1.365,5099.1,yes,0,-1,0.7066604606386457
36,self-employed,married,basic.9y,no,yes,yes,cellular,may,tue,1,999,0,nonexistent,-1.8,92.893,-46.2,1.344,5099.1,yes,0,-1,0.705
45,blue-collar,single,basic.9y,no,no,yes,cellular,oct,tue,2,999,1,failure,-3.4,92.431,-26.9,0.742,5017.5,yes,0,-1,0.705
25,self-employed,single,unknown,no,unknown,unknown,cellular,jul,wed,5,999,2,failure,-1.7,94.215,-40.3,0.896,4991.6,yes,0,-1,0.705
24,student,single,high.school,no,yes,no,cellular,aug,fri,1,999,0,nonexistent,-2.9,92.201,-31.4,0.881,5076.2,yes,0,-1,0.705
24,technician,single,high.school,no,yes,no,cellular,may,mon,4,999,0,nonexistent,-1.8,92.893,-46.2,1.354,5099.1,yes,0,-1,0.705
29,admin.,single,university.degree,no,no,yes,cellular,jul,thu,2,999,0,nonexistent,1.4,93.918,-42.7,4.958,5228.1,yes,0,-1,0.705
50,admin.,married,university.degree,no,yes,no,cellular,jun,fri,7,999,1,failure,-2.9,92.963,-40.8,1.268,5076.2,yes,0,-1,0.705
31,blue-collar,married,professional.course,no,no,no,cellular,aug,thu,1,999,0,nonexistent,-2.9,92.201,-31.4,0.873,5076.2,yes,0,-1,0.705
34,technician,single,professional.course,no,no,yes,cellular,jul,tue,5,999,0,nonexistent,1.4,93.918,-42.7,4.961,5228.1,yes,0,-1,0.705
50,retired,married,basic.4y,no,no,no,cellular,jul,wed,1,999,0,nonexistent,1.4,93.918,-42.7,4.957,5228.1,yes,0,-1,0.705
63,retired,married,unknown,no,yes,no,telephone,apr,wed,1,999,0,nonexistent,-1.8,93.075,-47.1,1.445,5099.1,yes,0,-1,0.705
40,admin.,married,university.degree,no,yes,no,cellular,jul,tue,1,999,0,nonexistent,-2.9,92.469,-33.6,1.044,5076.2,yes,0,-1,0.705
25,technician,married,professional.course,no,yes,no,cellular,jun,tue,4,999,1,failure,-2.9,92.963,-40.8,1.252,5076.2,yes,0,-1,0.705
41,services,single,high.school,no,yes,yes,cellular,apr,wed,2,999,0,nonexistent,-1.8,93.075,-47.1,1.415,5099.1,yes,0,-1,0.705
34,admin.,single,university.degree,no,no,no,cellular,apr,tue,1,999,1,failure,-1.8,93.075,-47.1,1.423,5099.1,yes,0,-1,0.705
29,services,married,professional.course,unknown,yes,no,cellular,aug,tue,6,999,0,nonexistent,1.4,93.444,-36.1,4.965,5228.1,yes,0,-1,0.705
32,technician,single,university.degree,no,yes,yes,cellular,may,fri,5,999,1,failure,-1.8,92.893,-46.2,1.25,5099.1,yes,0,-1,0.705
42,management,married,basic.6y,no,yes,no,telephone,sep,thu,3,999,0,nonexistent,-3.4,92.379,-29.8,0.778,5017.5,yes,0,-1,0.705
28,blue-collar,single,basic.6y,no,no,no,cellular,may,wed,3,999,0,nonexistent,-1.8,92.893,-46.2,1.281,5099.1,yes,0,-1,0.705
43,entrepreneur,married,professional.course,no,yes,no,cellular,may,fri,1,999,1,failure,-1.8,92.893,-46.2,1.25,5099.1,yes,0,-1,0.705
37,management,divorced,university.degree,no,yes,no,cellular,may,mon,3,9,1,success,-1.8,92.893,-46.2,1.244,5099.1,yes,1,9,0.705
31,services,single,high.school,no,no,no,cellular,may,fri,2,999,0,nonexistent,-1.8,92.893,-46.2,1.259,5099.1,yes,0,-1,0.705
46,blue-collar,married,basic.6y,no,yes,no,cellular,may,mon,3,999,0,nonexistent,-1.8,92.893,-46.2,1.354,5099.1,yes,0,-1,0.705
35,blue-collar,single,basic.9y,no,yes,no,cellular,may,mon,2,3,1,success,-1.8,92.893,-46.2,1.354,5099.1,yes,1,3,0.705
20,student,single,basic.9y,no,yes,no,cellular,mar,thu,1,999,0,nonexistent,-1.8,92.843,-50.0,1.538,5099.1,yes,0,-1,0.705
22,technician,single,unknown,no,no,no,cellular,may,tue,1,3,1,success,-1.8,92.893,-46.2,1.266,5099.1,yes,1,3,0.7048486964917927
43,blue-collar,married,basic.9y,no,yes,no,cellular,jun,tue,1,999,0,nonexistent,-2.9,92.963,-40.8,1.262,5076.2,yes,0,-1,0.704709320675925
39,technician,married,professional.course,no,yes,no,cellular,apr,thu,2,999,0,nonexistent,-1.8,93.075,-47.1,1.365,5099.1,yes,0,-1,0.7046142236884476
58,unemployed,divorced,basic.9y,no,yes,no,telephone,oct,wed,1,999,0,nonexistent,-3.4,92.431,-26.9,0.724,5017.5,yes,0,-1,0.7044933670797695
63,retired,married,professional.course,no,yes,no,cellular,apr,wed,2,999,0,nonexistent,-1.8,93.075,-47.1,1.498,5099.1,yes,0,-1,0.7044875901592905
44,admin.,married,university.degree,no,yes,no,cellular,aug,thu,2,999,0,nonexistent,-2.9,92.201,-31.4,0.883,5076.2,yes,0,-1,0.7044849514351671
22,admin.,single,university.degree,no,no,no,cellular,apr,fri,1,999,0,nonexistent,-1.8,93.075,-47.1,1.405,5099.1,yes,0,-1,0.7044656362469831
37,blue-collar,married,basic.6y,no,no,no,cellular,jul,fri,3,999,0,nonexistent,1.4,93.918,-42.7,4.957,5228.1,yes,0,-1,0.7043945022678885
80,management,divorced,professional.course,unknown,yes,no,cellular,mar,tue,2,999,0,nonexistent,-1.8,92.843,-50.0,1.51,5099.1,yes,0,-1,0.7040810767279504
25,technician,single,university.degree,no,yes,no,telephone,aug,thu,1,999,0,nonexistent,-2.9,92.201,-31.4,0.883,5076.2,yes,0,-1,0.7036599548119252
48,technician,married,high.school,no,yes,no,cellular,aug,mon,1,999,0,nonexistent,-2.9,92.201,-31.4,0.861,5076.2,yes,0,-1,0.703620406085874
31,admin.,single,basic.9y,no,no,no,cellular,jul,fri,1,999,0,nonexistent,1.4,93.918,-42.7,4.957,5228.1,yes,0,-1,0.7035670789178957
45,services,single,unknown,no,no,no,telephone,apr,fri,1,999,0,nonexistent,-1.8,93.075,-47.1,1.405,5099.1,yes,0,-1,0.7025
41,admin.,married,basic.6y,no,no,no,cellular,apr,fri,2,999,1,failure,-1.8,93.075,-47.1,1.479,5099.1,yes,0,-1,0.7025
51,admin.,single,university.degree,no,no,no,cellular,jun,fri,2,999,0,nonexistent,-2.9,92.963,-40.8,1.268,5076.2,yes,0,-1,0.7025
26,services,single,high.school,no,no,no,cellular,jul,tue,2,999,0,nonexistent,-2.9,92.469,-33.6,1.044,5076.2,yes,0,-1,0.7025
27,technician,single,basic.9y,no,yes,no,telephone,apr,wed,2,999,0,nonexistent,-1.8,93.075,-47.1,1.445,5099.1,yes,0,-1,0.7025
32,technician,married,professional.course,no,yes,no,cellular,jul,thu,1,999,0,nonexistent,1.4,93.918,-42.7,4.963,5228.1,yes,0,-1,0.7025
36,management,married,university.degree,no,yes,no,cellular,jun,thu,1,999,1,failure,-2.9,92.963,-40.8,1.26,5076.2,yes,0,-1,0.7025
30,blue-collar,married,basic.6y,no,yes,yes,cellular,jul,wed,2,999,0,nonexistent,1.4,93.918,-42.7,4.957,5228.1,yes,0,-1,0.7025
60,retired,married,university.degree,no,yes,no,cellular,may,tue,1,3,1,success,-1.8,92.893,-46.2,1.266,5099.1,yes,1,3,0.7025
35,management,divorced,university.degree,no,yes,no,cellular,aug,mon,2,999,0,nonexistent,1.4,93.444,-36.1,4.965,5228.1,yes,0,-1,0.7025
24,blue-collar,single,basic.9y,no,yes,no,cellular,jun,wed,2,999,0,nonexistent,-2.9,92.963,-40.8,1.26,5076.2,yes,0,-1,0.7025
57,retired,married,professional.course,no,yes,no,cellular,jun,mon,2,999,0,nonexistent,-2.9,92.963,-40.8,1.266,5076.2,yes,0,-1,0.7025
35,admin.,married,high.school,no,yes,no,cellular,may,mon,1,999,0,nonexistent,-1.8,92.893,-46.2,1.264,5099.1,yes,0,-1,0.7025
29,admin.,single,high.school,no,yes,no,cellular,may,thu,2,999,0,nonexistent,-1.8,92.893,-46.2,1.266,5099.1,yes,0,-1,0.7025
46,technician,married,professional.course,no,yes,no,cellular,aug,thu,2,999,4,failure,-1.7,94.027,-38.3,0.904,4991.6,yes,0,-1,0.7025
48,admin.,married,high.school,no,no,no,cellular,aug,thu,2,999,0,nonexistent,1.4,93.444,-36.1,4.968,5228.1,yes,0,-1,0.7025
46,blue-collar,married,basic.4y,unknown,yes,no,cellular,may,thu,2,999,0,nonexistent,-1.8,92.893,-46.2,1.327,5099.1,yes,0,-1,0.7025
46,admin.,married,high.school,no,yes,no,cellular,apr,thu,1,999,0,nonexistent,-1.8,93.075,-47.1,1.365,5099.1,yes,0,-1,0.7025
59,management,married,university.degree,no,no,no,telephone,may,mon,8,999,0,nonexistent,-1.8,92.893,-46.2,1.354,5099.1,yes,0,-1,0.7025
37,services,married,high.school,no,no,no,cellular,nov,wed,2,999,2,failure,-3.4,92.649,-30.1,0.715,5017.5,yes,0,-1,0.7025
44,admin.,married,university.degree,no,yes,no,telephone,oct,wed,1,999,0,nonexistent,-3.4,92.431,-26.9,0.735,5017.5,yes,0,-1,0.7025
73,retired,married,professional.course,no,yes,no,cellular,nov,fri,1,999,0,nonexistent,-1.1,94.767,-50.8,1.028,4963.6,yes,0,-1,0.7025
40,admin.,single,high.school,no,yes,no,cellular,jun,tue,1,999,0,nonexistent,-2.9,92.963,-40.8,1.262,5076.2,yes,0,-1,0.7024001048767698
25,blue-collar,single,high.school,no,no,no,cellular,may,fri,3,999,0,nonexistent,-1.8,92.893,-46.2,1.25,5099.1,yes,0,-1,0.7022203068855006
59,admin.,married,unknown,no,no,yes,cellular,sep,mon,4,999,1,failure,-3.4,92.379,-29.8,0.797,5017.5,yes,0,-1,0.7022196392153055
44,services,divorced,basic.9y,no,no,no,cellular,jul,tue,3,999,0,nonexistent,1.4,93.918,-42.7,4.961,5228.1,yes,0,-1,0.7022184859667866
58,retired,divorced,university.degree,no,yes,no,cellular,apr,wed,1,999,0,nonexistent,-1.8,93.075,-47.1,1.415,5099.1,yes,0,-1,0.7021145253195153
58,retired,divorced,university.degree,no,yes,no,cellular,apr,wed,1,999,0,nonexistent,-1.8,93.075,-47.1,1.415,5099.1,no,0,-1,0.7021145253195153
34,admin.,divorced,university.degree,no,no,no,cellular,aug,tue,2,999,0,nonexistent,-2.9,92.201,-31.4,0.883,5076.2,yes,0,-1,0.7020048671114515
26,self-employed,married,university.degree,no,no,no,cellular,may,wed,2,999,0,nonexistent,-1.8,92.893,-46.2,1.27,5099.1,yes,0,-1,0.7018405010776303
32,blue-collar,single,high.school,no,no,no,cellular,may,wed,1,999,0,nonexistent,-1.8,92.893,-46.2,1.27,5099.1,yes,0,-1,0.7017133331382953
37,blue-collar,married,basic.4y,unknown,no,no,telephone,jun,fri,1,999,0,nonexistent,1.4,94.465,-41.8,4.959,5228.1,yes,0,-1,0.7017033703096044
59,admin.,married,high.school,no,yes,no,cellular,aug,wed,1,999,0,nonexistent,-2.9,92.201,-31.4,0.884,5076.2,yes,0,-1,0.7014884015342079
37,admin.,single,university.degree,no,yes,no,telephone,may,thu,2,999,0,nonexistent,1.1,93.994,-36.4,4.86,5191.0,yes,0,-1,0.700829312641294
37,admin.,married,high.school,no,yes,no,cellular,apr,thu,1,999,0,nonexistent,-1.8,93.075,-47.1,1.365,5099.1,yes,0,-1,0.7
30,admin.,married,university.degree,no,yes,yes,cellular,may,fri,4,999,0,nonexistent,-1.8,92.893,-46.2,1.259,5099.1,yes,0,-1,0.7
51,blue-collar,married,basic.4y,no,yes,no,cellular,may,mon,3,999,0,nonexistent,-1.8,92.893,-46.2,1.354,5099.1,yes,0,-1,0.7
45,services,single,unknown,no,no,no,cellular,apr,fri,1,6,1,success,-1.8,93.075,-47.1,1.405,5099.1,yes,1,6,0.7
34,housemaid,single,high.school,no,no,no,cellular,may,wed,1,999,0,nonexistent,-1.8,92.893,-46.2,1.281,5099.1,yes,0,-1,0.7
53,technician,married,university.degree,no,unknown,unknown,cellular,apr,thu,2,999,2,failure,-1.8,93.749,-34.6,0.64,5008.7,yes,0,-1,0.7
38,admin.,married,high.school,no,no,no,cellular,aug,wed,2,999,0,nonexistent,-2.9,92.201,-31.4,0.879,5076.2,yes,0,-1,0.7
27,admin.,single,high.school,no,yes,no,cellular,apr,fri,1,999,0,nonexistent,-1.8,93.075,-47.1,1.405,5099.1,yes,0,-1,0.7
30,blue-collar,married,basic.6y,no,no,yes,cellular,jul,wed,2,999,0,nonexistent,1.4,93.918,-42.7,4.963,5228.1,yes,0,-1,0.7
30,management,single,university.degree,no,yes,yes,cellular,may,mon,1,999,0,nonexistent,-1.8,92.893,-46.2,1.354,5099.1,yes,0,-1,0.7
36,management,married,university.degree,no,yes,no,cellular,may,mon,1,999,1,failure,-1.8,92.893,-46.2,1.354,5099.1,yes,0,-1,0.7
51,admin.,married,university.degree,no,yes,no,cellular,aug,wed,9,999,0,nonexistent,1.4,93.444,-36.1,4.964,5228.1,yes,0,-1,0.7
24,admin.,single,university.degree,no,yes,yes,telephone,oct,thu,1,999,0,nonexistent,-3.4,92.431,-26.9,0.733,5017.5,yes,0,-1,0.7
33,admin.,single,university.degree,no,yes,no,cellular,aug,wed,1,1,1,success,-2.9,92.201,-31.4,0.854,5076.2,yes,1,1,0.7
40,blue-collar,married,basic.9y,no,no,no,cellular,apr,thu,1,999,0,nonexistent,-1.8,93.075,-47.1,1.365,5099.1,yes,0,-1,0.7
40,admin.,divorced,university.degree,no,no,no,cellular,apr,wed,2,999,0,nonexistent,-1.8,93.075,-47.1,1.445,5099.1,yes,0,-1,0.7
86,retired,single,basic.9y,unknown,no,no,telephone,jun,wed,1,999,0,nonexistent,-1.7,94.055,-39.8,0.767,4991.6,yes,0,-1,0.7
40,management,married,university.degree,no,yes,no,cellular,jul,mon,3,999,0,nonexistent,1.4,93.918,-42.7,4.96,5228.1,yes,0,-1,0.7
29,blue-collar,married,basic.9y,no,no,no,cellular,may,wed,3,999,1,failure,-1.8,92.893,-46.2,1.281,5099.1,yes,0,-1,0.7
27,technician,single,university.degree,no,yes,yes,cellular,may,wed,1,999,0,nonexistent,-1.8,92.893,-46.2,1.334,5099.1,yes,0,-1,0.7
51,management,married,university.degree,unknown,no,yes,telephone,may,thu,2,999,0,nonexistent,1.1,93.994,-36.4,4.86,5191.0,yes,0,-1,0.7
33,admin.,single,university.degree,no,yes,no,cellular,jun,tue,3,999,0,nonexistent,-2.9,92.963,-40.8,1.262,5076.2,yes,0,-1,0.7
31,admin.,married,university.degree,no,no,no,telephone,apr,wed,3,999,0,nonexistent,-1.8,93.075,-47.1,1.415,5099.1,yes,0,-1,0.7
35,blue-collar,single,professional.course,no,yes,no,cellular,jun,mon,1,999,0,nonexistent,-2.9,92.963,-40.8,1.266,5076.2,yes,0,-1,0.7
22,admin.,single,university.degree,no,yes,no,cellular,sep,mon,2,999,3,failure,-1.1,94.199,-37.5,0.882,4963.6,yes,0,-1,0.7
57,self-employed,married,professional.course,no,yes,no,cellular,jul,tue,2,999,0,nonexistent,1.4,93.918,-42.7,4.961,5228.1,yes,0,-1,0.7
33,technician,single,basic.9y,no,yes,yes,cellular,aug,mon,1,999,2,failure,-2.9,92.201,-31.4,0.884,5076.2,yes,0,-1,0.7
26,technician,single,university.degree,no,no,no,cellular,may,fri,1,999,1,failure,-1.8,92.893,-46.2,1.259,5099.1,yes,0,-1,0.7
38,management,married,university.degree,no,no,no,telephone,may,wed,1,999,0,nonexistent,-1.8,92.893,-46.2,1.27,5099.1,yes,0,-1,0.7
31,technician,single,university.degree,no,no,yes,cellular,apr,tue,3,999,0,nonexistent,-1.8,93.075,-47.1,1.405,5099.1,yes,0,-1,0.6997221278042147
44,technician,married,high.school,no,yes,yes,cellular,oct,mon,1,999,1,failure,-1.1,94.601,-49.5,1.0,4963.6,yes,0,-1,0.6997200640963388
44,admin.,married,university.degree,no,yes,no,cellular,sep,thu,1,999,0,nonexistent,-3.4,92.379,-29.8,0.809,5017.5,yes,0,-1,0.699718182480334
30,technician,single,professional.course,no,no,no,cellular,jun,thu,1,999,0,nonexistent,-2.9,92.963,-40.8,1.26,5076.2,yes,0,-1,0.6997156331941342
20,student,single,unknown,no,yes,no,cellular,apr,wed,4,999,0,nonexistent,-1.8,93.075,-47.1,1.498,5099.1,yes,0,-1,0.6997120520539962
41,admin.,married,university.degree,no,no,no,cellular,sep,mon,2,999,1,failure,-3.4,92.379,-29.8,0.797,5017.5,yes,0,-1,0.6994388535495776
66,unemployed,single,basic.4y,no,yes,no,cellular,apr,thu,1,999,0,nonexistent,-1.8,93.075,-47.1,1.365,5099.1,yes,0,-1,0.6993463754498204
40,admin.,married,university.degree,no,yes,no,cellular,jun,tue,1,999,0,nonexistent,-2.9,92.963,-40.8,1.262,5076.2,yes,0,-1,0.699251941799298
34,technician,married,high.school,no,no,no,cellular,nov,thu,1,999,0,nonexistent,-0.1,93.2,-42.0,4.076,5195.8,yes,0,-1,0.6992147480118307
32,admin.,married,university.degree,no,yes,no,cellular,aug,wed,1,999,0,nonexistent,1.4,93.444,-36.1,4.965,5228.1,yes,0,-1,0.6992108494656415
29,admin.,single,university.degree,no,no,no,cellular,jun,wed,1,999,0,nonexistent,-2.9,92.963,-40.8,1.26,5076.2,yes,0,-1,0.6992078330389759
26,student,single,basic.9y,no,yes,no,telephone,oct,tue,3,999,0,nonexistent,-3.4,92.431,-26.9,0.742,5017.5,yes,0,-1,0.6989270635935815
35,technician,single,university.degree,no,yes,no,cellular,aug,tue,3,999,0,nonexistent,1.4,93.444,-36.1,4.966,5228.1,yes,0,-1,0.6987582810827645
30,blue-collar,married,basic.9y,no,yes,no,telephone,apr,thu,3,999,0,nonexistent,-1.8,93.075,-47.1,1.41,5099.1,yes,0,-1,0.6985131716711713
52,admin.,married,professional.course,no,yes,yes,cellular,jul,tue,2,6,1,success,-1.7,94.215,-40.3,0.893,4991.6,no,1,6,0.698142965928825
52,admin.,married,professional.course,no,yes,yes,cellular,jul,tue,2,6,1,success,-1.7,94.215,-40.3,0.893,4991.6,yes,1,6,0.698142965928825
81,retired,married,basic.4y,no,yes,no,cellular,sep,fri,1,999,0,nonexistent,-3.4,92.379,-29.8,0.741,5017.5,yes,0,-1,0.6975
51,technician,married,professional.course,no,yes,no,cellular,jul,thu,2,999,1,failure,-2.9,92.469,-33.6,1.072,5076.2,yes,0,-1,0.6975
56,entrepreneur,married,unknown,no,yes,no,cellular,jul,thu,2,999,0,nonexistent,-2.9,92.469,-33.6,1.072,5076.2,yes,0,-1,0.6975
26,blue-collar,married,professional.course,no,no,no,cellular,may,thu,2,999,0,nonexistent,-1.8,92.893,-46.2,1.266,5099.1,yes,0,-1,0.6975
37,admin.,married,university.degree,no,no,no,telephone,jul,mon,5,999,0,nonexistent,1.4,93.918,-42.7,4.962,5228.1,yes,0,-1,0.6975
42,admin.,married,professional.course,no,yes,no,telephone,nov,thu,1,999,0,nonexistent,-0.1,93.2,-42.0,4.245,5195.8,yes,0,-1,0.6975
26,student,single,professional.course,no,no,yes,cellular,may,fri,2,999,0,nonexistent,-1.8,92.893,-46.2,1.259,5099.1,yes,0,-1,0.6975
58,unknown,married,basic.4y,no,yes,no,cellular,aug,tue,10,999,0,nonexistent,1.4,93.444,-36.1,4.963,5228.1,yes,0,-1,0.6975
28,student,single,unknown,no,no,no,cellular,aug,thu,4,999,1,failure,-2.9,92.201,-31.4,0.829,5076.2,yes,0,-1,0.6975
34,blue-collar,married,basic.4y,unknown,yes,no,cellular,may,fri,5,999,0,nonexistent,-1.8,92.893,-46.2,1.25,5099.1,yes,0,-1,0.6975
56,admin.,married,university.degree,no,no,no,cellular,aug,wed,3,999,0,nonexistent,1.4,93.444,-36.1,4.964,5228.1,yes,0,-1,0.6975
29,technician,married,university.degree,no,yes,no,cellular,nov,thu,1,999,0,nonexistent,-0.1,93.2,-42.0,4.592,5195.8,yes,0,-1,0.6975
24,student,single,unknown,no,yes,no,cellular,jun,mon,1,999,0,nonexistent,-2.9,92.963,-40.8,1.26,5076.2,yes,0,-1,0.6975
36,unemployed,married,university.degree,unknown,unknown,unknown,cellular,mar,fri,2,999,1,failure,-1.8,92.843,-50.0,1.531,5099.1,yes,0,-1,0.6975
34,blue-collar,married,basic.9y,unknown,yes,no,cellular,jul,fri,4,999,0,nonexistent,1.4,93.918,-42.7,4.957,5228.1,yes,0,-1,0.6975
31,technician,married,basic.9y,no,no,yes,cellular,jul,thu,5,999,0,nonexistent,1.4,93.918,-42.7,4.958,5228.1,yes,0,-1,0.6975
45,blue-collar,married,high.school,no,yes,no,cellular,nov,mon,2,999,0,nonexistent,-3.4,92.649,-30.1,0.722,5017.5,yes,0,-1,0.6975
45,technician,married,university.degree,unknown,no,yes,telephone,jun,tue,4,999,0,nonexistent,1.4,94.465,-41.8,4.864,5228.1,yes,0,-1,0.6975
57,admin.,divorced,university.degree,no,yes,yes,cellular,nov,thu,1,999,0,nonexistent,-0.1,93.2,-42.0,4.076,5195.8,yes,0,-1,0.6975
37,management,married,university.degree,no,no,no,telephone,jun,mon,9,999,0,nonexistent,1.4,94.465,-41.8,4.96,5228.1,yes,0,-1,0.6975
36,entrepreneur,married,university.degree,no,no,no,cellular,jul,wed,2,999,0,nonexistent,1.4,93.918,-42.7,4.963,5228.1,yes,0,-1,0.6975
32,self-employed,single,university.degree,no,yes,no,cellular,dec,mon,4,999,1,failure,-3.0,92.713,-33.0,0.706,5023.5,yes,0,-1,0.6975
35,blue-collar,single,basic.9y,no,no,no,cellular,may,thu,2,999,0,nonexistent,-1.8,92.893,-46.2,1.327,5099.1,yes,0,-1,0.6975
24,services,single,unknown,no,yes,no,cellular,mar,tue,13,999,0,nonexistent,-1.8,92.843,-50.0,1.799,5099.1,yes,0,-1,0.6975
26,management,single,university.degree,no,yes,no,cellular,may,thu,1,999,0,nonexistent,-1.8,92.893,-46.2,1.266,5099.1,yes,0,-1,0.6975
40,retired,married,basic.4y,unknown,yes,no,cellular,jul,fri,2,999,0,nonexistent,1.4,93.918,-42.7,4.963,5228.1,yes,0,-1,0.6974619077059546
28,blue-collar,married,basic.6y,no,no,no,telephone,jun,wed,5,999,0,nonexistent,1.4,94.465,-41.8,4.962,5228.1,yes,0,-1,0.6973967222738184
54,housemaid,married,unknown,no,yes,no,cellular,apr,fri,1,999,0,nonexistent,-1.8,93.075,-47.1,1.479,5099.1,yes,0,-1,0.6973882107115101
30,blue-collar,married,basic.4y,no,yes,no,cellular,apr,thu,1,999,0,nonexistent,-1.8,93.075,-47.1,1.435,5099.1,yes,0,-1,0.6973487647566203
38,technician,married,university.degree,no,no,no,cellular,jun,wed,1,999,0,nonexistent,-2.9,92.963,-40.8,1.26,5076.2,yes,0,-1,0.6972189108478197
59,technician,divorced,professional.course,no,no,no,cellular,apr,mon,1,999,0,nonexistent,-1.8,93.075,-47.1,1.405,5099.1,yes,0,-1,0.696991701018561
31,management,married,university.degree,no,yes,no,cellular,nov,mon,1,999,0,nonexistent,-1.1,94.767,-50.8,1.05,4963.6,yes,0,-1,0.6966563683597164
33,services,married,high.school,no,yes,no,cellular,may,tue,3,999,0,nonexistent,-1.8,92.893,-46.2,1.291,5099.1,yes,0,-1,0.6965080407488381
47,blue-collar,married,basic.6y,no,yes,no,telephone,may,fri,1,999,0,nonexistent,1.1,93.994,-36.4,4.857,5191.0,yes,0,-1,0.695
33,admin.,married,university.degree,no,yes,no,cellular,apr,wed,1,999,0,nonexistent,-1.8,93.075,-47.1,1.415,5099.1,yes,0,-1,0.695
45,management,married,university.degree,no,yes,no,cellular,aug,tue,4,999,0,nonexistent,1.4,93.444,-36.1,4.966,5228.1,yes,0,-1,0.695
29,admin.,single,basic.9y,unknown,yes,no,cellular,may,thu,4,999,0,nonexistent,-1.8,92.893,-46.2,1.327,5099.1,yes,0,-1,0.695
44,services,divorced,high.school,no,yes,yes,cellular,apr,tue,1,999,0,nonexistent,-1.8,93.075,-47.1,1.453,5099.1,yes,0,-1,0.695
46,admin.,divorced,university.degree,no,no,no,telephone,may,fri,1,999,0,nonexistent,1.1,93.994,-36.4,4.859,5191.0,yes,0,-1,0.695
47,entrepreneur,married,university.degree,no,no,no,cellular,aug,tue,3,999,0,nonexistent,1.4,93.444,-36.1,4.968,5228.1,yes,0,-1,0.695
35,admin.,married,high.school,no,yes,no,cellular,jul,tue,2,999,0,nonexistent,1.4,93.918,-42.7,4.962,5228.1,yes,0,-1,0.695
54,services,divorced,high.school,no,yes,no,cellular,oct,wed,3,999,2,failure,-1.1,94.601,-49.5,1.016,4963.6,yes,0,-1,0.695
29,technician,single,basic.9y,no,yes,no,cellular,apr,mon,2,999,0,nonexistent,-1.8,93.075,-47.1,1.405,5099.1,yes,0,-1,0.695
25,blue-collar,single,basic.6y,no,no,yes,cellular,jul,fri,3,999,0,nonexistent,1.4,93.918,-42.7,4.957,5228.1,yes,0,-1,0.695
38,unemployed,married,basic.6y,no,no,no,telephone,jun,mon,4,999,0,nonexistent,1.4,94.465,-41.8,4.865,5228.1,yes,0,-1,0.695
41,housemaid,married,high.school,no,yes,no,telephone,nov,fri,1,999,0,nonexistent,-0.1,93.2,-42.0,4.021,5195.8,yes,0,-1,0.695
54,blue-collar,married,basic.4y,no,unknown,unknown,cellular,may,mon,3,999,1,failure,-1.8,92.893,-46.2,1.264,5099.1,yes,0,-1,0.695
54,unemployed,married,basic.9y,no,yes,no,cellular,oct,wed,1,999,0,nonexistent,-3.4,92.431,-26.9,0.735,5017.5,yes,0,-1,0.695
21,student,single,unknown,no,no,no,cellular,may,mon,5,999,0,nonexistent,-1.8,92.893,-46.2,1.354,5099.1,yes,0,-1,0.695
36,blue-collar,single,basic.9y,no,no,yes,cellular,may,thu,2,999,0,nonexistent,-1.8,92.893,-46.2,1.327,5099.1,yes,0,-1,0.695
64,management,married,high.school,no,yes,no,cellular,apr,fri,2,999,0,nonexistent,-1.8,93.075,-47.1,1.4,5099.1,yes,0,-1,0.695
34,admin.,divorced,high.school,no,yes,no,cellular,apr,tue,1,999,0,nonexistent,-1.8,93.075,-47.1,1.405,5099.1,yes,0,-1,0.695
38,technician,single,professional.course,no,yes,no,cellular,may,thu,2,999,1,failure,-1.8,92.893,-46.2,1.327,5099.1,yes,0,-1,0.695
68,retired,married,high.school,no,yes,no,cellular,apr,mon,1,999,0,nonexistent,-1.8,93.075,-47.1,1.405,5099.1,yes,0,-1,0.695
36,entrepreneur,single,university.degree,no,no,no,cellular,may,tue,1,999,0,nonexistent,-1.8,92.893,-46.2,1.291,5099.1,yes,0,-1,0.695
78,retired,married,basic.4y,no,yes,no,cellular,jul,mon,2,999,1,failure,-1.7,94.215,-40.3,0.87,4991.6,yes,0,-1,0.695
35,admin.,married,university.degree,no,yes,no,cellular,nov,wed,1,999,0,nonexistent,-0.1,93.2,-42.0,4.12,5195.8,yes,0,-1,0.6949910948536775
35,admin.,married,university.degree,no,yes,no,cellular,nov,wed,1,999,0,nonexistent,-0.1,93.2,-42.0,4.12,5195.8,yes,0,-1,0.6949910948536775
35,admin.,married,university.degree,no,yes,no,cellular,nov,wed,1,999,0,nonexistent,-0.1,93.2,-42.0,4.12,5195.8,no,0,-1,0.6949910948536775
35,admin.,married,university.degree,no,yes,no,cellular,nov,wed,1,999,0,nonexistent,-0.1,93.2,-42.0,4.12,5195.8,no,0,-1,0.6949910948536775
35,admin.,married,university.degree,no,yes,no,cellular,nov,wed,1,999,0,nonexistent,-0.1,93.2,-42.0,4.12,5195.8,no,0,-1,0.6949910948536775
35,admin.,married,university.degree,no,yes,no,cellular,nov,wed,1,999,0,nonexistent,-0.1,93.2,-42.0,4.12,5195.8,no,0,-1,0.6949910948536775
39,blue-collar,married,basic.9y,no,yes,no,cellular,jul,fri,3,999,0,nonexistent,1.4,93.918,-42.7,4.957,5228.1,yes,0,-1,0.6949022956913251
53,technician,divorced,university.degree,no,no,no,cellular,jun,wed,1,999,1,failure,-2.9,92.963,-40.8,1.26,5076.2,yes,0,-1,0.6949013542776313
54,admin.,married,university.degree,no,yes,yes,cellular,apr,tue,2,999,0,nonexistent,-1.8,93.075,-47.1,1.405,5099.1,yes,0,-1,0.6948973622447192
35,blue-collar,married,high.school,no,no,no,cellular,may,tue,1,999,0,nonexistent,-1.8,92.893,-46.2,1.344,5099.1,yes,0,-1,0.6947187894532388
71,retired,married,unknown,no,yes,no,cellular,sep,fri,4,999,0,nonexistent,-3.4,92.379,-29.8,0.773,5017.5,yes,0,-1,0.6947136908808392
32,management,single,university.degree,no,yes,no,cellular,apr,fri,1,999,0,nonexistent,-1.8,93.075,-47.1,1.405,5099.1,yes,0,-1,0.6944874923733984
35,services,married,high.school,no,no,no,cellular,apr,thu,2,999,0,nonexistent,-1.8,93.075,-47.1,1.365,5099.1,yes,0,-1,0.694388020036966
23,admin.,single,university.degree,no,no,no,cellular,apr,wed,1,999,1,failure,-1.8,93.075,-47.1,1.405,5099.1,yes,0,-1,0.6941982464666429
43,admin.,single,university.degree,no,yes,no,cellular,aug,tue,2,999,0,nonexistent,1.4,93.444,-36.1,4.968,5228.1,yes,0,-1,0.6937309838512559
37,technician,single,high.school,no,yes,yes,cellular,aug,wed,1,999,0,nonexistent,1.4,93.444,-36.1,4.967,5228.1,yes,0,-1,0.6929828625900529
65,management,married,unknown,no,yes,no,telephone,dec,wed,3,999,1,failure,-3.0,92.713,-33.0,0.715,5023.5,yes,0,-1,0.6925
35,admin.,married,high.school,unknown,no,no,cellular,may,fri,1,999,0,nonexistent,-1.8,92.893,-46.2,1.25,5099.1,yes,0,-1,0.6925
36,admin.,divorced,university.degree,no,yes,no,cellular,aug,mon,2,999,2,failure,-2.9,92.201,-31.4,0.884,5076.2,yes,0,-1,0.6925
58,admin.,married,university.degree,no,yes,no,cellular,may,mon,3,999,1,failure,-1.8,92.893,-46.2,1.244,5099.1,yes,0,-1,0.6925
57,admin.,married,university.degree,no,yes,no,cellular,may,fri,2,999,0,nonexistent,-1.8,92.893,-46.2,1.259,5099.1,yes,0,-1,0.6925
33,management,married,basic.4y,no,yes,yes,telephone,may,tue,4,999,0,nonexistent,1.1,93.994,-36.4,4.856,5191.0,yes,0,-1,0.6925
37,services,married,basic.6y,unknown,yes,no,cellular,may,fri,1,999,1,failure,-1.8,92.893,-46.2,1.25,5099.1,yes,0,-1,0.6925
28,blue-collar,single,basic.9y,no,no,no,cellular,jul,fri,9,999,0,nonexistent,1.4,93.918,-42.7,4.962,5228.1,yes,0,-1,0.6925
48,technician,married,unknown,no,yes,no,cellular,jul,mon,2,999,0,nonexistent,1.4,93.918,-42.7,4.962,5228.1,yes,0,-1,0.6925
24,admin.,single,university.degree,no,no,no,cellular,jun,fri,2,999,0,nonexistent,-2.9,92.963,-40.8,1.268,5076.2,yes,0,-1,0.6925
26,student,single,basic.4y,no,no,yes,cellular,may,mon,2,999,0,nonexistent,-1.8,92.893,-46.2,1.299,5099.1,yes,0,-1,0.6925
32,admin.,single,university.degree,no,yes,yes,cellular,aug,thu,5,999,0,nonexistent,1.4,93.444,-36.1,4.968,5228.1,yes,0,-1,0.6925
32,technician,single,professional.course,no,no,no,cellular,jul,tue,4,999,0,nonexistent,1.4,93.918,-42.7,4.961,5228.1,yes,0,-1,0.6925
31,technician,single,university.degree,no,no,no,cellular,may,mon,1,999,1,failure,-1.8,92.893,-46.2,1.299,5099.1,yes,0,-1,0.6925
58,management,single,university.degree,no,yes,no,cellular,may,fri,2,999,0,nonexistent,-1.8,92.893,-46.2,1.313,5099.1,yes,0,-1,0.6925
35,admin.,single,high.school,no,no,yes,telephone,may,fri,1,999,0,nonexistent,1.1,93.994,-36.4,4.859,5191.0,yes,0,-1,0.6925
48,admin.,married,basic.6y,no,yes,no,telephone,mar,mon,2,999,0,nonexistent,-1.8,92.843,-50.0,1.811,5099.1,yes,0,-1,0.6925
32,admin.,married,university.degree,no,no,no,cellular,jul,wed,3,999,0,nonexistent,1.4,93.918,-42.7,4.963,5228.1,yes,0,-1,0.6925
29,admin.,married,university.degree,no,yes,yes,cellular,apr,wed,1,999,0,nonexistent,-1.8,93.075,-47.1,1.445,5099.1,yes,0,-1,0.6925
28,technician,single,professional.course,no,no,no,cellular,may,wed,2,999,1,failure,-1.8,92.893,-46.2,1.334,5099.1,yes,0,-1,0.6925
34,blue-collar,divorced,basic.6y,no,yes,no,cellular,jul,thu,2,999,0,nonexistent,1.4,93.918,-42.7,4.962,5228.1,yes,0,-1,0.6925
36,self-employed,married,university.degree,no,no,yes,cellular,jun,mon,1,999,1,failure,-2.9,92.963,-40.8,1.266,5076.2,yes,0,-1,0.6925
48,blue-collar,married,basic.9y,no,yes,no,cellular,apr,wed,3,999,2,failure,-1.8,93.075,-47.1,1.445,5099.1,yes,0,-1,0.6925
40,blue-collar,married,professional.course,no,no,no,telephone,jun,mon,1,999,1,failure,-2.9,92.963,-40.8,1.215,5076.2,yes,0,-1,0.6925
45,admin.,married,university.degree,no,yes,yes,cellular,apr,thu,5,999,0,nonexistent,-1.8,93.075,-47.1,1.435,5099.1,yes,0,-1,0.6925
44,services,divorced,high.school,no,yes,yes,cellular,jul,mon,1,999,0,nonexistent,1.4,93.918,-42.7,4.962,5228.1,yes,0,-1,0.6925
30,technician,divorced,university.degree,no,no,no,cellular,aug,mon,3,999,0,nonexistent,1.4,93.444,-36.1,4.965,5228.1,yes,0,-1,0.6925
31,technician,single,university.degree,no,yes,no,telephone,apr,tue,2,999,0,nonexistent,-1.8,93.075,-47.1,1.405,5099.1,yes,0,-1,0.6922090171894726
29,self-employed,married,university.degree,no,yes,yes,cellular,nov,fri,1,999,0,nonexistent,-0.1,93.2,-42.0,4.021,5195.8,yes,0,-1,0.6921204771695773
35,blue-collar,single,high.school,no,no,no,cellular,may,tue,1,999,0,nonexistent,-1.8,92.893,-46.2,1.344,5099.1,yes,0,-1,0.6920689775506826
31,management,married,university.degree,no,yes,yes,cellular,aug,mon,2,999,0,nonexistent,-2.9,92.201,-31.4,0.821,5076.2,yes,0,-1,0.6919934651218608
41,services,single,university.degree,no,yes,no,cellular,aug,fri,1,999,0,nonexistent,-2.9,92.201,-31.4,0.881,5076.2,yes,0,-1,0.6918519639056374
26,technician,single,university.degree,no,yes,no,cellular,may,thu,4,2,1,success,-1.8,92.893,-46.2,1.27,5099.1,yes,1,2,0.6918195765205182
33,technician,single,high.school,no,yes,no,cellular,jul,fri,2,999,0,nonexistent,1.4,93.918,-42.7,4.962,5228.1,yes,0,-1,0.6918065780099738
29,admin.,single,high.school,no,yes,no,cellular,aug,thu,3,999,0,nonexistent,1.4,93.444,-36.1,4.963,5228.1,yes,0,-1,0.691660150932518
30,admin.,married,university.degree,no,yes,no,cellular,jun,mon,1,999,0,nonexistent,-2.9,92.963,-40.8,1.26,5076.2,yes,0,-1,0.6914069422731202
54,blue-collar,married,basic.9y,no,yes,no,cellular,aug,mon,1,999,0,nonexistent,1.4,93.444,-36.1,4.963,5228.1,yes,0,-1,0.6912717041878261
32,technician,married,professional.course,unknown,yes,no,cellular,aug,tue,4,999,0,nonexistent,1.4,93.444,-36.1,4.966,5228.1,yes,0,-1,0.6912582810827645
35,admin.,married,university.degree,no,no,no,cellular,jul,wed,2,999,0,nonexistent,1.4,93.918,-42.7,4.963,5228.1,yes,0,-1,0.6912223964601704
32,blue-collar,single,basic.4y,no,no,no,cellular,may,wed,1,999,0,nonexistent,-1.8,92.893,-46.2,1.281,5099.1,yes,0,-1,0.6908680587543298
27,admin.,single,university.degree,no,yes,no,cellular,mar,tue,1,999,1,failure,-1.8,93.369,-34.8,0.635,5008.7,yes,0,-1,0.6906905375388372
57,entrepreneur,married,basic.9y,no,yes,no,cellular,may,mon,4,999,1,failure,-1.8,92.893,-46.2,1.354,5099.1,yes,0,-1,0.69
37,management,divorced,university.degree,no,no,no,cellular,may,mon,1,999,0,nonexistent,-1.8,92.893,-46.2,1.244,5099.1,yes,0,-1,0.69
47,admin.,divorced,university.degree,no,yes,yes,cellular,aug,tue,1,999,0,nonexistent,-2.9,92.201,-31.4,0.884,5076.2,yes,0,-1,0.69
58,management,divorced,university.degree,no,no,no,telephone,nov,wed,1,999,0,nonexistent,-0.1,93.2,-42.0,4.286,5195.8,yes,0,-1,0.69
60,blue-collar,married,basic.9y,no,yes,no,cellular,may,mon,1,999,1,failure,-1.8,92.893,-46.2,1.354,5099.1,yes,0,-1,0.69
50,technician,single,professional.course,no,yes,yes,cellular,jun,thu,1,999,1,failure,-2.9,92.963,-40.8,1.26,5076.2,yes,0,-1,0.69
24,technician,single,professional.course,no,unknown,unknown,cellular,may,wed,2,999,0,nonexistent,-1.8,92.893,-46.2,1.27,5099.1,yes,0,-1,0.69
29,admin.,single,university.degree,no,yes,no,cellular,may,wed,1,999,1,failure,-1.8,93.876,-40.0,0.672,5008.7,yes,0,-1,0.69
36,admin.,married,university.degree,no,yes,yes,cellular,oct,mon,1,999,1,failure,-3.4,92.431,-26.9,0.743,5017.5,yes,0,-1,0.69
26,technician,divorced,professional.course,no,no,yes,cellular,jul,tue,1,999,0,nonexistent,1.4,93.918,-42.7,4.961,5228.1,yes,0,-1,0.69
32,student,single,high.school,no,yes,no,cellular,jul,thu,2,999,0,nonexistent,1.4,93.918,-42.7,4.962,5228.1,yes,0,-1,0.69
25,student,single,high.school,no,yes,no,cellular,may,thu,3,999,1,failure,-1.8,92.893,-46.2,1.266,5099.1,yes,0,-1,0.69
52,admin.,married,basic.9y,no,no,no,cellular,jul,wed,2,999,0,nonexistent,1.4,93.918,-42.7,4.963,5228.1,yes,0,-1,0.69
31,admin.,single,university.degree,no,yes,no,cellular,aug,mon,3,999,0,nonexistent,-1.7,94.027,-38.3,0.896,4991.6,yes,0,-1,0.69
81,retired,married,basic.4y,no,yes,no,cellular,oct,wed,1,999,2,failure,-1.1,94.601,-49.5,1.016,4963.6,yes,0,-1,0.69
37,management,married,university.degree,no,no,no,telephone,jun,tue,4,999,0,nonexistent,1.4,94.465,-41.8,4.961,5228.1,yes,0,-1,0.69
67,retired,married,professional.course,no,yes,yes,cellular,aug,mon,1,999,0,nonexistent,-2.9,92.201,-31.4,0.861,5076.2,yes,0,-1,0.69
29,services,single,high.school,no,yes,yes,cellular,jun,wed,2,999,2,failure,-2.9,92.963,-40.8,1.26,5076.2,yes,0,-1,0.69
29,admin.,married,university.degree,no,yes,no,cellular,apr,wed,2,999,0,nonexistent,-1.8,93.075,-47.1,1.445,5099.1,yes,0,-1,0.69
26,technician,married,professional.course,no,yes,no,cellular,jul,thu,1,999,0,nonexistent,1.4,93.918,-42.7,4.963,5228.1,yes,0,-1,0.69
34,blue-collar,married,basic.6y,no,yes,no,cellular,may,wed,1,999,0,nonexistent,-1.8,92.893,-46.2,1.281,5099.1,yes,0,-1,0.69
36,admin.,single,university.degree,no,no,no,cellular,aug,tue,1,999,0,nonexistent,-2.9,92.201,-31.4,0.859,5076.2,yes,0,-1,0.69
30,technician,single,university.degree,no,yes,no,cellular,aug,thu,3,999,0,nonexistent,1.4,93.444,-36.1,4.962,5228.1,yes,0,-1,0.69
53,services,married,unknown,no,yes,no,cellular,jun,tue,3,999,0,nonexistent,-2.9,92.963,-40.8,1.262,5076.2,yes,0,-1,0.69
29,services,married,professional.course,no,no,no,cellular,aug,tue,3,999,0,nonexistent,1.4,93.444,-36.1,4.963,5228.1,yes,0,-1,0.69
29,admin.,single,high.school,no,no,no,cellular,aug,fri,1,999,0,nonexistent,-2.9,92.201,-31.4,0.881,5076.2,yes,0,-1,0.69
55,technician,single,professional.course,no,yes,yes,cellular,mar,mon,2,999,0,nonexistent,-1.8,92.843,-50.0,1.703,5099.1,yes,0,-1,0.69
46,self-employed,divorced,high.school,no,no,no,cellular,sep,fri,2,999,1,failure,-3.4,92.379,-29.8,0.762,5017.5,yes,0,-1,0.69
88,retired,divorced,basic.4y,no,yes,yes,cellular,mar,wed,5,999,0,nonexistent,-1.8,92.843,-50.0,1.663,5099.1,yes,0,-1,0.69
54,admin.,married,university.degree,no,yes,yes,cellular,aug,fri,1,999,1,failure,-2.9,92.201,-31.4,0.849,5076.2,yes,0,-1,0.69
74,retired,married,high.school,no,yes,no,cellular,aug,thu,1,999,1,failure,-2.9,92.201,-31.4,0.883,5076.2,yes,0,-1,0.69
52,admin.,divorced,basic.9y,no,no,yes,cellular,may,mon,2,999,0,nonexistent,-1.8,92.893,-46.2,1.244,5099.1,yes,0,-1,0.69
28,management,married,university.degree,no,yes,no,telephone,jun,wed,1,999,0,nonexistent,1.4,94.465,-41.8,4.962,5228.1,yes,0,-1,0.69
55,housemaid,married,university.degree,no,no,no,cellular,jul,wed,1,999,0,nonexistent,1.4,93.918,-42.7,4.957,5228.1,yes,0,-1,0.6898546563904945
30,entrepreneur,married,high.school,no,yes,yes,cellular,may,fri,1,999,0,nonexistent,-1.8,92.893,-46.2,1.25,5099.1,yes,0,-1,0.6897195178207244
33,unemployed,married,high.school,no,yes,yes,cellular,oct,tue,2,999,0,nonexistent,-3.4,92.431,-26.9,0.742,5017.5,yes,0,-1,0.6897143585510344
37,admin.,single,university.degree,no,yes,no,cellular,oct,thu,3,999,0,nonexistent,-3.4,92.431,-26.9,0.754,5017.5,yes,0,-1,0.6897115664756726
43,blue-collar,single,basic.6y,no,yes,yes,cellular,jul,wed,4,999,0,nonexistent,1.4,93.918,-42.7,4.957,5228.1,yes,0,-1,0.6896070976647877
48,blue-collar,married,basic.6y,unknown,yes,no,cellular,jul,wed,2,999,0,nonexistent,1.4,93.918,-42.7,4.957,5228.1,yes,0,-1,0.6895010272325917
44,blue-collar,single,basic.4y,no,yes,no,cellular,mar,tue,2,999,0,nonexistent,-1.8,92.843,-50.0,1.51,5099.1,yes,0,-1,0.6894992571878004
78,unknown,married,unknown,no,yes,no,cellular,sep,wed,1,999,1,failure,-3.4,92.379,-29.8,0.781,5017.5,yes,0,-1,0.6894924848934361
22,student,single,high.school,no,no,no,cellular,apr,thu,1,999,0,nonexistent,-1.8,93.075,-47.1,1.365,5099.1,yes,0,-1,0.6893444454661024
36,self-employed,single,university.degree,no,no,no,cellular,jul,wed,6,999,0,nonexistent,1.4,93.918,-42.7,4.963,5228.1,yes,0,-1,0.688669098130805
45,housemaid,married,basic.4y,no,yes,no,cellular,apr,mon,2,999,0,nonexistent,-1.8,93.075,-47.1,1.405,5099.1,yes,0,-1,0.6881226827244298
31,admin.,married,university.degree,no,yes,no,cellular,aug,wed,1,999,0,nonexistent,1.4,93.444,-36.1,4.967,5228.1,yes,0,-1,0.688070919883526
36,admin.,unknown,university.degree,no,yes,no,cellular,aug,wed,1,999,0,nonexistent,1.4,93.444,-36.1,4.965,5228.1,yes,0,-1,0.6875194254050857
39,admin.,married,university.degree,no,no,no,cellular,jul,fri,4,999,0,nonexistent,1.4,93.918,-42.7,4.962,5228.1,yes,0,-1,0.6875
31,technician,married,professional.course,no,no,no,cellular,jul,thu,1,999,0,nonexistent,1.4,93.918,-42.7,4.963,5228.1,yes,0,-1,0.6875
39,admin.,divorced,university.degree,no,yes,yes,cellular,jul,mon,10,999,1,failure,-1.7,94.215,-40.3,0.827,4991.6,yes,0,-1,0.6875
42,services,married,high.school,no,no,no,telephone,may,fri,2,999,0,nonexistent,1.1,93.994,-36.4,4.864,5191.0,yes,0,-1,0.6875
53,admin.,married,university.degree,no,yes,no,cellular,aug,mon,1,999,1,failure,-2.9,92.201,-31.4,0.821,5076.2,yes,0,-1,0.6875
21,student,single,high.school,unknown,no,no,cellular,may,fri,3,999,0,nonexistent,-1.8,92.893,-46.2,1.25,5099.1,yes,0,-1,0.6875
26,admin.,married,high.school,no,yes,no,cellular,oct,mon,1,999,0,nonexistent,-3.4,92.431,-26.9,0.731,5017.5,yes,0,-1,0.6875
29,admin.,married,high.school,no,yes,no,cellular,may,fri,4,999,0,nonexistent,-1.8,92.893,-46.2,1.25,5099.1,yes,0,-1,0.6875
31,blue-collar,married,basic.9y,no,yes,no,telephone,jun,wed,4,999,0,nonexistent,1.4,94.465,-41.8,4.962,5228.1,yes,0,-1,0.6875
52,management,married,university.degree,no,yes,no,cellular,nov,wed,3,999,0,nonexistent,-0.1,93.2,-42.0,4.12,5195.8,yes,0,-1,0.6875
42,admin.,married,high.school,no,yes,yes,telephone,oct,fri,1,999,0,nonexistent,-0.1,93.798,-40.4,5.045,5195.8,yes,0,-1,0.6875
35,admin.,single,university.degree,no,yes,no,telephone,aug,thu,1,999,0,nonexistent,-2.9,92.201,-31.4,0.883,5076.2,yes,0,-1,0.6875
29,self-employed,single,professional.course,no,yes,no,cellular,may,wed,2,999,1,failure,-1.8,92.893,-46.2,1.281,5099.1,yes,0,-1,0.6875
60,admin.,married,university.degree,no,no,no,telephone,jun,wed,3,999,0,nonexistent,1.4,94.465,-41.8,4.962,5228.1,yes,0,-1,0.6875
52,blue-collar,divorced,basic.4y,no,no,no,telephone,jun,thu,2,999,0,nonexistent,1.4,94.465,-41.8,4.866,5228.1,yes,0,-1,0.6875
34,entrepreneur,married,basic.6y,unknown,yes,no,cellular,nov,mon,1,999,0,nonexistent,-0.1,93.2,-42.0,4.191,5195.8,yes,0,-1,0.6875
31,blue-collar,married,unknown,unknown,no,no,cellular,jul,tue,13,999,0,nonexistent,1.4,93.918,-42.7,4.961,5228.1,yes,0,-1,0.6875
33,technician,married,professional.course,unknown,yes,no,cellular,aug,tue,7,999,0,nonexistent,1.4,93.444,-36.1,4.965,5228.1,yes,0,-1,0.6875
57,admin.,single,university.degree,no,no,yes,cellular,may,mon,3,999,0,nonexistent,-1.8,92.893,-46.2,1.354,5099.1,yes,0,-1,0.6875
48,blue-collar,married,basic.9y,no,no,no,cellular,may,tue,1,10,1,success,-1.8,92.893,-46.2,1.291,5099.1,yes,1,10,0.6875
50,technician,married,unknown,no,yes,yes,cellular,may,tue,1,999,0,nonexistent,-1.8,92.893,-46.2,1.344,5099.1,yes,0,-1,0.6875
26,student,single,high.school,no,yes,no,cellular,may,wed,3,999,1,failure,-1.8,92.893,-46.2,1.27,5099.1,yes,0,-1,0.6875
26,services,single,high.school,no,yes,no,cellular,may,mon,1,999,0,nonexistent,-1.8,92.893,-46.2,1.354,5099.1,yes,0,-1,0.6875
29,blue-collar,single,high.school,no,yes,no,telephone,jun,thu,3,999,0,nonexistent,1.4,94.465,-41.8,4.961,5228.1,yes,0,-1,0.6875
37,blue-collar,married,basic.6y,no,no,no,cellular,may,tue,3,999,0,nonexistent,-1.8,92.893,-46.2,1.344,5099.1,yes,0,-1,0.6875
58,retired,married,basic.4y,no,no,no,cellular,aug,tue,6,999,0,nonexistent,1.4,93.444,-36.1,4.965,5228.1,yes,0,-1,0.6875
36,self-employed,married,university.degree,no,yes,no,cellular,may,mon,2,999,1,failure,-1.8,92.893,-46.2,1.264,5099.1,yes,0,-1,0.6875
44,admin.,divorced,high.school,no,no,no,cellular,jul,tue,5,999,0,nonexistent,-2.9,92.469,-33.6,0.908,5076.2,yes,0,-1,0.6875
32,admin.,single,university.degree,no,yes,no,cellular,jun,mon,1,999,0,nonexistent,-2.9,92.963,-40.8,1.266,5076.2,yes,0,-1,0.6875
33,technician,married,university.degree,no,no,no,cellular,may,wed,3,999,0,nonexistent,-1.8,92.893,-46.2,1.334,5099.1,yes,0,-1,0.6875
52,admin.,married,university.degree,no,no,no,cellular,may,wed,3,999,1,failure,-1.8,92.893,-46.2,1.281,5099.1,yes,0,-1,0.6875
34,management,divorced,university.degree,no,no,no,cellular,nov,thu,2,999,0,nonexistent,-0.1,93.2,-42.0,4.076,5195.8,yes,0,-1,0.6875
27,student,single,university.degree,no,no,no,cellular,apr,fri,1,999,1,failure,-1.8,93.075,-47.1,1.4,5099.1,yes,0,-1,0.6875
26,management,single,university.degree,no,no,no,cellular,may,thu,1,999,0,nonexistent,-1.8,92.893,-46.2,1.266,5099.1,yes,0,-1,0.6875
38,services,single,high.school,no,yes,yes,cellular,may,thu,1,999,1,failure,-1.8,92.893,-46.2,1.266,5099.1,yes,0,-1,0.6875
27,admin.,single,unknown,no,no,no,cellular,mar,mon,1,999,3,failure,-1.8,93.369,-34.8,0.639,5008.7,yes,0,-1,0.6875
59,retired,divorced,basic.9y,unknown,yes,no,telephone,jul,fri,8,999,0,nonexistent,1.4,93.918,-42.7,4.962,5228.1,yes,0,-1,0.687221642225891
32,technician,single,university.degree,no,no,no,cellular,apr,tue,4,999,0,nonexistent,-1.8,93.075,-47.1,1.453,5099.1,yes,0,-1,0.6869878835425384
32,unemployed,single,university.degree,no,no,no,cellular,apr,wed,1,999,0,nonexistent,-1.8,93.075,-47.1,1.415,5099.1,yes,0,-1,0.6868145833333332
31,admin.,single,high.school,no,yes,no,cellular,may,wed,1,999,0,nonexistent,-1.8,92.893,-46.2,1.281,5099.1,yes,0,-1,0.6864224291927852
38,self-employed,married,basic.9y,unknown,no,no,cellular,aug,fri,1,999,0,nonexistent,1.4,93.444,-36.1,4.964,5228.1,yes,0,-1,0.6863952320688675
54,retired,married,professional.course,unknown,no,no,cellular,aug,tue,2,999,0,nonexistent,-2.9,92.201,-31.4,0.838,5076.2,yes,0,-1,0.6858606741320616
26,student,single,university.degree,no,no,yes,cellular,apr,thu,2,999,0,nonexistent,-1.8,93.075,-47.1,1.41,5099.1,yes,0,-1,0.685067517643496
56,retired,married,high.school,no,yes,yes,cellular,jul,fri,2,999,0,nonexistent,-2.9,92.469,-33.6,1.059,5076.2,yes,0,-1,0.685
52,blue-collar,married,basic.4y,no,yes,no,cellular,aug,mon,2,999,0,nonexistent,1.4,93.444,-36.1,4.965,5228.1,yes,0,-1,0.685
52,management,married,professional.course,no,yes,no,cellular,jul,mon,3,999,0,nonexistent,1.4,93.918,-42.7,4.96,5228.1,yes,0,-1,0.685
45,blue-collar,married,basic.6y,no,no,no,cellular,aug,wed,1,999,0,nonexistent,1.4,93.444,-36.1,4.964,5228.1,yes,0,-1,0.685
37,blue-collar,married,high.school,no,no,no,telephone,may,fri,2,999,0,nonexistent,1.1,93.994,-36.4,4.864,5191.0,yes,0,-1,0.685
34,blue-collar,divorced,professional.course,no,no,no,telephone,jun,thu,4,999,0,nonexistent,1.4,94.465,-41.8,4.866,5228.1,yes,0,-1,0.685
25,unknown,single,university.degree,no,no,no,telephone,jun,wed,2,999,0,nonexistent,1.4,94.465,-41.8,4.864,5228.1,yes,0,-1,0.685
56,retired,married,university.degree,no,no,no,cellular,may,wed,2,999,0,nonexistent,-1.8,92.893,-46.2,1.27,5099.1,yes,0,-1,0.685
46,admin.,divorced,high.school,no,unknown,unknown,cellular,jul,tue,1,999,0,nonexistent,-2.9,92.469,-33.6,1.044,5076.2,yes,0,-1,0.685
25,admin.,single,high.school,no,yes,no,telephone,jun,thu,7,999,0,nonexistent,1.4,94.465,-41.8,4.958,5228.1,yes,0,-1,0.685
37,admin.,married,professional.course,no,yes,yes,cellular,apr,thu,5,999,0,nonexistent,-1.8,93.075,-47.1,1.41,5099.1,yes,0,-1,0.685
24,technician,single,basic.6y,no,yes,no,telephone,jul,thu,7,999,0,nonexistent,1.4,93.918,-42.7,4.958,5228.1,yes,0,-1,0.685
33,admin.,single,high.school,no,yes,no,cellular,apr,wed,2,999,1,failure,-1.8,93.075,-47.1,1.372,5099.1,yes,0,-1,0.685
37,entrepreneur,married,university.degree,unknown,no,no,cellular,nov,mon,1,999,0,nonexistent,-0.1,93.2,-42.0,4.191,5195.8,yes,0,-1,0.685
53,admin.,married,university.degree,no,no,yes,telephone,jun,thu,10,999,0,nonexistent,-2.9,92.963,-40.8,1.235,5076.2,yes,0,-1,0.685
50,admin.,single,basic.9y,no,unknown,unknown,cellular,jun,wed,1,999,1,failure,-2.9,92.963,-40.8,1.26,5076.2,yes,0,-1,0.685
43,blue-collar,divorced,high.school,no,yes,no,cellular,jul,tue,2,999,0,nonexistent,1.4,93.918,-42.7,4.962,5228.1,yes,0,-1,0.685
40,blue-collar,married,basic.4y,unknown,yes,no,cellular,nov,thu,1,999,0,nonexistent,-0.1,93.2,-42.0,4.076,5195.8,yes,0,-1,0.685
40,admin.,married,university.degree,no,yes,no,telephone,may,wed,2,999,0,nonexistent,1.1,93.994,-36.4,4.857,5191.0,yes,0,-1,0.685
55,management,married,university.degree,no,yes,no,cellular,jun,tue,3,999,0,nonexistent,-2.9,92.963,-40.8,1.252,5076.2,yes,0,-1,0.685
38,services,divorced,basic.6y,no,yes,no,telephone,may,tue,2,10,1,success,-1.8,92.893,-46.2,1.291,5099.1,yes,1,10,0.685
29,admin.,single,university.degree,no,no,no,cellular,jul,wed,2,999,0,nonexistent,1.4,93.918,-42.7,4.957,5228.1,yes,0,-1,0.6847169685345247
59,management,married,university.degree,no,no,no,telephone,may,mon,5,999,0,nonexistent,1.1,93.994,-36.4,4.857,5191.0,yes,0,-1,0.6847163008643293
26,technician,single,professional.course,no,yes,no,cellular,apr,fri,1,999,0,nonexistent,-1.8,93.075,-47.1,1.405,5099.1,yes,0,-1,0.6847143585510344
24,services,single,high.school,no,no,no,cellular,apr,tue,1,999,0,nonexistent,-1.8,93.075,-47.1,1.423,5099.1,yes,0,-1,0.6846206714550118
42,retired,divorced,illiterate,no,no,no,telephone,aug,wed,3,999,0,nonexistent,-2.9,92.201,-31.4,0.834,5076.2,yes,0,-1,0.6845616949456619
55,admin.,married,high.school,no,no,yes,cellular,apr,wed,1,999,1,failure,-1.8,93.075,-47.1,1.405,5099.1,yes,0,-1,0.6844865147488127
50,blue-collar,married,basic.4y,no,yes,no,cellular,jul,mon,2,999,0,nonexistent,1.4,93.918,-42.7,4.962,5228.1,yes,0,-1,0.6843388914646041
35,admin.,married,university.degree,no,yes,yes,cellular,nov,wed,2,999,0,nonexistent,-0.1,93.2,-42.0,4.12,5195.8,yes,0,-1,0.6841634538444751
53,self-employed,married,basic.9y,no,yes,yes,cellular,aug,fri,7,999,0,nonexistent,1.4,93.444,-36.1,4.964,5228.1,yes,0,-1,0.684149905947041
42,admin.,married,professional.course,no,no,yes,cellular,may,mon,1,999,0,nonexistent,-1.8,92.893,-46.2,1.354,5099.1,yes,0,-1,0.6840273637955687
36,entrepreneur,single,university.degree,no,no,no,cellular,nov,wed,2,999,0,nonexistent,-0.1,93.2,-42.0,4.12,5195.8,yes,0,-1,0.6839630194905223
48,management,married,basic.9y,no,yes,yes,cellular,may,tue,2,999,0,nonexistent,-1.8,92.893,-46.2,1.291,5099.1,yes,0,-1,0.6826741788251104
51,technician,married,professional.course,no,yes,no,cellular,apr,thu,1,999,0,nonexistent,-1.8,93.075,-47.1,1.365,5099.1,yes,0,-1,0.6826447443334746
51,technician,married,professional.course,no,yes,no,cellular,apr,thu,1,999,0,nonexistent,-1.8,93.075,-47.1,1.365,5099.1,no,0,-1,0.6826447443334746
32,unemployed,single,university.degree,no,yes,no,telephone,apr,wed,2,999,1,failure,-1.8,93.075,-47.1,1.415,5099.1,yes,0,-1,0.6825
35,blue-collar,married,basic.6y,no,no,no,telephone,may,wed,3,999,0,nonexistent,-1.8,92.893,-46.2,1.281,5099.1,yes,0,-1,0.6825
41,technician,single,university.degree,no,no,no,telephone,jun,tue,1,999,0,nonexistent,-2.9,92.963,-40.8,1.262,5076.2,yes,0,-1,0.6825
32,admin.,single,high.school,no,yes,no,cellular,jun,tue,1,999,0,nonexistent,-2.9,92.963,-40.8,1.262,5076.2,yes,0,-1,0.6825
37,self-employed,married,university.degree,no,no,no,telephone,jun,mon,1,999,0,nonexistent,-1.7,94.055,-39.8,0.754,4991.6,yes,0,-1,0.6825
47,admin.,married,university.degree,no,yes,no,cellular,aug,wed,10,999,0,nonexistent,1.4,93.444,-36.1,4.964,5228.1,yes,0,-1,0.6825
46,technician,married,university.degree,unknown,no,yes,telephone,jun,thu,6,999,0,nonexistent,1.4,94.465,-41.8,4.958,5228.1,yes,0,-1,0.6825
45,entrepreneur,married,university.degree,no,yes,no,telephone,may,tue,2,999,0,nonexistent,1.1,93.994,-36.4,4.856,5191.0,yes,0,-1,0.6825
35,entrepreneur,divorced,university.degree,no,yes,no,telephone,jun,mon,6,999,0,nonexistent,-2.9,92.963,-40.8,1.26,5076.2,yes,0,-1,0.6825
34,admin.,married,high.school,no,no,no,cellular,nov,thu,4,999,0,nonexistent,-0.1,93.2,-42.0,4.076,5195.8,yes,0,-1,0.6825
33,management,single,university.degree,no,no,no,cellular,nov,thu,3,999,0,nonexistent,-0.1,93.2,-42.0,4.076,5195.8,yes,0,-1,0.6825
53,technician,married,professional.course,no,no,no,cellular,may,mon,3,999,0,nonexistent,-1.8,92.893,-46.2,1.354,5099.1,yes,0,-1,0.6825
75,retired,married,basic.9y,no,no,no,cellular,mar,mon,2,999,1,failure,-1.8,93.369,-34.8,0.639,5008.7,yes,0,-1,0.6825
29,admin.,married,high.school,no,yes,no,cellular,jul,tue,1,999,0,nonexistent,1.4,93.918,-42.7,4.962,5228.1,yes,0,-1,0.6825
31,services,married,basic.9y,no,no,no,cellular,jul,wed,1,999,0,nonexistent,1.4,93.918,-42.7,4.962,5228.1,yes,0,-1,0.6825
34,management,married,high.school,no,yes,no,cellular,jul,tue,3,999,0,nonexistent,1.4,93.918,-42.7,4.961,5228.1,yes,0,-1,0.6825
44,self-employed,single,professional.course,no,yes,no,cellular,may,mon,5,999,1,failure,-1.8,92.893,-46.2,1.354,5099.1,yes,0,-1,0.6825
45,admin.,divorced,high.school,no,yes,no,cellular,nov,fri,2,999,0,nonexistent,-0.1,93.2,-42.0,4.021,5195.8,yes,0,-1,0.6825
58,admin.,married,university.degree,no,no,no,cellular,nov,fri,1,999,0,nonexistent,-0.1,93.2,-42.0,4.021,5195.8,yes,0,-1,0.6825
27,admin.,married,university.degree,no,no,yes,cellular,jul,tue,6,999,1,failure,-2.9,92.469,-33.6,0.908,5076.2,yes,0,-1,0.6825
39,management,single,university.degree,no,no,no,telephone,jun,mon,3,999,0,nonexistent,1.4,94.465,-41.8,4.958,5228.1,yes,0,-1,0.6825
42,technician,married,basic.9y,no,no,no,cellular,jul,tue,3,999,0,nonexistent,1.4,93.918,-42.7,4.961,5228.1,yes,0,-1,0.6825
43,admin.,married,university.degree,unknown,yes,no,telephone,may,fri,2,999,0,nonexistent,1.1,93.994,-36.4,4.855,5191.0,yes,0,-1,0.6825
27,entrepreneur,single,university.degree,no,yes,no,telephone,jun,mon,3,999,0,nonexistent,1.4,94.465,-41.8,4.961,5228.1,yes,0,-1,0.6825
22,technician,single,university.degree,no,no,no,cellular,may,fri,1,999,0,nonexistent,-1.8,92.893,-46.2,1.25,5099.1,yes,0,-1,0.6825
35,services,divorced,university.degree,no,yes,no,cellular,jul,tue,2,999,0,nonexistent,1.4,93.918,-42.7,4.961,5228.1,yes,0,-1,0.6825
52,admin.,married,university.degree,no,yes,yes,cellular,jun,wed,2,999,0,nonexistent,-2.9,92.963,-40.8,1.26,5076.2,yes,0,-1,0.6825
42,services,divorced,high.school,no,yes,yes,cellular,may,thu,1,999,1,failure,-1.8,92.893,-46.2,1.266,5099.1,yes,0,-1,0.6825
51,blue-collar,married,basic.4y,no,yes,yes,cellular,may,thu,2,999,0,nonexistent,-1.8,92.893,-46.2,1.266,5099.1,yes,0,-1,0.6825
24,admin.,single,high.school,no,no,no,cellular,jun,thu,2,999,1,failure,-2.9,92.963,-40.8,1.26,5076.2,yes,0,-1,0.6823513221524848
29,admin.,single,university.degree,no,no,no,cellular,jun,mon,1,999,0,nonexistent,-2.9,92.963,-40.8,1.266,5076.2,yes,0,-1,0.682221642225891
55,retired,married,basic.4y,no,yes,no,cellular,apr,mon,1,999,0,nonexistent,-1.8,93.075,-47.1,1.466,5099.1,yes,0,-1,0.6819854777920002
33,student,married,professional.course,no,yes,no,telephone,nov,thu,1,999,0,nonexistent,-1.1,94.767,-50.8,1.031,4963.6,yes,0,-1,0.6819417670195201
45,admin.,single,university.degree,no,no,no,cellular,aug,thu,1,999,0,nonexistent,1.4,93.444,-36.1,4.964,5228.1,yes,0,-1,0.6819228901621831
42,blue-collar,married,professional.course,no,no,no,cellular,oct,wed,1,999,0,nonexistent,-3.4,92.431,-26.9,0.735,5017.5,yes,0,-1,0.6817016455149093
33,technician,married,professional.course,no,yes,no,cellular,aug,tue,10,999,0,nonexistent,1.4,93.444,-36.1,4.966,5228.1,yes,0,-1,0.6812582810827645
26,student,single,basic.9y,no,yes,no,cellular,mar,mon,2,999,0,nonexistent,-1.8,92.843,-50.0,1.811,5099.1,yes,0,-1,0.6811311538073676
26,student,single,basic.9y,no,yes,no,cellular,mar,mon,2,999,0,nonexistent,-1.8,92.843,-50.0,1.811,5099.1,no,0,-1,0.6811311538073676
32,technician,single,professional.course,no,yes,yes,cellular,aug,wed,1,999,0,nonexistent,1.4,93.444,-36.1,4.967,5228.1,yes,0,-1,0.6808297279495968
46,blue-collar,married,basic.4y,unknown,yes,no,cellular,aug,wed,3,999,0,nonexistent,1.4,93.444,-36.1,4.967,5228.1,yes,0,-1,0.680545781246151
54,technician,married,professional.course,no,no,no,telephone,may,wed,1,999,0,nonexistent,1.1,93.994,-36.4,4.857,5191.0,yes,0,-1,0.68
49,management,married,university.degree,no,yes,no,cellular,jun,mon,1,999,0,nonexistent,-2.9,92.963,-40.8,1.266,5076.2,yes,0,-1,0.68
33,services,married,high.school,no,yes,no,cellular,aug,wed,1,999,0,nonexistent,-2.9,92.201,-31.4,0.879,5076.2,yes,0,-1,0.68
30,technician,single,university.degree,no,unknown,unknown,cellular,apr,mon,1,999,0,nonexistent,-1.8,93.075,-47.1,1.405,5099.1,yes,0,-1,0.68
37,blue-collar,married,basic.6y,no,yes,no,cellular,apr,mon,2,999,1,failure,-1.8,93.075,-47.1,1.466,5099.1,yes,0,-1,0.68
20,student,single,high.school,no,no,no,cellular,apr,mon,1,999,3,failure,-1.8,93.749,-34.6,0.645,5008.7,yes,0,-1,0.68
31,services,married,basic.6y,no,no,no,telephone,may,thu,2,999,0,nonexistent,1.1,93.994,-36.4,4.855,5191.0,yes,0,-1,0.68
82,retired,divorced,basic.4y,no,yes,no,cellular,sep,thu,2,999,1,failure,-1.1,94.199,-37.5,0.879,4963.6,yes,0,-1,0.68
30,technician,single,university.degree,no,yes,no,telephone,jun,wed,1,999,2,failure,-1.7,94.055,-39.8,0.767,4991.6,yes,0,-1,0.68
57,retired,married,basic.9y,no,no,no,cellular,aug,tue,4,999,0,nonexistent,1.4,93.444,-36.1,4.965,5228.1,yes,0,-1,0.68
28,admin.,single,high.school,no,yes,no,cellular,jun,tue,1,999,2,failure,-2.9,92.963,-40.8,1.262,5076.2,yes,0,-1,0.68
81,retired,divorced,unknown,unknown,yes,yes,cellular,may,fri,1,999,0,nonexistent,-1.8,92.893,-46.2,1.259,5099.1,yes,0,-1,0.68
47,admin.,divorced,high.school,no,yes,no,telephone,jun,thu,1,999,0,nonexistent,1.4,94.465,-41.8,4.961,5228.1,yes,0,-1,0.68
40,admin.,single,high.school,no,yes,no,telephone,may,thu,2,999,0,nonexistent,1.1,93.994,-36.4,4.86,5191.0,yes,0,-1,0.68
22,student,single,professional.course,no,no,no,cellular,nov,mon,3,999,0,nonexistent,-3.4,92.649,-30.1,0.715,5017.5,yes,0,-1,0.68
57,blue-collar,married,high.school,unknown,no,no,cellular,jul,fri,1,999,0,nonexistent,1.4,93.918,-42.7,4.957,5228.1,yes,0,-1,0.68
57,management,married,university.degree,no,no,no,cellular,may,wed,1,999,0,nonexistent,-1.8,92.893,-46.2,1.334,5099.1,yes,0,-1,0.68
42,admin.,married,high.school,no,no,no,cellular,nov,mon,2,999,1,failure,-0.1,93.2,-42.0,4.191,5195.8,yes,0,-1,0.68
48,management,married,university.degree,no,no,yes,cellular,nov,fri,1,999,1,failure,-0.1,93.2,-42.0,4.021,5195.8,yes,0,-1,0.68
28,self-employed,single,university.degree,no,no,yes,cellular,may,mon,1,999,0,nonexistent,-1.8,92.893,-46.2,1.264,5099.1,yes,0,-1,0.68
33,entrepreneur,married,university.degree,no,yes,no,cellular,jul,mon,3,999,0,nonexistent,1.4,93.918,-42.7,4.962,5228.1,yes,0,-1,0.68
38,management,married,unknown,unknown,no,no,telephone,jun,wed,9,999,0,nonexistent,1.4,94.465,-41.8,4.962,5228.1,yes,0,-1,0.68
34,technician,divorced,university.degree,no,no,no,cellular,nov,fri,3,999,0,nonexistent,-0.1,93.2,-42.0,4.021,5195.8,yes,0,-1,0.68
56,retired,married,basic.4y,no,yes,no,cellular,nov,fri,2,999,0,nonexistent,-0.1,93.2,-42.0,4.021,5195.8,yes,0,-1,0.68
66,retired,married,basic.4y,no,yes,no,telephone,oct,fri,2,999,1,failure,-1.1,94.601,-49.5,0.972,4963.6,yes,0,-1,0.68
34,blue-collar,married,basic.9y,no,no,no,telephone,jun,thu,2,999,0,nonexistent,1.4,94.465,-41.8,4.866,5228.1,yes,0,-1,0.68
32,technician,single,university.degree,no,no,no,cellular,nov,thu,1,999,0,nonexistent,-0.1,93.2,-42.0,4.076,5195.8,yes,0,-1,0.68
33,services,married,professional.course,no,yes,yes,cellular,jul,thu,4,999,0,nonexistent,1.4,93.918,-42.7,4.968,5228.1,yes,0,-1,0.68
37,blue-collar,divorced,basic.9y,no,yes,no,cellular,jul,thu,4,999,0,nonexistent,1.4,93.918,-42.7,4.968,5228.1,yes,0,-1,0.68
47,admin.,single,university.degree,no,yes,no,cellular,jun,mon,4,999,0,nonexistent,-2.9,92.963,-40.8,1.281,5076.2,yes,0,-1,0.68
30,admin.,married,high.school,no,no,yes,cellular,may,tue,1,999,0,nonexistent,-1.8,92.893,-46.2,1.344,5099.1,yes,0,-1,0.68
41,technician,divorced,professional.course,no,no,no,cellular,apr,thu,2,999,1,failure,-1.8,93.075,-47.1,1.365,5099.1,yes,0,-1,0.68
47,housemaid,married,university.degree,no,yes,no,cellular,aug,mon,2,999,0,nonexistent,-2.9,92.201,-31.4,0.843,5076.2,yes,0,-1,0.6799014484781811
36,admin.,married,high.school,no,no,no,cellular,may,mon,1,999,0,nonexistent,-1.8,92.893,-46.2,1.264,5099.1,yes,0,-1,0.6798522075651212
33,admin.,married,university.degree,no,yes,no,cellular,may,tue,1,999,1,failure,-1.8,92.893,-46.2,1.266,5099.1,yes,0,-1,0.6798514924701312
23,admin.,married,basic.9y,no,yes,no,cellular,jul,mon,2,999,0,nonexistent,1.4,93.918,-42.7,4.962,5228.1,yes,0,-1,0.6798500952184878
43,admin.,married,high.school,no,no,no,cellular,may,fri,4,999,0,nonexistent,-1.8,92.893,-46.2,1.25,5099.1,yes,0,-1,0.6795671701460049
27,services,single,high.school,no,no,yes,cellular,jul,fri,5,999,0,nonexistent,1.4,93.918,-42.7,4.962,5228.1,yes,0,-1,0.6794910153524074
28,blue-collar,single,professional.course,no,no,no,cellular,jul,wed,4,999,0,nonexistent,1.4,93.918,-42.7,4.962,5228.1,yes,0,-1,0.6792842184660589
37,blue-collar,married,basic.9y,no,no,no,cellular,aug,mon,1,999,0,nonexistent,-2.9,92.201,-31.4,0.884,5076.2,yes,0,-1,0.6788725478294648
53,services,married,high.school,no,yes,no,cellular,aug,wed,1,999,0,nonexistent,1.4,93.444,-36.1,4.967,5228.1,yes,0,-1,0.6787582810827645
58,admin.,married,high.school,no,yes,no,cellular,aug,tue,1,999,0,nonexistent,1.4,93.444,-36.1,4.968,5228.1,yes,0,-1,0.6787582810827645
24,admin.,single,high.school,no,yes,no,cellular,jul,thu,3,999,0,nonexistent,1.4,93.918,-42.7,4.968,5228.1,yes,0,-1,0.678718085582841
33,technician,single,professional.course,no,yes,no,cellular,aug,tue,2,999,0,nonexistent,1.4,93.444,-36.1,4.966,5228.1,yes,0,-1,0.6784727610283798
47,blue-collar,married,basic.6y,unknown,yes,no,telephone,may,fri,2,999,0,nonexistent,1.1,93.994,-36.4,4.864,5191.0,yes,0,-1,0.6775
46,admin.,single,university.degree,no,no,no,cellular,may,mon,1,999,1,failure,-1.8,92.893,-46.2,1.264,5099.1,yes,0,-1,0.6775
49,blue-collar,divorced,basic.6y,unknown,no,no,cellular,jul,mon,3,999,0,nonexistent,1.4,93.918,-42.7,4.962,5228.1,yes,0,-1,0.6775
35,admin.,single,university.degree,no,yes,no,cellular,nov,fri,1,999,0,nonexistent,-0.1,93.2,-42.0,4.021,5195.8,yes,0,-1,0.6775
40,blue-collar,married,basic.9y,no,unknown,unknown,telephone,nov,thu,1,999,0,nonexistent,-0.1,93.2,-42.0,4.245,5195.8,yes,0,-1,0.6775
37,admin.,married,university.degree,no,yes,no,cellular,sep,wed,1,999,1,failure,-1.1,94.199,-37.5,0.886,4963.6,yes,0,-1,0.6775
43,admin.,married,university.degree,no,no,no,telephone,aug,wed,8,999,0,nonexistent,1.4,93.444,-36.1,4.965,5228.1,yes,0,-1,0.6775
32,admin.,married,university.degree,no,no,no,telephone,nov,wed,1,999,1,failure,-1.1,94.767,-50.8,1.03,4963.6,yes,0,-1,0.6775
29,admin.,single,high.school,no,yes,no,cellular,may,fri,2,999,1,failure,-1.8,92.893,-46.2,1.25,5099.1,yes,0,-1,0.6775
48,admin.,married,basic.9y,no,yes,yes,cellular,nov,fri,3,999,0,nonexistent,-0.1,93.2,-42.0,4.021,5195.8,yes,0,-1,0.6775
36,admin.,married,university.degree,no,yes,no,cellular,apr,thu,1,999,1,failure,-1.8,93.075,-47.1,1.365,5099.1,yes,0,-1,0.6775
35,technician,single,professional.course,no,yes,no,telephone,nov,fri,1,999,0,nonexistent,-0.1,93.2,-42.0,4.223,5195.8,yes,0,-1,0.6775
50,entrepreneur,married,basic.9y,no,yes,no,telephone,may,mon,5,999,0,nonexistent,-1.8,92.893,-46.2,1.354,5099.1,yes,0,-1,0.6775
50,admin.,married,university.degree,no,no,no,telephone,jul,mon,17,999,0,nonexistent,1.4,93.918,-42.7,4.962,5228.1,yes,0,-1,0.6775
32,services,married,basic.9y,no,no,no,telephone,may,thu,1,999,0,nonexistent,1.1,93.994,-36.4,4.86,5191.0,yes,0,-1,0.6775
22,self-employed,single,university.degree,no,yes,yes,cellular,jun,fri,6,999,0,nonexistent,-2.9,92.963,-40.8,1.268,5076.2,yes,0,-1,0.6775
32,entrepreneur,married,basic.4y,no,yes,no,cellular,jun,tue,2,999,1,failure,-2.9,92.963,-40.8,1.286,5076.2,yes,0,-1,0.6775
30,entrepreneur,married,professional.course,no,yes,no,telephone,jun,tue,3,999,0,nonexistent,1.4,94.465,-41.8,4.961,5228.1,yes,0,-1,0.6775
39,management,divorced,university.degree,no,no,no,cellular,aug,wed,1,999,0,nonexistent,1.4,93.444,-36.1,4.964,5228.1,yes,0,-1,0.6775
35,technician,married,basic.9y,no,no,no,cellular,may,tue,1,999,0,nonexistent,-1.8,92.893,-46.2,1.291,5099.1,yes,0,-1,0.6775
28,technician,single,basic.9y,no,yes,no,cellular,may,tue,1,999,0,nonexistent,-1.8,92.893,-46.2,1.291,5099.1,yes,0,-1,0.6775
35,admin.,single,university.degree,no,yes,yes,cellular,nov,fri,1,999,0,nonexistent,-0.1,93.2,-42.0,4.021,5195.8,yes,0,-1,0.6775
41,entrepreneur,single,high.school,no,yes,no,cellular,jul,thu,1,999,0,nonexistent,1.4,93.918,-42.7,4.962,5228.1,yes,0,-1,0.6775
38,admin.,married,university.degree,no,no,no,telephone,nov,thu,4,999,0,nonexistent,-3.4,92.649,-30.1,0.714,5017.5,yes,0,-1,0.6775
32,blue-collar,married,basic.9y,no,no,no,cellular,apr,thu,1,5,1,success,-1.8,93.075,-47.1,1.41,5099.1,yes,1,5,0.6775
33,blue-collar,married,basic.6y,unknown,yes,no,cellular,may,tue,2,999,1,failure,-1.8,92.893,-46.2,1.344,5099.1,yes,0,-1,0.6775
29,admin.,married,high.school,no,no,no,cellular,jun,mon,1,999,1,failure,-2.9,92.963,-40.8,1.26,5076.2,yes,0,-1,0.6775
35,blue-collar,married,unknown,no,yes,no,cellular,may,thu,3,999,0,nonexistent,-1.8,92.893,-46.2,1.327,5099.1,yes,0,-1,0.6775
31,technician,single,university.degree,unknown,yes,no,telephone,jun,thu,2,999,0,nonexistent,1.4,94.465,-41.8,4.866,5228.1,yes,0,-1,0.6775
32,services,married,high.school,no,no,no,cellular,may,tue,4,1,2,success,-1.8,92.893,-46.2,1.291,5099.1,yes,1,1,0.6775
37,technician,married,professional.course,no,no,no,cellular,jun,mon,1,999,0,nonexistent,-2.9,92.963,-40.8,1.26,5076.2,yes,0,-1,0.6775
38,management,married,basic.9y,unknown,no,no,telephone,may,fri,1,999,0,nonexistent,1.1,93.994,-36.4,4.855,5191.0,yes,0,-1,0.6775
43,entrepreneur,married,high.school,no,yes,yes,telephone,may,mon,2,999,0,nonexistent,1.1,93.994,-36.4,4.857,5191.0,yes,0,-1,0.6775
40,services,divorced,high.school,no,yes,no,telephone,jun,fri,3,999,0,nonexistent,1.4,94.465,-41.8,4.967,5228.1,yes,0,-1,0.6775
38,technician,divorced,high.school,no,yes,no,cellular,aug,mon,3,999,0,nonexistent,1.4,93.444,-36.1,4.965,5228.1,yes,0,-1,0.6775
22,admin.,single,university.degree,no,yes,no,telephone,jul,mon,1,999,2,failure,-1.7,94.215,-40.3,0.87,4991.6,yes,0,-1,0.6775
57,retired,married,basic.4y,no,yes,yes,telephone,apr,tue,4,999,0,nonexistent,-1.8,93.075,-47.1,1.405,5099.1,yes,0,-1,0.6775
27,technician,single,high.school,no,yes,no,cellular,jul,fri,1,999,0,nonexistent,1.4,93.918,-42.7,4.962,5228.1,yes,0,-1,0.6775
59,technician,married,basic.4y,unknown,yes,yes,cellular,jul,thu,1,999,0,nonexistent,1.4,93.918,-42.7,4.962,5228.1,yes,0,-1,0.6775
36,self-employed,single,university.degree,no,no,no,cellular,jun,mon,1,999,0,nonexistent,-2.9,92.963,-40.8,1.26,5076.2,yes,0,-1,0.6772204282800816
56,admin.,married,university.degree,no,no,no,cellular,nov,fri,2,999,0,nonexistent,-0.1,93.2,-42.0,4.021,5195.8,yes,0,-1,0.6772162401670389
31,management,married,high.school,no,no,no,cellular,jul,mon,3,999,0,nonexistent,1.4,93.918,-42.7,4.96,5228.1,yes,0,-1,0.6772155117995533
38,management,married,university.degree,no,yes,no,cellular,may,wed,2,2,1,success,-1.8,92.893,-46.2,1.27,5099.1,yes,1,2,0.6768464805477609
37,entrepreneur,married,basic.9y,unknown,yes,no,cellular,jul,fri,2,999,0,nonexistent,1.4,93.918,-42.7,4.957,5228.1,yes,0,-1,0.6765281030444964
31,services,single,university.degree,unknown,yes,no,cellular,aug,tue,3,999,0,nonexistent,1.4,93.444,-36.1,4.966,5228.1,yes,0,-1,0.6761582207712423
29,admin.,married,high.school,no,yes,no,cellular,may,mon,2,999,0,nonexistent,-1.8,92.893,-46.2,1.244,5099.1,yes,0,-1,0.675
24,services,married,high.school,unknown,yes,no,cellular,may,fri,3,999,0,nonexistent,-1.8,92.893,-46.2,1.25,5099.1,yes,0,-1,0.675
56,technician,married,professional.course,no,yes,no,telephone,may,mon,5,999,0,nonexistent,-1.8,93.876,-40.0,0.682,5008.7,yes,0,-1,0.675
33,management,married,university.degree,no,yes,no,telephone,mar,thu,1,999,0,nonexistent,-1.8,92.843,-50.0,1.757,5099.1,yes,0,-1,0.675
56,self-employed,married,basic.9y,no,yes,no,cellular,aug,thu,5,999,0,nonexistent,1.4,93.444,-36.1,4.963,5228.1,yes,0,-1,0.675
42,housemaid,married,basic.4y,no,no,no,telephone,jun,thu,2,999,0,nonexistent,1.4,94.465,-41.8,4.961,5228.1,yes,0,-1,0.675
54,blue-collar,married,basic.9y,unknown,no,no,telephone,may,wed,2,999,0,nonexistent,1.1,93.994,-36.4,4.858,5191.0,yes,0,-1,0.675
29,admin.,married,basic.9y,no,yes,no,cellular,jul,mon,2,999,0,nonexistent,1.4,93.918,-42.7,4.96,5228.1,yes,0,-1,0.675
54,housemaid,divorced,university.degree,no,yes,yes,cellular,nov,thu,1,999,0,nonexistent,-0.1,93.2,-42.0,4.076,5195.8,yes,0,-1,0.675
40,admin.,divorced,basic.9y,no,yes,no,cellular,may,thu,2,999,0,nonexistent,-1.8,92.893,-46.2,1.266,5099.1,yes,0,-1,0.675
45,blue-collar,married,high.school,unknown,yes,no,cellular,aug,wed,1,999,0,nonexistent,1.4,93.444,-36.1,4.965,5228.1,yes,0,-1,0.675
43,blue-collar,married,basic.9y,unknown,yes,no,telephone,jun,mon,2,999,0,nonexistent,1.4,94.465,-41.8,4.96,5228.1,yes,0,-1,0.675
46,admin.,married,university.degree,unknown,yes,yes,cellular,nov,mon,1,999,0,nonexistent,-0.1,93.2,-42.0,4.191,5195.8,yes,0,-1,0.675
60,retired,married,high.school,unknown,yes,no,telephone,may,fri,6,999,0,nonexistent,1.1,93.994,-36.4,4.857,5191.0,yes,0,-1,0.675
36,admin.,married,high.school,no,no,no,telephone,may,tue,6,999,0,nonexistent,1.1,93.994,-36.4,4.856,5191.0,yes,0,-1,0.675
58,retired,married,basic.4y,unknown,no,no,telephone,may,tue,1,999,0,nonexistent,1.1,93.994,-36.4,4.856,5191.0,yes,0,-1,0.675
44,admin.,married,basic.6y,no,unknown,unknown,cellular,may,mon,1,999,1,failure,-1.8,92.893,-46.2,1.244,5099.1,yes,0,-1,0.675
28,student,single,university.degree,no,no,yes,cellular,may,thu,4,999,0,nonexistent,-1.8,92.893,-46.2,1.266,5099.1,yes,0,-1,0.675
51,blue-collar,married,basic.6y,no,unknown,unknown,cellular,may,tue,2,999,0,nonexistent,-1.8,92.893,-46.2,1.344,5099.1,yes,0,-1,0.675
41,services,divorced,high.school,no,yes,no,telephone,may,thu,2,999,0,nonexistent,1.1,93.994,-36.4,4.855,5191.0,yes,0,-1,0.675
45,technician,divorced,professional.course,no,yes,yes,cellular,nov,thu,1,999,0,nonexistent,-0.1,93.2,-42.0,4.076,5195.8,yes,0,-1,0.675
43,entrepreneur,married,high.school,no,no,no,telephone,jun,thu,6,999,0,nonexistent,1.4,94.465,-41.8,4.958,5228.1,yes,0,-1,0.675
57,management,divorced,unknown,no,no,no,cellular,apr,wed,2,999,0,nonexistent,-1.8,93.075,-47.1,1.405,5099.1,yes,0,-1,0.675
30,student,single,high.school,no,no,no,cellular,aug,tue,3,999,1,failure,-1.7,94.027,-38.3,0.899,4991.6,yes,0,-1,0.675
58,retired,divorced,high.school,no,no,no,cellular,aug,thu,2,999,1,failure,-2.9,92.201,-31.4,0.829,5076.2,yes,0,-1,0.675
29,self-employed,married,university.degree,no,yes,no,cellular,mar,wed,4,999,0,nonexistent,-1.8,92.843,-50.0,1.663,5099.1,yes,0,-1,0.675
57,admin.,married,basic.9y,no,no,no,cellular,may,thu,1,999,0,nonexistent,-1.8,92.893,-46.2,1.266,5099.1,yes,0,-1,0.675
63,retired,married,high.school,no,yes,no,cellular,oct,wed,1,999,0,nonexistent,-3.4,92.431,-26.9,0.724,5017.5,yes,0,-1,0.6747234631446052
34,management,married,university.degree,no,yes,yes,cellular,apr,mon,1,999,0,nonexistent,-1.8,93.075,-47.1,1.405,5099.1,yes,0,-1,0.6747226133825386
21,self-employed,single,university.degree,no,yes,no,cellular,apr,mon,1,999,0,nonexistent,-1.8,93.075,-47.1,1.405,5099.1,yes,0,-1,0.674703601006307
50,blue-collar,married,basic.9y,no,yes,no,cellular,apr,thu,2,999,1,failure,-1.8,93.075,-47.1,1.41,5099.1,yes,0,-1,0.6745226721547765
27,admin.,single,university.degree,no,yes,no,cellular,apr,fri,2,999,0,nonexistent,-1.8,93.075,-47.1,1.405,5099.1,yes,0,-1,0.6743187236747994
55,housemaid,married,basic.4y,no,yes,no,cellular,apr,mon,1,999,0,nonexistent,-1.8,93.075,-47.1,1.466,5099.1,no,0,-1,0.6738199197380895
55,housemaid,married,basic.4y,no,yes,no,cellular,apr,mon,1,999,0,nonexistent,-1.8,93.075,-47.1,1.466,5099.1,yes,0,-1,0.6738199197380895
54,housemaid,married,basic.4y,unknown,yes,no,cellular,aug,wed,3,999,0,nonexistent,1.4,93.444,-36.1,4.964,5228.1,yes,0,-1,0.6737829484536124
31,unemployed,married,basic.9y,no,no,no,cellular,may,wed,1,999,0,nonexistent,-1.8,92.893,-46.2,1.281,5099.1,yes,0,-1,0.6735893058099789
43,blue-collar,married,basic.4y,no,no,no,cellular,may,tue,1,999,0,nonexistent,-1.8,92.893,-46.2,1.291,5099.1,yes,0,-1,0.6732709361325384
50,admin.,single,high.school,no,no,yes,cellular,may,fri,8,999,0,nonexistent,-1.8,92.893,-46.2,1.25,5099.1,yes,0,-1,0.6725
34,blue-collar,single,basic.6y,unknown,yes,no,cellular,may,fri,4,999,1,failure,-1.8,92.893,-46.2,1.25,5099.1,yes,0,-1,0.6725
50,technician,married,professional.course,unknown,yes,yes,telephone,jun,fri,7,999,0,nonexistent,1.4,94.465,-41.8,4.959,5228.1,yes,0,-1,0.6725
33,blue-collar,married,basic.9y,no,no,no,cellular,nov,thu,1,999,0,nonexistent,-0.1,93.2,-42.0,4.076,5195.8,yes,0,-1,0.6725
37,admin.,single,high.school,no,yes,no,telephone,may,fri,1,999,0,nonexistent,1.1,93.994,-36.4,4.859,5191.0,yes,0,-1,0.6725
47,entrepreneur,married,university.degree,no,yes,no,cellular,aug,tue,2,999,0,nonexistent,1.4,93.444,-36.1,4.968,5228.1,yes,0,-1,0.6725
33,admin.,married,high.school,no,yes,yes,telephone,jul,wed,2,999,1,failure,-1.7,94.215,-40.3,0.802,4991.6,yes,0,-1,0.6725
40,technician,single,university.degree,no,no,no,cellular,nov,mon,5,999,0,nonexistent,-3.4,92.649,-30.1,0.714,5017.5,yes,0,-1,0.6725
43,blue-collar,married,basic.4y,unknown,no,no,telephone,may,fri,12,999,0,nonexistent,1.1,93.994,-36.4,4.864,5191.0,yes,0,-1,0.6725
40,management,married,university.degree,no,yes,no,cellular,jun,mon,3,999,0,nonexistent,-2.9,92.963,-40.8,1.215,5076.2,yes,0,-1,0.6725
32,technician,single,university.degree,no,no,yes,cellular,aug,tue,4,999,0,nonexistent,1.4,93.444,-36.1,4.966,5228.1,yes,0,-1,0.6725
52,admin.,divorced,university.degree,no,no,no,cellular,nov,tue,1,999,0,nonexistent,-3.4,92.649,-30.1,0.715,5017.5,yes,0,-1,0.6725
53,admin.,married,basic.9y,no,yes,yes,cellular,may,wed,1,999,0,nonexistent,-1.8,92.893,-46.2,1.281,5099.1,yes,0,-1,0.6725
53,blue-collar,married,basic.4y,unknown,yes,no,cellular,apr,mon,2,999,1,failure,-1.8,93.075,-47.1,1.466,5099.1,yes,0,-1,0.6725
46,admin.,married,basic.9y,unknown,yes,no,telephone,jun,fri,3,999,0,nonexistent,1.4,94.465,-41.8,4.959,5228.1,yes,0,-1,0.6725
54,admin.,divorced,university.degree,no,no,no,telephone,may,wed,4,999,0,nonexistent,1.1,93.994,-36.4,4.856,5191.0,yes,0,-1,0.6725
55,services,single,basic.9y,no,unknown,unknown,cellular,may,thu,1,999,0,nonexistent,-1.8,92.893,-46.2,1.266,5099.1,yes,0,-1,0.6725
30,blue-collar,divorced,high.school,unknown,no,no,cellular,may,wed,1,999,1,failure,-1.8,92.893,-46.2,1.334,5099.1,yes,0,-1,0.6725
25,services,single,high.school,no,no,no,cellular,may,thu,5,999,0,nonexistent,-1.8,92.893,-46.2,1.266,5099.1,yes,0,-1,0.6725
42,entrepreneur,married,university.degree,no,unknown,unknown,cellular,jul,thu,4,999,0,nonexistent,1.4,93.918,-42.7,4.962,5228.1,yes,0,-1,0.6725
40,self-employed,single,university.degree,no,yes,no,cellular,jul,wed,3,999,0,nonexistent,1.4,93.918,-42.7,4.963,5228.1,yes,0,-1,0.6725
31,admin.,single,university.degree,no,no,no,telephone,may,wed,1,999,0,nonexistent,1.1,93.994,-36.4,4.856,5191.0,yes,0,-1,0.6725
42,services,married,professional.course,no,yes,no,telephone,may,tue,1,999,0,nonexistent,1.1,93.994,-36.4,4.857,5191.0,yes,0,-1,0.6725
62,entrepreneur,married,university.degree,no,yes,no,telephone,sep,tue,1,999,0,nonexistent,-3.4,92.379,-29.8,0.77,5017.5,yes,0,-1,0.6725
56,services,married,high.school,no,no,no,telephone,nov,thu,3,999,0,nonexistent,-0.1,93.2,-42.0,4.076,5195.8,yes,0,-1,0.6725
53,blue-collar,married,basic.4y,unknown,yes,no,telephone,aug,tue,4,999,0,nonexistent,1.4,93.444,-36.1,4.968,5228.1,yes,0,-1,0.6725
45,entrepreneur,married,university.degree,no,yes,yes,telephone,may,fri,1,999,0,nonexistent,1.1,93.994,-36.4,4.859,5191.0,yes,0,-1,0.6725
35,services,divorced,university.degree,no,no,yes,cellular,jul,tue,2,999,0,nonexistent,1.4,93.918,-42.7,4.961,5228.1,yes,0,-1,0.6725
33,blue-collar,married,basic.9y,unknown,yes,no,cellular,may,fri,5,999,0,nonexistent,-1.8,92.893,-46.2,1.25,5099.1,yes,0,-1,0.6725
50,self-employed,married,basic.9y,no,yes,yes,cellular,may,mon,6,3,1,success,-1.8,92.893,-46.2,1.354,5099.1,yes,1,3,0.6725
33,admin.,single,professional.course,no,no,no,cellular,may,mon,1,999,1,failure,-1.8,92.893,-46.2,1.244,5099.1,yes,0,-1,0.6725
49,technician,married,unknown,no,no,no,cellular,apr,fri,1,999,0,nonexistent,-1.8,93.075,-47.1,1.405,5099.1,yes,0,-1,0.6725
28,services,married,high.school,no,no,no,telephone,may,mon,4,999,0,nonexistent,1.1,93.994,-36.4,4.858,5191.0,yes,0,-1,0.6725
33,admin.,single,high.school,no,yes,no,cellular,aug,tue,3,999,0,nonexistent,-2.9,92.201,-31.4,0.883,5076.2,yes,0,-1,0.6725
29,management,married,university.degree,no,no,no,telephone,jun,wed,1,999,0,nonexistent,1.4,94.465,-41.8,4.962,5228.1,yes,0,-1,0.6725
23,services,single,high.school,no,no,no,cellular,jul,thu,3,999,0,nonexistent,1.4,93.918,-42.7,4.963,5228.1,yes,0,-1,0.6723845059021727
32,technician,single,professional.course,no,no,no,cellular,may,thu,2,999,0,nonexistent,-1.8,92.893,-46.2,1.266,5099.1,yes,0,-1,0.6723502656939566
41,technician,married,professional.course,no,yes,no,cellular,apr,tue,5,999,1,failure,-1.8,93.075,-47.1,1.423,5099.1,yes,0,-1,0.6723477745724294
30,technician,single,professional.course,no,no,no,cellular,nov,wed,2,999,0,nonexistent,-0.1,93.2,-42.0,4.12,5195.8,yes,0,-1,0.6723046116198694
35,admin.,single,high.school,no,yes,yes,cellular,jul,wed,1,999,0,nonexistent,1.4,93.918,-42.7,4.957,5228.1,yes,0,-1,0.6722193357288531
41,blue-collar,married,basic.4y,no,no,no,cellular,jul,fri,3,999,0,nonexistent,1.4,93.918,-42.7,4.957,5228.1,yes,0,-1,0.6722153904049724
51,blue-collar,married,basic.9y,unknown,no,no,cellular,may,fri,1,999,0,nonexistent,-1.8,92.893,-46.2,1.25,5099.1,yes,0,-1,0.6722135087889677
54,management,married,university.degree,no,no,no,cellular,may,mon,1,999,1,failure,-1.8,92.893,-46.2,1.264,5099.1,yes,0,-1,0.6719996504107674
45,admin.,divorced,university.degree,no,no,no,cellular,may,mon,1,999,0,nonexistent,-1.8,92.893,-46.2,1.244,5099.1,yes,0,-1,0.6719983726873593
69,retired,married,high.school,no,no,no,cellular,sep,fri,3,999,0,nonexistent,-3.4,92.379,-29.8,0.773,5017.5,yes,0,-1,0.6718848274997685
59,retired,married,high.school,no,yes,no,cellular,jul,fri,17,999,0,nonexistent,1.4,93.918,-42.7,4.962,5228.1,yes,0,-1,0.6718093629917204
24,blue-collar,married,basic.9y,unknown,no,no,cellular,jul,wed,1,999,0,nonexistent,1.4,93.918,-42.7,4.957,5228.1,yes,0,-1,0.6716270376180964
30,entrepreneur,married,university.degree,no,no,no,cellular,may,wed,1,999,0,nonexistent,-1.8,92.893,-46.2,1.281,5099.1,yes,0,-1,0.6714238236221732
30,entrepreneur,single,university.degree,no,yes,no,cellular,nov,wed,3,999,0,nonexistent,-0.1,93.2,-42.0,4.12,5195.8,yes,0,-1,0.671360414964028
24,student,single,high.school,no,no,yes,cellular,apr,thu,1,999,0,nonexistent,-1.8,93.075,-47.1,1.365,5099.1,no,0,-1,0.6710760882162521
24,student,single,high.school,no,no,yes,cellular,apr,thu,1,999,0,nonexistent,-1.8,93.075,-47.1,1.365,5099.1,yes,0,-1,0.6710760882162521
39,blue-collar,married,basic.6y,unknown,no,no,cellular,jul,tue,1,999,0,nonexistent,1.4,93.918,-42.7,4.962,5228.1,yes,0,-1,0.6709779959752019
43,technician,single,high.school,no,yes,yes,cellular,may,wed,1,999,0,nonexistent,-1.8,92.893,-46.2,1.281,5099.1,yes,0,-1,0.67
33,blue-collar,married,basic.6y,no,no,no,telephone,may,wed,1,999,0,nonexistent,1.1,93.994,-36.4,4.857,5191.0,yes,0,-1,0.67
27,admin.,single,high.school,no,yes,no,telephone,may,wed,1,999,0,nonexistent,1.1,93.994,-36.4,4.859,5191.0,yes,0,-1,0.67
35,blue-collar,married,basic.6y,no,yes,no,cellular,may,fri,1,999,1,failure,-1.8,92.893,-46.2,1.25,5099.1,yes,0,-1,0.67
30,admin.,single,high.school,no,yes,no,cellular,may,mon,2,999,0,nonexistent,-1.8,92.893,-46.2,1.264,5099.1,yes,0,-1,0.67
31,services,single,university.degree,no,no,no,cellular,may,mon,2,999,0,nonexistent,-1.8,92.893,-46.2,1.264,5099.1,yes,0,-1,0.67
35,admin.,married,university.degree,no,yes,no,cellular,aug,wed,2,999,2,failure,-2.9,92.201,-31.4,0.854,5076.2,yes,0,-1,0.67
58,admin.,single,university.degree,no,yes,no,cellular,may,tue,1,999,0,nonexistent,-1.8,92.893,-46.2,1.344,5099.1,yes,0,-1,0.67
60,self-employed,married,university.degree,no,yes,no,cellular,jul,wed,4,999,0,nonexistent,1.4,93.918,-42.7,4.963,5228.1,yes,0,-1,0.67
33,blue-collar,married,high.school,no,no,no,telephone,may,wed,1,999,0,nonexistent,1.1,93.994,-36.4,4.859,5191.0,yes,0,-1,0.67
31,services,married,basic.9y,no,no,no,telephone,may,tue,2,999,0,nonexistent,1.1,93.994,-36.4,4.856,5191.0,yes,0,-1,0.67
38,admin.,married,university.degree,no,no,no,telephone,jun,fri,4,999,0,nonexistent,1.4,94.465,-41.8,4.967,5228.1,yes,0,-1,0.67
51,services,married,high.school,unknown,yes,no,telephone,jul,mon,3,999,0,nonexistent,1.4,93.918,-42.7,4.962,5228.1,yes,0,-1,0.67
30,admin.,divorced,university.degree,no,yes,no,cellular,may,fri,4,999,1,failure,-1.8,92.893,-46.2,1.25,5099.1,yes,0,-1,0.67
25,student,single,high.school,no,no,no,telephone,sep,mon,1,999,0,nonexistent,-1.1,94.199,-37.5,0.876,4963.6,yes,0,-1,0.67
45,admin.,single,professional.course,no,yes,no,telephone,may,wed,1,999,0,nonexistent,1.1,93.994,-36.4,4.858,5191.0,yes,0,-1,0.67
30,admin.,single,high.school,no,no,yes,telephone,may,thu,4,999,0,nonexistent,1.1,93.994,-36.4,4.86,5191.0,yes,0,-1,0.67
46,services,single,professional.course,unknown,no,yes,cellular,may,mon,5,999,0,nonexistent,-1.8,92.893,-46.2,1.244,5099.1,yes,0,-1,0.67
44,services,married,high.school,no,yes,yes,cellular,may,mon,1,999,1,failure,-1.8,92.893,-46.2,1.264,5099.1,yes,0,-1,0.67
41,blue-collar,single,basic.9y,no,no,yes,cellular,may,wed,1,999,0,nonexistent,-1.8,92.893,-46.2,1.334,5099.1,yes,0,-1,0.67
43,management,married,university.degree,no,yes,yes,cellular,nov,wed,1,999,1,failure,-0.1,93.2,-42.0,4.12,5195.8,yes,0,-1,0.67
42,blue-collar,married,basic.9y,no,no,no,cellular,jul,thu,3,999,0,nonexistent,1.4,93.918,-42.7,4.963,5228.1,yes,0,-1,0.67
44,services,divorced,high.school,no,yes,no,cellular,may,thu,1,999,0,nonexistent,-1.8,92.893,-46.2,1.266,5099.1,yes,0,-1,0.67
36,blue-collar,married,basic.4y,no,yes,yes,cellular,may,thu,1,999,0,nonexistent,-1.8,92.893,-46.2,1.266,5099.1,yes,0,-1,0.67
39,admin.,married,university.degree,no,no,no,telephone,jul,mon,3,999,0,nonexistent,1.4,93.918,-42.7,4.96,5228.1,yes,0,-1,0.67
27,admin.,single,high.school,unknown,no,no,cellular,jul,mon,2,999,0,nonexistent,1.4,93.918,-42.7,4.96,5228.1,yes,0,-1,0.67
42,blue-collar,married,high.school,no,no,yes,telephone,may,tue,3,999,0,nonexistent,1.1,93.994,-36.4,4.857,5191.0,yes,0,-1,0.67
53,blue-collar,divorced,basic.4y,no,no,no,telephone,jun,wed,1,999,0,nonexistent,1.4,94.465,-41.8,4.959,5228.1,yes,0,-1,0.67
25,admin.,single,unknown,no,no,no,telephone,jun,tue,7,999,0,nonexistent,-2.9,92.963,-40.8,1.286,5076.2,yes,0,-1,0.67
35,blue-collar,married,basic.9y,unknown,no,no,cellular,jul,thu,1,999,0,nonexistent,1.4,93.918,-42.7,4.963,5228.1,yes,0,-1,0.67
22,technician,single,university.degree,no,yes,no,cellular,jun,fri,4,999,1,failure,-2.9,92.963,-40.8,1.268,5076.2,yes,0,-1,0.67
50,retired,divorced,high.school,no,yes,no,cellular,nov,thu,1,999,0,nonexistent,-0.1,93.2,-42.0,4.076,5195.8,yes,0,-1,0.67
41,self-employed,married,basic.9y,no,yes,no,cellular,may,thu,3,999,1,failure,-1.8,92.893,-46.2,1.327,5099.1,yes,0,-1,0.67
36,technician,married,university.degree,no,no,yes,cellular,may,mon,2,999,1,failure,-1.8,92.893,-46.2,1.354,5099.1,yes,0,-1,0.67
34,management,married,university.degree,no,no,no,telephone,oct,wed,2,999,0,nonexistent,-3.4,92.431,-26.9,0.742,5017.5,yes,0,-1,0.67
26,services,married,basic.9y,no,no,yes,cellular,may,tue,1,999,0,nonexistent,-1.8,92.893,-46.2,1.291,5099.1,yes,0,-1,0.67
33,blue-collar,single,basic.6y,no,no,no,cellular,jul,thu,1,999,0,nonexistent,1.4,93.918,-42.7,4.963,5228.1,yes,0,-1,0.67
29,student,single,high.school,no,no,yes,telephone,may,mon,1,999,0,nonexistent,1.1,93.994,-36.4,4.857,5191.0,yes,0,-1,0.67
36,admin.,single,university.degree,no,yes,no,cellular,aug,wed,3,999,0,nonexistent,1.4,93.444,-36.1,4.964,5228.1,yes,0,-1,0.67
32,blue-collar,married,basic.9y,no,unknown,unknown,cellular,apr,mon,1,999,0,nonexistent,-1.8,93.075,-47.1,1.466,5099.1,yes,0,-1,0.67
38,blue-collar,single,university.degree,unknown,no,no,telephone,may,fri,1,999,0,nonexistent,1.1,93.994,-36.4,4.859,5191.0,yes,0,-1,0.67
37,technician,married,professional.course,no,yes,no,telephone,jun,thu,2,999,0,nonexistent,1.4,94.465,-41.8,4.961,5228.1,yes,0,-1,0.67
50,admin.,married,professional.course,no,no,no,cellular,jul,tue,3,999,0,nonexistent,1.4,93.918,-42.7,4.961,5228.1,yes,0,-1,0.6699226947720308
31,services,married,high.school,no,yes,no,cellular,may,tue,6,999,0,nonexistent,-1.8,92.893,-46.2,1.291,5099.1,yes,0,-1,0.6698983328957732
32,services,married,high.school,no,yes,no,cellular,may,thu,1,999,0,nonexistent,-1.8,92.893,-46.2,1.327,5099.1,yes,0,-1,0.6698971726868234
43,services,married,high.school,no,yes,yes,cellular,jul,mon,1,999,0,nonexistent,1.4,93.918,-42.7,4.96,5228.1,yes,0,-1,0.6698512540192926
41,self-employed,married,professional.course,unknown,yes,no,cellular,nov,fri,1,999,0,nonexistent,-0.1,93.2,-42.0,4.021,5195.8,yes,0,-1,0.6698498224121069
32,blue-collar,married,basic.6y,unknown,yes,no,cellular,may,wed,1,999,0,nonexistent,-1.8,92.893,-46.2,1.281,5099.1,yes,0,-1,0.6697992760638074
38,services,single,basic.6y,no,yes,no,cellular,may,tue,2,999,0,nonexistent,-1.8,92.893,-46.2,1.291,5099.1,yes,0,-1,0.6697178789938818
27,blue-collar,married,basic.9y,no,no,no,cellular,may,mon,1,999,0,nonexistent,-1.8,92.893,-46.2,1.299,5099.1,yes,0,-1,0.6696105416827405
54,self-employed,married,basic.9y,unknown,yes,no,cellular,aug,thu,3,999,0,nonexistent,1.4,93.444,-36.1,4.968,5228.1,yes,0,-1,0.6694914071360029
38,technician,married,professional.course,no,no,no,cellular,aug,mon,1,999,1,failure,-2.9,92.201,-31.4,0.884,5076.2,yes,0,-1,0.6694891553133516
26,services,single,high.school,no,no,no,cellular,jul,fri,7,999,0,nonexistent,1.4,93.918,-42.7,4.957,5228.1,yes,0,-1,0.6694305424212951
29,unemployed,married,university.degree,no,yes,no,cellular,may,fri,1,999,0,nonexistent,-1.8,92.893,-46.2,1.25,5099.1,yes,0,-1,0.6692960042491316
44,services,divorced,high.school,no,no,no,cellular,may,mon,4,999,0,nonexistent,-1.8,92.893,-46.2,1.244,5099.1,yes,0,-1,0.6687587754793847
32,technician,married,professional.course,no,unknown,unknown,cellular,jun,mon,2,999,1,failure,-2.9,92.963,-40.8,1.266,5076.2,yes,0,-1,0.6675
34,admin.,single,high.school,no,yes,no,cellular,nov,mon,2,999,1,failure,-3.4,92.649,-30.1,0.722,5017.5,yes,0,-1,0.6675
36,admin.,divorced,high.school,no,yes,no,cellular,nov,wed,1,999,0,nonexistent,-0.1,93.2,-42.0,4.12,5195.8,yes,0,-1,0.6675
36,services,married,high.school,no,yes,yes,cellular,jul,thu,4,999,0,nonexistent,1.4,93.918,-42.7,4.968,5228.1,yes,0,-1,0.6675
29,technician,single,high.school,unknown,no,no,cellular,aug,wed,3,999,0,nonexistent,1.4,93.444,-36.1,4.964,5228.1,yes,0,-1,0.6675
53,management,married,university.degree,no,yes,no,cellular,aug,tue,3,999,0,nonexistent,1.4,93.444,-36.1,4.966,5228.1,yes,0,-1,0.6675
36,technician,married,professional.course,no,no,no,telephone,may,wed,3,999,0,nonexistent,1.1,93.994,-36.4,4.859,5191.0,yes,0,-1,0.6675
55,retired,married,professional.course,no,yes,no,cellular,jul,fri,8,999,0,nonexistent,1.4,93.918,-42.7,4.962,5228.1,yes,0,-1,0.6675
49,entrepreneur,married,university.degree,unknown,yes,no,telephone,may,mon,1,999,0,nonexistent,1.1,93.994,-36.4,4.857,5191.0,yes,0,-1,0.6675
43,admin.,single,high.school,no,no,no,cellular,nov,wed,1,999,1,failure,-0.1,93.2,-42.0,4.12,5195.8,yes,0,-1,0.6675
46,blue-collar,married,basic.9y,no,yes,yes,cellular,nov,wed,1,999,0,nonexistent,-0.1,93.2,-42.0,4.12,5195.8,yes,0,-1,0.6675
34,admin.,married,high.school,no,no,no,telephone,jun,wed,1,999,0,nonexistent,1.4,94.465,-41.8,4.864,5228.1,yes,0,-1,0.6675
54,blue-collar,married,basic.6y,unknown,no,no,telephone,jun,thu,1,999,0,nonexistent,1.4,94.465,-41.8,4.958,5228.1,yes,0,-1,0.6675
49,services,married,high.school,no,no,no,cellular,jun,tue,4,999,0,nonexistent,-2.9,92.963,-40.8,1.286,5076.2,yes,0,-1,0.6675
33,technician,single,professional.course,no,yes,no,cellular,may,wed,2,999,2,failure,-1.8,92.893,-46.2,1.334,5099.1,yes,0,-1,0.6675
46,management,married,high.school,no,yes,yes,cellular,aug,wed,3,999,0,nonexistent,1.4,93.444,-36.1,4.967,5228.1,yes,0,-1,0.6675
33,technician,married,professional.course,no,unknown,unknown,cellular,aug,thu,2,999,0,nonexistent,1.4,93.444,-36.1,4.963,5228.1,yes,0,-1,0.6675
44,blue-collar,single,basic.9y,no,yes,no,telephone,jul,tue,11,999,0,nonexistent,1.4,93.918,-42.7,4.961,5228.1,yes,0,-1,0.6675
48,unemployed,married,basic.6y,no,no,no,cellular,jul,thu,1,999,0,nonexistent,1.4,93.918,-42.7,4.962,5228.1,yes,0,-1,0.6675
27,services,single,high.school,unknown,no,no,cellular,jul,tue,4,999,0,nonexistent,1.4,93.918,-42.7,4.962,5228.1,yes,0,-1,0.6675
33,admin.,married,university.degree,no,yes,yes,telephone,sep,wed,2,999,0,nonexistent,-1.1,94.199,-37.5,0.879,4963.6,yes,0,-1,0.6675
34,admin.,single,university.degree,no,yes,no,telephone,aug,tue,1,999,0,nonexistent,-2.9,92.201,-31.4,0.859,5076.2,yes,0,-1,0.6675
49,management,married,university.degree,no,yes,no,cellular,apr,thu,1,999,0,nonexistent,-1.8,93.075,-47.1,1.365,5099.1,yes,0,-1,0.6675
48,technician,single,unknown,no,yes,no,telephone,may,fri,3,999,0,nonexistent,1.1,93.994,-36.4,4.864,5191.0,yes,0,-1,0.6675
57,retired,divorced,basic.4y,unknown,no,no,cellular,jul,fri,4,999,0,nonexistent,1.4,93.918,-42.7,4.957,5228.1,yes,0,-1,0.6675
37,admin.,married,university.degree,unknown,no,no,cellular,aug,wed,1,999,0,nonexistent,1.4,93.444,-36.1,4.967,5228.1,yes,0,-1,0.6675
51,blue-collar,married,basic.4y,unknown,no,yes,telephone,jun,tue,1,999,0,nonexistent,1.4,94.465,-41.8,4.961,5228.1,yes,0,-1,0.6675
34,technician,single,university.degree,no,no,no,cellular,mar,mon,2,999,0,nonexistent,-1.8,92.843,-50.0,1.52,5099.1,yes,0,-1,0.6675
37,admin.,married,university.degree,no,no,no,cellular,aug,wed,1,999,0,nonexistent,1.4,93.444,-36.1,4.967,5228.1,yes,0,-1,0.6675
40,management,married,university.degree,no,yes,yes,cellular,nov,fri,1,999,1,failure,-0.1,93.2,-42.0,4.021,5195.8,yes,0,-1,0.6675
33,services,married,high.school,no,no,no,telephone,nov,tue,1,999,0,nonexistent,-0.1,93.2,-42.0,4.343,5195.8,yes,0,-1,0.6675
45,admin.,married,unknown,no,yes,no,cellular,may,fri,1,999,0,nonexistent,-1.8,92.893,-46.2,1.259,5099.1,yes,0,-1,0.6675
57,retired,married,university.degree,no,yes,yes,cellular,jul,mon,4,999,0,nonexistent,1.4,93.918,-42.7,4.962,5228.1,yes,0,-1,0.6675
36,admin.,married,university.degree,no,no,no,cellular,oct,wed,1,999,0,nonexistent,-3.4,92.431,-26.9,0.735,5017.5,yes,0,-1,0.6675
38,management,married,basic.9y,no,yes,no,telephone,may,tue,1,999,0,nonexistent,1.1,93.994,-36.4,4.856,5191.0,yes,0,-1,0.6675
57,admin.,single,university.degree,unknown,yes,no,cellular,aug,wed,4,999,0,nonexistent,1.4,93.444,-36.1,4.965,5228.1,yes,0,-1,0.6675
27,blue-collar,married,basic.6y,unknown,unknown,unknown,telephone,may,tue,2,999,0,nonexistent,1.1,93.994,-36.4,4.856,5191.0,yes,0,-1,0.6675
31,technician,single,university.degree,no,yes,no,cellular,may,mon,1,999,1,failure,-1.8,92.893,-46.2,1.299,5099.1,yes,0,-1,0.6675
55,management,divorced,university.degree,no,yes,no,cellular,sep,thu,1,999,1,failure,-1.1,94.199,-37.5,0.884,4963.6,yes,0,-1,0.6675
47,management,married,basic.4y,unknown,no,no,telephone,may,mon,1,999,0,nonexistent,1.1,93.994,-36.4,4.858,5191.0,yes,0,-1,0.6675
30,admin.,married,university.degree,no,yes,no,cellular,apr,thu,1,999,1,failure,-1.8,93.075,-47.1,1.365,5099.1,yes,0,-1,0.6675
56,retired,married,high.school,unknown,yes,no,telephone,jun,fri,3,999,0,nonexistent,1.4,94.465,-41.8,4.959,5228.1,yes,0,-1,0.6675
29,blue-collar,married,basic.9y,no,no,yes,cellular,may,wed,1,999,0,nonexistent,-1.8,92.893,-46.2,1.334,5099.1,yes,0,-1,0.6675
45,services,divorced,basic.4y,no,no,yes,cellular,apr,thu,1,999,1,failure,-1.8,93.075,-47.1,1.41,5099.1,yes,0,-1,0.6673517308780412
44,entrepreneur,married,basic.4y,no,yes,no,cellular,may,tue,2,999,0,nonexistent,-1.8,92.893,-46.2,1.344,5099.1,yes,0,-1,0.6673509133007461
59,blue-collar,married,basic.9y,no,no,no,cellular,may,tue,1,999,0,nonexistent,-1.8,92.893,-46.2,1.291,5099.1,yes,0,-1,0.667348081950114
23,blue-collar,single,basic.4y,no,yes,no,cellular,may,fri,2,999,0,nonexistent,-1.8,92.893,-46.2,1.25,5099.1,yes,0,-1,0.6671095762280552
36,self-employed,married,basic.9y,unknown,no,no,cellular,aug,thu,2,999,0,nonexistent,1.4,93.444,-36.1,4.964,5228.1,yes,0,-1,0.667059146504809
31,management,single,university.degree,no,no,no,cellular,jul,wed,1,999,0,nonexistent,1.4,93.918,-42.7,4.962,5228.1,yes,0,-1,0.6670016175570517
25,self-employed,divorced,university.degree,no,no,no,cellular,apr,mon,1,999,0,nonexistent,-1.8,93.075,-47.1,1.405,5099.1,yes,0,-1,0.6669610907503687
25,self-employed,divorced,university.degree,no,no,no,cellular,apr,mon,1,999,0,nonexistent,-1.8,93.075,-47.1,1.405,5099.1,no,0,-1,0.6669610907503687
29,admin.,single,university.degree,no,yes,yes,cellular,nov,fri,2,999,0,nonexistent,-0.1,93.2,-42.0,4.021,5195.8,yes,0,-1,0.6663543993676173
32,management,single,university.degree,no,yes,no,cellular,mar,mon,1,999,0,nonexistent,-1.8,92.843,-50.0,1.703,5099.1,yes,0,-1,0.6658731015335663
32,services,single,high.school,no,no,no,cellular,jul,mon,3,999,0,nonexistent,1.4,93.918,-42.7,4.96,5228.1,yes,0,-1,0.6657096502647203
28,services,married,high.school,no,no,no,cellular,jul,thu,2,999,0,nonexistent,1.4,93.918,-42.7,4.968,5228.1,yes,0,-1,0.6656880860965205
53,technician,married,professional.course,unknown,no,no,telephone,may,wed,2,999,0,nonexistent,1.1,93.994,-36.4,4.857,5191.0,yes,0,-1,0.665
33,technician,single,university.degree,no,yes,yes,cellular,nov,fri,1,999,0,nonexistent,-0.1,93.2,-42.0,4.021,5195.8,yes,0,-1,0.665
40,blue-collar,married,basic.9y,no,no,yes,telephone,jul,tue,2,999,0,nonexistent,1.4,93.918,-42.7,4.955,5228.1,yes,0,-1,0.665
44,technician,single,university.degree,no,yes,no,cellular,aug,wed,3,999,0,nonexistent,1.4,93.444,-36.1,4.964,5228.1,yes,0,-1,0.665
39,entrepreneur,single,basic.6y,no,no,no,telephone,jun,thu,2,999,0,nonexistent,1.4,94.465,-41.8,4.866,5228.1,yes,0,-1,0.665
46,blue-collar,married,professional.course,no,no,no,telephone,jun,thu,1,999,0,nonexistent,1.4,94.465,-41.8,4.866,5228.1,yes,0,-1,0.665
26,admin.,single,high.school,no,no,no,cellular,may,mon,2,999,0,nonexistent,-1.8,92.893,-46.2,1.299,5099.1,yes,0,-1,0.665
25,services,married,high.school,no,yes,no,telephone,jul,tue,9,999,0,nonexistent,1.4,93.918,-42.7,4.955,5228.1,yes,0,-1,0.665
28,services,divorced,high.school,unknown,no,yes,cellular,jul,fri,2,999,0,nonexistent,1.4,93.918,-42.7,4.957,5228.1,yes,0,-1,0.665
30,admin.,single,university.degree,no,yes,no,cellular,aug,thu,11,999,0,nonexistent,1.4,93.444,-36.1,4.962,5228.1,yes,0,-1,0.665
46,blue-collar,single,basic.9y,no,yes,no,telephone,may,thu,3,999,0,nonexistent,1.1,93.994,-36.4,4.855,5191.0,yes,0,-1,0.665
30,services,married,professional.course,no,yes,no,cellular,nov,wed,2,999,0,nonexistent,-0.1,93.2,-42.0,4.12,5195.8,yes,0,-1,0.665
35,blue-collar,married,professional.course,no,yes,yes,telephone,may,fri,1,999,0,nonexistent,1.1,93.994,-36.4,4.855,5191.0,yes,0,-1,0.665
53,technician,divorced,high.school,no,no,no,cellular,nov,thu,1,999,0,nonexistent,-0.1,93.2,-42.0,4.076,5195.8,yes,0,-1,0.665
59,retired,married,professional.course,no,no,no,telephone,may,wed,9,999,0,nonexistent,1.1,93.994,-36.4,4.857,5191.0,yes,0,-1,0.665
34,technician,married,high.school,no,no,yes,cellular,nov,wed,1,999,0,nonexistent,-0.1,93.2,-42.0,4.12,5195.8,yes,0,-1,0.665
34,technician,married,professional.course,no,yes,no,cellular,jun,wed,1,999,0,nonexistent,-2.9,92.963,-40.8,1.26,5076.2,yes,0,-1,0.665
32,services,single,unknown,unknown,no,no,cellular,jul,tue,1,999,0,nonexistent,1.4,93.918,-42.7,4.961,5228.1,yes,0,-1,0.665
22,student,single,high.school,no,no,yes,telephone,jun,thu,2,999,0,nonexistent,-2.9,92.963,-40.8,1.26,5076.2,yes,0,-1,0.665
29,technician,single,university.degree,no,yes,yes,cellular,may,fri,3,999,0,nonexistent,-1.8,92.893,-46.2,1.25,5099.1,yes,0,-1,0.665
36,blue-collar,single,basic.9y,no,yes,yes,telephone,jun,thu,3,999,0,nonexistent,1.4,94.465,-41.8,4.955,5228.1,yes,0,-1,0.665
48,blue-collar,married,high.school,no,yes,yes,telephone,jun,thu,3,999,0,nonexistent,1.4,94.465,-41.8,4.955,5228.1,yes,0,-1,0.665
32,blue-collar,married,high.school,no,yes,no,telephone,nov,mon,1,999,0,nonexistent,-0.1,93.2,-42.0,4.191,5195.8,yes,0,-1,0.665
35,management,divorced,university.degree,no,no,no,cellular,dec,mon,2,999,1,failure,-3.0,92.713,-33.0,0.706,5023.5,yes,0,-1,0.665
52,blue-collar,married,basic.6y,no,no,no,cellular,apr,thu,5,999,0,nonexistent,-1.8,93.075,-47.1,1.406,5099.1,yes,0,-1,0.665
31,technician,single,university.degree,no,yes,no,cellular,may,fri,7,999,1,failure,-1.8,92.893,-46.2,1.25,5099.1,yes,0,-1,0.665
36,admin.,single,university.degree,no,yes,no,telephone,may,tue,6,999,0,nonexistent,-1.8,92.893,-46.2,1.344,5099.1,yes,0,-1,0.665
35,admin.,married,high.school,no,yes,no,cellular,apr,wed,1,999,0,nonexistent,-1.8,93.075,-47.1,1.445,5099.1,yes,0,-1,0.665
30,blue-collar,married,basic.6y,unknown,yes,no,telephone,jun,tue,2,999,0,nonexistent,1.4,94.465,-41.8,4.864,5228.1,yes,0,-1,0.665
48,technician,married,professional.course,no,yes,no,cellular,jul,mon,2,999,0,nonexistent,1.4,93.918,-42.7,4.962,5228.1,yes,0,-1,0.665
45,blue-collar,married,basic.9y,unknown,yes,no,telephone,may,mon,1,999,0,nonexistent,1.1,93.994,-36.4,4.857,5191.0,yes,0,-1,0.665
36,blue-collar,married,basic.9y,unknown,no,no,cellular,may,wed,3,999,1,failure,-1.8,92.893,-46.2,1.281,5099.1,yes,0,-1,0.665
28,admin.,single,high.school,no,no,no,cellular,apr,mon,5,999,0,nonexistent,-1.8,93.075,-47.1,1.405,5099.1,yes,0,-1,0.665
39,technician,married,high.school,no,no,no,cellular,nov,fri,2,999,0,nonexistent,-0.1,93.2,-42.0,4.021,5195.8,yes,0,-1,0.665
41,technician,married,high.school,no,no,no,cellular,aug,mon,2,999,0,nonexistent,1.4,93.444,-36.1,4.963,5228.1,yes,0,-1,0.665
25,student,single,high.school,no,yes,yes,telephone,aug,fri,1,999,0,nonexistent,-1.7,94.027,-38.3,0.898,4991.6,yes,0,-1,0.665
30,self-employed,single,university.degree,no,no,no,telephone,jun,wed,1,999,0,nonexistent,1.4,94.465,-41.8,4.959,5228.1,yes,0,-1,0.665
28,entrepreneur,married,basic.9y,unknown,yes,no,telephone,may,thu,1,999,0,nonexistent,1.1,93.994,-36.4,4.86,5191.0,yes,0,-1,0.665
58,admin.,married,basic.4y,unknown,no,no,cellular,may,fri,1,999,0,nonexistent,-1.8,92.893,-46.2,1.25,5099.1,yes,0,-1,0.665
59,retired,married,professional.course,no,yes,no,telephone,jun,wed,1,999,0,nonexistent,-2.9,92.963,-40.8,1.26,5076.2,yes,0,-1,0.665
32,technician,married,university.degree,no,no,yes,cellular,aug,thu,4,999,0,nonexistent,-2.9,92.201,-31.4,0.883,5076.2,yes,0,-1,0.665
33,technician,married,high.school,no,no,yes,cellular,aug,thu,2,999,0,nonexistent,1.4,93.444,-36.1,4.968,5228.1,yes,0,-1,0.665
44,services,married,high.school,unknown,yes,no,telephone,may,thu,2,999,0,nonexistent,1.1,93.994,-36.4,4.86,5191.0,yes,0,-1,0.665
34,entrepreneur,married,university.degree,unknown,yes,no,cellular,nov,mon,2,999,0,nonexistent,-0.1,93.2,-42.0,4.191,5195.8,yes,0,-1,0.665
40,housemaid,divorced,high.school,no,no,no,telephone,jun,wed,6,999,0,nonexistent,1.4,94.465,-41.8,4.864,5228.1,yes,0,-1,0.665
37,entrepreneur,divorced,high.school,no,yes,no,cellular,jul,thu,2,999,0,nonexistent,1.4,93.918,-42.7,4.968,5228.1,yes,0,-1,0.665
31,entrepreneur,single,university.degree,no,yes,no,cellular,may,thu,1,999,0,nonexistent,-1.8,92.893,-46.2,1.266,5099.1,yes,0,-1,0.665
47,admin.,married,high.school,no,no,no,telephone,may,tue,3,999,0,nonexistent,1.1,93.994,-36.4,4.857,5191.0,yes,0,-1,0.665
35,entrepreneur,divorced,professional.course,unknown,unknown,unknown,cellular,aug,tue,3,999,0,nonexistent,1.4,93.444,-36.1,4.963,5228.1,yes,0,-1,0.664852786168777
34,admin.,married,high.school,no,no,no,cellular,jul,wed,5,999,0,nonexistent,1.4,93.918,-42.7,4.962,5228.1,yes,0,-1,0.6648511858825951
41,blue-collar,married,unknown,no,yes,no,cellular,nov,fri,4,999,0,nonexistent,-0.1,93.2,-42.0,4.021,5195.8,yes,0,-1,0.6648509814514676
33,services,married,high.school,no,no,no,cellular,jul,mon,2,999,0,nonexistent,1.4,93.918,-42.7,4.96,5228.1,yes,0,-1,0.664776500326675
41,self-employed,divorced,professional.course,no,no,no,cellular,jul,fri,2,999,0,nonexistent,1.4,93.918,-42.7,4.963,5228.1,yes,0,-1,0.6647469315822984
31,blue-collar,married,basic.9y,no,yes,no,telephone,jun,wed,2,999,0,nonexistent,1.4,94.465,-41.8,4.959,5228.1,yes,0,-1,0.6647244343012528
28,unemployed,married,professional.course,no,yes,no,telephone,aug,fri,6,999,0,nonexistent,-2.9,92.201,-31.4,0.869,5076.2,yes,0,-1,0.6647209138584054
42,technician,married,high.school,no,yes,no,cellular,apr,thu,1,999,0,nonexistent,-1.8,93.075,-47.1,1.406,5099.1,yes,0,-1,0.6647167257453627
30,admin.,married,university.degree,no,no,no,cellular,apr,tue,1,999,0,nonexistent,-1.8,93.075,-47.1,1.423,5099.1,yes,0,-1,0.6646739419827652
30,admin.,married,university.degree,no,no,no,cellular,apr,tue,1,999,0,nonexistent,-1.8,93.075,-47.1,1.423,5099.1,no,0,-1,0.6646739419827652
28,technician,single,university.degree,no,yes,no,cellular,may,tue,1,999,0,nonexistent,-1.8,92.893,-46.2,1.266,5099.1,yes,0,-1,0.664565107290697
33,blue-collar,married,basic.9y,unknown,no,no,cellular,may,wed,2,999,0,nonexistent,-1.8,92.893,-46.2,1.334,5099.1,yes,0,-1,0.6644932690419567
53,entrepreneur,married,basic.9y,unknown,yes,no,cellular,aug,tue,5,999,0,nonexistent,1.4,93.444,-36.1,4.966,5228.1,yes,0,-1,0.6644875901592906
55,admin.,married,basic.4y,unknown,no,no,telephone,jun,fri,9,999,0,nonexistent,1.4,94.465,-41.8,4.967,5228.1,yes,0,-1,0.6644201652506874
52,services,married,high.school,unknown,yes,no,cellular,jul,fri,3,999,0,nonexistent,1.4,93.918,-42.7,4.962,5228.1,yes,0,-1,0.6643201876441123
59,self-employed,married,professional.course,no,yes,no,cellular,apr,mon,1,999,0,nonexistent,-1.8,93.075,-47.1,1.405,5099.1,yes,0,-1,0.6642161158534785
50,blue-collar,married,basic.4y,no,yes,no,cellular,may,tue,1,999,0,nonexistent,-1.8,92.893,-46.2,1.344,5099.1,yes,0,-1,0.6641495702631834
39,technician,married,professional.course,no,yes,yes,cellular,may,mon,1,999,0,nonexistent,-1.8,92.893,-46.2,1.244,5099.1,yes,0,-1,0.6640629734504816
58,management,married,university.degree,no,yes,no,cellular,may,tue,1,999,0,nonexistent,-1.8,92.893,-46.2,1.266,5099.1,yes,0,-1,0.6637659063302516
32,admin.,single,university.degree,no,yes,no,cellular,aug,tue,3,999,0,nonexistent,1.4,93.444,-36.1,4.968,5228.1,yes,0,-1,0.6637582810827645
34,management,married,university.degree,no,no,no,cellular,apr,mon,1,999,0,nonexistent,-1.8,93.075,-47.1,1.405,5099.1,yes,0,-1,0.6636624725188757
52,blue-collar,married,basic.4y,unknown,yes,yes,cellular,aug,wed,4,999,0,nonexistent,1.4,93.444,-36.1,4.967,5228.1,yes,0,-1,0.663479073546589
55,management,married,university.degree,no,yes,no,cellular,apr,fri,2,999,0,nonexistent,-1.8,93.075,-47.1,1.405,5099.1,yes,0,-1,0.6632315002148889
40,unemployed,single,basic.4y,no,no,no,cellular,jun,tue,1,999,0,nonexistent,-2.9,92.963,-40.8,1.252,5076.2,yes,0,-1,0.6627284855018822
57,services,divorced,high.school,no,yes,yes,telephone,may,fri,5,999,0,nonexistent,1.1,93.994,-36.4,4.859,5191.0,yes,0,-1,0.6625
39,admin.,married,high.school,no,yes,no,cellular,may,mon,3,999,0,nonexistent,-1.8,92.893,-46.2,1.354,5099.1,yes,0,-1,0.6625
46,blue-collar,married,basic.9y,no,no,no,cellular,may,thu,3,999,0,nonexistent,-1.8,92.893,-46.2,1.327,5099.1,yes,0,-1,0.6625
48,technician,married,basic.9y,no,no,no,cellular,may,thu,3,999,0,nonexistent,-1.8,92.893,-46.2,1.327,5099.1,yes,0,-1,0.6625
38,housemaid,divorced,university.degree,no,yes,no,cellular,may,wed,3,999,1,failure,-1.8,92.893,-46.2,1.281,5099.1,yes,0,-1,0.6625
35,services,single,basic.4y,no,yes,no,telephone,may,tue,1,999,0,nonexistent,1.1,93.994,-36.4,4.856,5191.0,yes,0,-1,0.6625
45,blue-collar,married,basic.9y,unknown,no,yes,telephone,jun,fri,1,999,0,nonexistent,1.4,94.465,-41.8,4.959,5228.1,yes,0,-1,0.6625
48,blue-collar,single,basic.4y,no,yes,no,cellular,may,tue,1,999,1,failure,-1.8,92.893,-46.2,1.291,5099.1,yes,0,-1,0.6625
47,services,married,high.school,unknown,yes,no,cellular,aug,fri,1,999,0,nonexistent,1.4,93.444,-36.1,4.964,5228.1,yes,0,-1,0.6625
37,management,married,university.degree,no,no,no,cellular,aug,wed,2,999,0,nonexistent,1.4,93.444,-36.1,4.967,5228.1,yes,0,-1,0.6625
51,admin.,single,basic.6y,no,no,no,telephone,may,tue,1,999,0,nonexistent,1.1,93.994,-36.4,4.856,5191.0,yes,0,-1,0.6625
33,technician,divorced,professional.course,no,no,no,telephone,may,mon,3,999,0,nonexistent,1.1,93.994,-36.4,4.858,5191.0,yes,0,-1,0.6625
39,technician,married,high.school,no,yes,no,cellular,jul,thu,4,999,0,nonexistent,1.4,93.918,-42.7,4.968,5228.1,yes,0,-1,0.6625
56,entrepreneur,married,university.degree,no,no,yes,telephone,may,wed,2,999,0,nonexistent,1.1,93.994,-36.4,4.858,5191.0,yes,0,-1,0.6625
29,blue-collar,single,high.school,no,yes,no,cellular,jul,tue,2,999,0,nonexistent,1.4,93.918,-42.7,4.961,5228.1,yes,0,-1,0.6625
35,self-employed,single,university.degree,no,yes,no,cellular,jul,wed,1,999,0,nonexistent,1.4,93.918,-42.7,4.962,5228.1,yes,0,-1,0.6625
38,blue-collar,single,basic.9y,no,yes,no,telephone,may,tue,1,999,0,nonexistent,1.1,93.994,-36.4,4.856,5191.0,yes,0,-1,0.6625
38,admin.,divorced,university.degree,no,yes,no,cellular,nov,thu,3,999,0,nonexistent,-0.1,93.2,-42.0,4.076,5195.8,yes,0,-1,0.6625
28,blue-collar,married,basic.9y,no,no,yes,telephone,may,fri,4,999,0,nonexistent,1.1,93.994,-36.4,4.859,5191.0,yes,0,-1,0.6625
29,technician,single,university.degree,no,yes,no,cellular,apr,wed,2,999,0,nonexistent,-1.8,93.075,-47.1,1.415,5099.1,yes,0,-1,0.6625
45,self-employed,married,basic.4y,no,yes,yes,cellular,aug,thu,1,999,0,nonexistent,1.4,93.444,-36.1,4.968,5228.1,yes,0,-1,0.6625
39,management,married,university.degree,no,yes,no,telephone,aug,wed,1,999,0,nonexistent,1.4,93.444,-36.1,4.965,5228.1,yes,0,-1,0.6625
40,self-employed,married,university.degree,unknown,yes,yes,cellular,nov,thu,3,999,0,nonexistent,-0.1,93.2,-42.0,4.076,5195.8,yes,0,-1,0.6625
31,blue-collar,married,basic.6y,unknown,unknown,unknown,telephone,may,fri,1,999,0,nonexistent,1.1,93.994,-36.4,4.859,5191.0,yes,0,-1,0.6625
51,technician,married,basic.9y,no,no,no,telephone,jun,fri,1,999,0,nonexistent,-2.9,92.963,-40.8,1.268,5076.2,yes,0,-1,0.6625
23,student,single,high.school,no,no,no,cellular,jul,tue,1,999,1,failure,-2.9,92.469,-33.6,1.044,5076.2,yes,0,-1,0.6625
39,services,married,professional.course,no,yes,no,cellular,jul,mon,2,999,0,nonexistent,1.4,93.918,-42.7,4.962,5228.1,yes,0,-1,0.6625
36,unknown,single,basic.6y,unknown,no,no,telephone,jun,wed,3,999,0,nonexistent,1.4,94.465,-41.8,4.959,5228.1,yes,0,-1,0.6625
56,services,divorced,high.school,no,no,no,telephone,may,mon,7,999,0,nonexistent,-1.8,92.893,-46.2,1.354,5099.1,yes,0,-1,0.6625
60,retired,divorced,basic.4y,no,yes,no,cellular,jul,tue,1,999,0,nonexistent,1.4,93.918,-42.7,4.961,5228.1,yes,0,-1,0.6625
37,services,single,high.school,no,yes,no,cellular,nov,wed,1,999,0,nonexistent,-0.1,93.2,-42.0,4.12,5195.8,yes,0,-1,0.6625
25,student,single,unknown,unknown,yes,no,cellular,jul,tue,1,999,0,nonexistent,-2.9,92.469,-33.6,1.044,5076.2,yes,0,-1,0.6625
34,blue-collar,married,basic.9y,no,no,no,telephone,jun,tue,2,999,0,nonexistent,1.4,94.465,-41.8,4.864,5228.1,yes,0,-1,0.6625
31,management,married,university.degree,no,yes,no,cellular,jul,mon,3,999,0,nonexistent,1.4,93.918,-42.7,4.962,5228.1,yes,0,-1,0.6625
30,admin.,married,university.degree,no,yes,no,cellular,jul,fri,2,999,0,nonexistent,1.4,93.918,-42.7,4.957,5228.1,yes,0,-1,0.6625
45,technician,divorced,university.degree,unknown,no,no,cellular,may,fri,1,999,0,nonexistent,-1.8,92.893,-46.2,1.313,5099.1,yes,0,-1,0.6625
28,services,married,basic.9y,no,no,no,cellular,may,tue,3,999,0,nonexistent,-1.8,92.893,-46.2,1.266,5099.1,yes,0,-1,0.6625
36,blue-collar,married,basic.9y,no,no,yes,telephone,jun,wed,1,999,0,nonexistent,1.4,94.465,-41.8,4.864,5228.1,yes,0,-1,0.6625
31,technician,married,professional.course,no,yes,no,telephone,jun,tue,1,999,0,nonexistent,-1.7,94.055,-39.8,0.723,4991.6,yes,0,-1,0.6625
25,technician,single,university.degree,no,no,no,cellular,jul,tue,3,999,0,nonexistent,1.4,93.918,-42.7,4.962,5228.1,yes,0,-1,0.6625
35,entrepreneur,married,university.degree,no,no,no,telephone,jun,mon,2,999,0,nonexistent,1.4,94.465,-41.8,4.96,5228.1,yes,0,-1,0.6625
39,admin.,married,university.degree,no,yes,no,cellular,aug,wed,4,999,0,nonexistent,1.4,93.444,-36.1,4.964,5228.1,yes,0,-1,0.6625
42,technician,married,university.degree,no,no,no,cellular,jul,wed,1,999,1,failure,-2.9,92.469,-33.6,1.029,5076.2,yes,0,-1,0.6625
80,retired,married,high.school,no,no,no,telephone,aug,mon,1,999,0,nonexistent,-2.9,92.201,-31.4,0.861,5076.2,yes,0,-1,0.6625
38,admin.,single,university.degree,unknown,yes,no,telephone,jun,tue,1,999,0,nonexistent,1.4,94.465,-41.8,4.864,5228.1,yes,0,-1,0.6625
27,blue-collar,married,basic.4y,unknown,no,no,cellular,may,mon,7,999,0,nonexistent,-1.8,92.893,-46.2,1.299,5099.1,yes,0,-1,0.6625
40,admin.,married,university.degree,no,no,no,cellular,may,mon,4,999,0,nonexistent,-1.8,92.893,-46.2,1.354,5099.1,yes,0,-1,0.6622257089443528
31,blue-collar,divorced,basic.9y,no,no,no,cellular,jul,thu,3,999,0,nonexistent,1.4,93.918,-42.7,4.958,5228.1,yes,0,-1,0.661987101272442
40,blue-collar,married,basic.6y,unknown,yes,no,cellular,may,fri,1,999,0,nonexistent,-1.8,92.893,-46.2,1.313,5099.1,yes,0,-1,0.6616962238702058
39,technician,divorced,professional.course,no,yes,no,cellular,aug,tue,1,999,0,nonexistent,1.4,93.444,-36.1,4.968,5228.1,yes,0,-1,0.6614784114800628
28,admin.,single,high.school,no,no,no,cellular,jul,thu,2,999,0,nonexistent,1.4,93.918,-42.7,4.963,5228.1,yes,0,-1,0.6614774157188643
52,blue-collar,married,basic.9y,no,no,no,cellular,aug,fri,1,999,0,nonexistent,1.4,93.444,-36.1,4.966,5228.1,yes,0,-1,0.6604953692562334
46,technician,married,professional.course,no,no,no,cellular,apr,tue,1,999,0,nonexistent,-1.8,93.075,-47.1,1.423,5099.1,yes,0,-1,0.6602121943238418
43,admin.,married,high.school,no,no,no,telephone,jun,fri,10,999,0,nonexistent,1.4,94.465,-41.8,4.959,5228.1,yes,0,-1,0.66
38,technician,single,university.degree,no,yes,yes,cellular,may,wed,3,999,0,nonexistent,-1.8,92.893,-46.2,1.334,5099.1,yes,0,-1,0.66
36,entrepreneur,married,university.degree,no,no,no,telephone,may,mon,4,999,0,nonexistent,-1.8,92.893,-46.2,1.354,5099.1,yes,0,-1,0.66
27,blue-collar,single,basic.9y,no,yes,yes,cellular,may,thu,4,999,0,nonexistent,-1.8,92.893,-46.2,1.266,5099.1,yes,0,-1,0.66
32,self-employed,single,professional.course,unknown,no,no,cellular,may,thu,3,999,0,nonexistent,-1.8,92.893,-46.2,1.266,5099.1,yes,0,-1,0.66
29,admin.,single,high.school,no,yes,no,cellular,may,wed,7,999,1,failure,-1.8,92.893,-46.2,1.281,5099.1,yes,0,-1,0.66
39,management,married,university.degree,unknown,yes,no,cellular,jul,mon,3,999,0,nonexistent,1.4,93.918,-42.7,4.96,5228.1,yes,0,-1,0.66
54,entrepreneur,married,professional.course,no,no,no,cellular,nov,tue,1,999,0,nonexistent,-0.1,93.2,-42.0,4.153,5195.8,yes,0,-1,0.66
30,blue-collar,married,basic.9y,no,no,no,cellular,jul,tue,2,999,0,nonexistent,1.4,93.918,-42.7,4.962,5228.1,yes,0,-1,0.66
45,entrepreneur,married,university.degree,no,yes,no,cellular,may,wed,4,999,1,failure,-1.8,92.893,-46.2,1.334,5099.1,yes,0,-1,0.66
25,blue-collar,single,basic.4y,no,yes,no,telephone,may,wed,1,999,0,nonexistent,1.1,93.994,-36.4,4.858,5191.0,yes,0,-1,0.66
20,technician,single,university.degree,no,no,no,cellular,may,mon,5,999,0,nonexistent,-1.8,92.893,-46.2,1.354,5099.1,yes,0,-1,0.66
60,retired,married,basic.9y,unknown,no,no,cellular,aug,wed,3,999,0,nonexistent,1.4,93.444,-36.1,4.965,5228.1,yes,0,-1,0.66
32,unknown,unknown,university.degree,no,no,no,telephone,may,fri,4,999,0,nonexistent,1.1,93.994,-36.4,4.855,5191.0,yes,0,-1,0.66
33,admin.,single,university.degree,unknown,no,yes,cellular,apr,fri,1,999,0,nonexistent,-1.8,93.075,-47.1,1.405,5099.1,yes,0,-1,0.66
40,blue-collar,married,basic.6y,no,yes,no,cellular,nov,wed,1,999,0,nonexistent,-0.1,93.2,-42.0,4.12,5195.8,yes,0,-1,0.66
46,admin.,married,high.school,no,no,yes,cellular,aug,wed,2,999,0,nonexistent,1.4,93.444,-36.1,4.965,5228.1,yes,0,-1,0.66
43,technician,married,university.degree,unknown,unknown,unknown,cellular,may,tue,1,999,1,failure,-1.8,92.893,-46.2,1.291,5099.1,yes,0,-1,0.66
48,blue-collar,married,basic.9y,unknown,no,no,cellular,aug,wed,2,999,0,nonexistent,1.4,93.444,-36.1,4.964,5228.1,yes,0,-1,0.66
40,blue-collar,married,basic.4y,no,no,no,cellular,apr,mon,1,999,0,nonexistent,-1.8,93.075,-47.1,1.405,5099.1,yes,0,-1,0.66
40,entrepreneur,married,university.degree,no,no,no,telephone,may,fri,1,999,0,nonexistent,1.1,93.994,-36.4,4.859,5191.0,yes,0,-1,0.66
32,technician,married,unknown,no,yes,yes,cellular,jul,fri,2,999,0,nonexistent,1.4,93.918,-42.7,4.963,5228.1,yes,0,-1,0.66
43,self-employed,married,basic.9y,no,no,no,telephone,jun,mon,1,999,0,nonexistent,1.4,94.465,-41.8,4.96,5228.1,yes,0,-1,0.66
26,technician,married,basic.9y,unknown,yes,no,telephone,jul,wed,6,999,0,nonexistent,1.4,93.918,-42.7,4.957,5228.1,yes,0,-1,0.66
41,admin.,divorced,high.school,no,no,no,telephone,jun,mon,11,999,0,nonexistent,1.4,94.465,-41.8,4.96,5228.1,yes,0,-1,0.66
55,retired,married,high.school,no,no,no,telephone,may,fri,1,999,0,nonexistent,1.1,93.994,-36.4,4.857,5191.0,yes,0,-1,0.66
54,admin.,single,university.degree,no,no,no,cellular,may,mon,1,999,0,nonexistent,-1.8,92.893,-46.2,1.264,5099.1,yes,0,-1,0.66
33,unemployed,married,basic.4y,no,no,no,cellular,may,mon,1,999,1,failure,-1.8,92.893,-46.2,1.244,5099.1,yes,0,-1,0.66
32,student,single,university.degree,no,yes,no,cellular,apr,mon,4,999,0,nonexistent,-1.8,93.075,-47.1,1.405,5099.1,yes,0,-1,0.66
25,blue-collar,married,basic.4y,no,no,yes,telephone,jul,thu,2,999,0,nonexistent,1.4,93.918,-42.7,4.958,5228.1,yes,0,-1,0.66
56,blue-collar,divorced,basic.9y,no,yes,no,cellular,nov,wed,3,999,0,nonexistent,-0.1,93.2,-42.0,4.12,5195.8,yes,0,-1,0.66
32,services,married,high.school,unknown,no,no,telephone,jun,mon,3,999,0,nonexistent,1.4,94.465,-41.8,4.961,5228.1,yes,0,-1,0.66
46,admin.,single,university.degree,no,yes,no,cellular,may,mon,5,999,1,failure,-1.8,92.893,-46.2,1.244,5099.1,yes,0,-1,0.66
34,services,divorced,high.school,no,yes,yes,cellular,may,fri,2,999,0,nonexistent,-1.8,92.893,-46.2,1.25,5099.1,yes,0,-1,0.66
59,retired,married,university.degree,no,yes,no,cellular,jul,mon,7,999,0,nonexistent,1.4,93.918,-42.7,4.962,5228.1,yes,0,-1,0.66
27,admin.,married,university.degree,no,yes,no,cellular,may,fri,4,999,1,failure,-1.8,92.893,-46.2,1.25,5099.1,yes,0,-1,0.66
35,blue-collar,single,basic.9y,no,no,no,cellular,may,fri,1,999,0,nonexistent,-1.8,92.893,-46.2,1.313,5099.1,yes,0,-1,0.66
30,blue-collar,married,high.school,unknown,yes,no,cellular,jul,mon,3,999,0,nonexistent,1.4,93.918,-42.7,4.962,5228.1,yes,0,-1,0.66
52,management,divorced,university.degree,no,no,no,cellular,may,wed,1,999,1,failure,-1.8,92.893,-46.2,1.334,5099.1,yes,0,-1,0.66
56,retired,married,basic.4y,no,yes,no,cellular,jul,mon,2,999,0,nonexistent,1.4,93.918,-42.7,4.96,5228.1,yes,0,-1,0.66
36,blue-collar,married,basic.9y,no,yes,no,cellular,apr,thu,3,999,2,failure,-1.8,93.075,-47.1,1.435,5099.1,yes,0,-1,0.66
24,student,single,high.school,no,no,no,cellular,may,wed,1,999,1,failure,-1.8,92.893,-46.2,1.281,5099.1,yes,0,-1,0.66
51,blue-collar,married,basic.4y,no,unknown,unknown,telephone,aug,tue,1,999,0,nonexistent,1.4,93.444,-36.1,4.963,5228.1,yes,0,-1,0.66
54,technician,married,professional.course,unknown,yes,no,cellular,aug,tue,2,999,0,nonexistent,1.4,93.444,-36.1,4.963,5228.1,yes,0,-1,0.66
46,blue-collar,single,university.degree,no,no,no,cellular,apr,mon,2,999,0,nonexistent,-1.8,93.075,-47.1,1.405,5099.1,yes,0,-1,0.66
31,blue-collar,single,basic.4y,no,no,no,telephone,jun,thu,3,999,0,nonexistent,1.4,94.465,-41.8,4.866,5228.1,yes,0,-1,0.66
30,admin.,single,university.degree,no,no,no,cellular,nov,mon,1,999,0,nonexistent,-3.4,92.649,-30.1,0.722,5017.5,yes,0,-1,0.66
28,management,single,university.degree,no,no,no,telephone,jun,thu,5,999,0,nonexistent,1.4,94.465,-41.8,4.958,5228.1,yes,0,-1,0.6599228578249654
56,blue-collar,married,basic.4y,unknown,no,no,cellular,jul,tue,1,999,0,nonexistent,1.4,93.918,-42.7,4.961,5228.1,yes,0,-1,0.6598514584083542
29,technician,single,professional.course,no,yes,no,cellular,apr,mon,3,999,0,nonexistent,-1.8,93.075,-47.1,1.466,5099.1,yes,0,-1,0.6598079298782281
48,admin.,divorced,high.school,unknown,yes,yes,cellular,may,mon,1,999,0,nonexistent,-1.8,92.893,-46.2,1.299,5099.1,yes,0,-1,0.6597200033990482
29,self-employed,married,university.degree,no,no,no,cellular,mar,wed,2,999,0,nonexistent,-1.8,92.843,-50.0,1.663,5099.1,yes,0,-1,0.659712780421482
32,management,single,university.degree,no,no,no,cellular,jun,mon,2,3,1,success,-2.9,92.963,-40.8,1.281,5076.2,yes,1,3,0.6581425244248844
32,management,single,university.degree,no,no,no,cellular,jun,mon,2,3,1,success,-2.9,92.963,-40.8,1.281,5076.2,no,1,3,0.6581425244248844
30,self-employed,single,university.degree,no,yes,no,cellular,apr,thu,1,999,0,nonexistent,-1.8,93.075,-47.1,1.435,5099.1,no,0,-1,0.658080736683369
30,self-employed,single,university.degree,no,yes,no,cellular,apr,thu,1,999,0,nonexistent,-1.8,93.075,-47.1,1.435,5099.1,yes,0,-1,0.658080736683369
33,services,married,high.school,no,yes,no,cellular,may,wed,1,999,1,failure,-1.8,92.893,-46.2,1.281,5099.1,yes,0,-1,0.6575013484254658
25,services,married,high.school,no,no,no,cellular,jul,tue,2,999,0,nonexistent,1.4,93.918,-42.7,4.962,5228.1,yes,0,-1,0.6575
20,student,single,basic.4y,no,yes,yes,cellular,apr,tue,1,999,1,failure,-1.8,93.749,-34.6,0.644,5008.7,yes,0,-1,0.6575
17,student,single,basic.9y,no,unknown,unknown,cellular,aug,fri,2,999,1,failure,-2.9,92.201,-31.4,0.869,5076.2,yes,0,-1,0.6575
55,unemployed,married,basic.9y,no,no,yes,cellular,may,mon,1,999,0,nonexistent,-1.8,92.893,-46.2,1.264,5099.1,yes,0,-1,0.6575
39,admin.,married,university.degree,no,no,no,cellular,may,tue,3,999,0,nonexistent,-1.8,92.893,-46.2,1.291,5099.1,yes,0,-1,0.6575
22,blue-collar,single,basic.6y,unknown,no,yes,telephone,may,fri,1,999,0,nonexistent,1.1,93.994,-36.4,4.857,5191.0,yes,0,-1,0.6575
44,management,single,high.school,no,yes,no,cellular,may,mon,1,999,0,nonexistent,-1.8,92.893,-46.2,1.244,5099.1,yes,0,-1,0.6575
39,blue-collar,married,basic.6y,unknown,no,no,cellular,may,mon,2,999,0,nonexistent,-1.8,92.893,-46.2,1.299,5099.1,yes,0,-1,0.6575
55,admin.,married,high.school,no,yes,no,cellular,jul,mon,1,999,0,nonexistent,1.4,93.918,-42.7,4.962,5228.1,yes,0,-1,0.6575
42,blue-collar,married,basic.6y,unknown,no,no,telephone,jun,fri,2,999,0,nonexistent,1.4,94.465,-41.8,4.959,5228.1,yes,0,-1,0.6575
33,services,married,high.school,no,no,no,cellular,aug,thu,1,999,0,nonexistent,-2.9,92.201,-31.4,0.873,5076.2,yes,0,-1,0.6575
28,technician,single,university.degree,no,yes,no,cellular,mar,mon,3,999,0,nonexistent,-1.8,92.843,-50.0,1.811,5099.1,yes,0,-1,0.6575
31,technician,married,university.degree,no,yes,yes,cellular,jul,mon,5,999,0,nonexistent,1.4,93.918,-42.7,4.96,5228.1,yes,0,-1,0.6575
58,retired,married,basic.9y,unknown,yes,no,telephone,may,thu,3,999,0,nonexistent,1.1,93.994,-36.4,4.86,5191.0,yes,0,-1,0.6575
35,technician,single,unknown,no,no,no,cellular,may,thu,1,999,1,failure,-1.8,92.893,-46.2,1.266,5099.1,yes,0,-1,0.6575
51,unemployed,married,professional.course,unknown,yes,yes,cellular,jul,thu,1,999,0,nonexistent,1.4,93.918,-42.7,4.963,5228.1,yes,0,-1,0.6575
38,blue-collar,single,basic.9y,no,no,no,cellular,may,wed,2,999,1,failure,-1.8,92.893,-46.2,1.281,5099.1,yes,0,-1,0.6575
39,services,married,high.school,unknown,yes,no,telephone,may,tue,1,999,0,nonexistent,1.1,93.994,-36.4,4.857,5191.0,yes,0,-1,0.6575
47,blue-collar,married,unknown,unknown,no,no,telephone,may,tue,1,999,0,nonexistent,1.1,93.994,-36.4,4.856,5191.0,yes,0,-1,0.6575
31,technician,married,professional.course,no,no,yes,telephone,jun,fri,6,999,0,nonexistent,1.4,94.465,-41.8,4.959,5228.1,yes,0,-1,0.6575
46,technician,divorced,professional.course,no,yes,no,cellular,may,mon,1,999,0,nonexistent,-1.8,92.893,-46.2,1.244,5099.1,yes,0,-1,0.6575
36,admin.,single,professional.course,no,yes,yes,telephone,may,wed,4,999,0,nonexistent,1.1,93.994,-36.4,4.858,5191.0,yes,0,-1,0.6575
33,housemaid,married,basic.9y,no,no,no,cellular,jul,tue,4,999,0,nonexistent,1.4,93.918,-42.7,4.961,5228.1,yes,0,-1,0.6575
37,admin.,single,high.school,no,yes,no,cellular,nov,thu,1,999,0,nonexistent,-0.1,93.2,-42.0,4.076,5195.8,yes,0,-1,0.6575
47,admin.,married,high.school,no,yes,no,cellular,apr,wed,2,999,1,failure,-1.8,93.075,-47.1,1.415,5099.1,yes,0,-1,0.6575
35,blue-collar,married,basic.9y,no,no,no,telephone,jul,mon,3,999,0,nonexistent,1.4,93.918,-42.7,4.96,5228.1,yes,0,-1,0.6575
33,retired,married,high.school,no,yes,no,cellular,may,tue,3,999,0,nonexistent,-1.8,92.893,-46.2,1.344,5099.1,yes,0,-1,0.6575
35,services,married,high.school,no,no,no,telephone,may,fri,5,999,0,nonexistent,1.1,93.994,-36.4,4.857,5191.0,yes,0,-1,0.6575
50,technician,married,high.school,no,yes,no,telephone,may,thu,1,999,0,nonexistent,1.1,93.994,-36.4,4.855,5191.0,yes,0,-1,0.6575
40,services,married,high.school,no,no,yes,telephone,may,fri,3,999,0,nonexistent,1.1,93.994,-36.4,4.864,5191.0,yes,0,-1,0.6575
44,entrepreneur,married,basic.6y,unknown,no,no,cellular,jul,mon,3,999,0,nonexistent,1.4,93.918,-42.7,4.96,5228.1,yes,0,-1,0.6575
32,admin.,married,high.school,no,yes,no,cellular,may,mon,1,999,0,nonexistent,-1.8,92.893,-46.2,1.299,5099.1,yes,0,-1,0.657438694386384
46,housemaid,married,high.school,no,yes,no,cellular,aug,fri,1,999,0,nonexistent,-2.9,92.201,-31.4,0.881,5076.2,no,0,-1,0.6574218404517004
46,housemaid,married,high.school,no,yes,no,cellular,aug,fri,1,999,0,nonexistent,-2.9,92.201,-31.4,0.881,5076.2,yes,0,-1,0.6574218404517004
59,retired,divorced,university.degree,no,no,no,telephone,jun,mon,6,999,0,nonexistent,1.4,94.465,-41.8,4.865,5228.1,yes,0,-1,0.6573802956177787
30,admin.,married,high.school,unknown,yes,no,cellular,apr,thu,1,999,0,nonexistent,-1.8,93.075,-47.1,1.41,5099.1,yes,0,-1,0.6573502656939566
27,admin.,single,university.degree,no,yes,no,cellular,aug,wed,2,999,0,nonexistent,-2.9,92.201,-31.4,0.879,5076.2,no,0,-1,0.6572573429788444
27,admin.,single,university.degree,no,yes,no,cellular,aug,wed,2,999,0,nonexistent,-2.9,92.201,-31.4,0.879,5076.2,yes,0,-1,0.6572573429788444
36,technician,married,basic.4y,no,no,no,cellular,jul,mon,1,999,0,nonexistent,1.4,93.918,-42.7,4.96,5228.1,yes,0,-1,0.6572221885015053
28,services,single,professional.course,no,yes,no,cellular,may,thu,2,999,0,nonexistent,-1.8,92.893,-46.2,1.266,5099.1,yes,0,-1,0.6572200033990483
28,technician,single,high.school,no,yes,no,cellular,may,wed,2,999,0,nonexistent,-1.8,92.893,-46.2,1.334,5099.1,yes,0,-1,0.6572189108478197
29,admin.,single,high.school,no,no,no,cellular,jul,fri,1,999,0,nonexistent,1.4,93.918,-42.7,4.957,5228.1,yes,0,-1,0.6570011256092496
51,admin.,married,high.school,no,yes,yes,cellular,may,fri,4,999,0,nonexistent,-1.8,92.893,-46.2,1.25,5099.1,yes,0,-1,0.6567194693053378
44,admin.,married,high.school,no,no,no,cellular,jul,wed,1,999,0,nonexistent,1.4,93.918,-42.7,4.962,5228.1,yes,0,-1,0.656645333092616
45,blue-collar,married,basic.4y,unknown,yes,no,cellular,aug,fri,1,999,0,nonexistent,1.4,93.444,-36.1,4.966,5228.1,yes,0,-1,0.6562582810827645
30,services,married,high.school,no,yes,no,cellular,jul,fri,1,999,0,nonexistent,1.4,93.918,-42.7,4.963,5228.1,yes,0,-1,0.6559003899200095
29,services,single,high.school,no,no,no,cellular,may,thu,2,999,1,failure,-1.8,92.893,-46.2,1.266,5099.1,yes,0,-1,0.655
55,technician,married,university.degree,no,yes,yes,cellular,may,thu,2,999,1,failure,-1.8,92.893,-46.2,1.327,5099.1,yes,0,-1,0.655
48,admin.,divorced,high.school,no,yes,yes,telephone,jun,wed,2,999,0,nonexistent,1.4,94.465,-41.8,4.959,5228.1,yes,0,-1,0.655
34,services,single,high.school,no,no,no,cellular,may,thu,2,999,0,nonexistent,-1.8,92.893,-46.2,1.327,5099.1,yes,0,-1,0.655
41,technician,married,high.school,no,yes,no,telephone,may,wed,1,999,0,nonexistent,1.1,93.994,-36.4,4.859,5191.0,yes,0,-1,0.655
38,blue-collar,married,basic.6y,unknown,yes,no,telephone,may,wed,1,999,0,nonexistent,1.1,93.994,-36.4,4.859,5191.0,yes,0,-1,0.655
45,admin.,married,university.degree,no,yes,yes,cellular,may,tue,1,999,0,nonexistent,-1.8,92.893,-46.2,1.291,5099.1,yes,0,-1,0.655
38,technician,married,professional.course,unknown,no,no,cellular,nov,wed,1,999,0,nonexistent,-0.1,93.2,-42.0,4.12,5195.8,yes,0,-1,0.655
30,admin.,single,high.school,no,yes,no,cellular,jul,tue,2,999,0,nonexistent,1.4,93.918,-42.7,4.961,5228.1,yes,0,-1,0.655
37,technician,divorced,professional.course,unknown,yes,no,cellular,jul,mon,5,999,0,nonexistent,1.4,93.918,-42.7,4.96,5228.1,yes,0,-1,0.655
42,management,married,university.degree,no,no,yes,telephone,jul,tue,2,999,0,nonexistent,1.4,93.918,-42.7,4.955,5228.1,yes,0,-1,0.655
51,entrepreneur,single,basic.9y,no,yes,no,cellular,may,wed,3,999,0,nonexistent,-1.8,92.893,-46.2,1.334,5099.1,yes,0,-1,0.655
34,admin.,single,high.school,no,yes,yes,cellular,apr,tue,2,999,0,nonexistent,-1.8,93.075,-47.1,1.453,5099.1,yes,0,-1,0.655
43,blue-collar,married,basic.9y,unknown,no,no,cellular,apr,tue,1,999,1,failure,-1.8,93.075,-47.1,1.453,5099.1,yes,0,-1,0.655
56,blue-collar,married,basic.9y,no,yes,no,cellular,nov,thu,1,999,1,failure,-0.1,93.2,-42.0,4.076,5195.8,yes,0,-1,0.655
24,blue-collar,single,basic.9y,no,yes,no,cellular,jul,fri,5,999,0,nonexistent,1.4,93.918,-42.7,4.957,5228.1,yes,0,-1,0.655
56,blue-collar,married,basic.4y,no,yes,no,cellular,jul,fri,1,999,0,nonexistent,1.4,93.918,-42.7,4.957,5228.1,yes,0,-1,0.655
48,admin.,married,university.degree,no,yes,no,telephone,jun,fri,3,999,0,nonexistent,-2.9,92.963,-40.8,1.268,5076.2,yes,0,-1,0.655
46,admin.,married,university.degree,no,unknown,unknown,cellular,dec,fri,10,999,0,nonexistent,-3.0,92.713,-33.0,0.718,5023.5,yes,0,-1,0.655
28,technician,single,professional.course,no,yes,no,cellular,jul,mon,3,999,0,nonexistent,1.4,93.918,-42.7,4.96,5228.1,yes,0,-1,0.655
33,blue-collar,single,basic.9y,unknown,no,yes,telephone,may,mon,11,999,0,nonexistent,1.1,93.994,-36.4,4.857,5191.0,yes,0,-1,0.655
31,technician,single,university.degree,no,yes,no,cellular,nov,mon,1,999,0,nonexistent,-0.1,93.2,-42.0,4.191,5195.8,yes,0,-1,0.655
35,housemaid,married,basic.4y,no,no,no,telephone,may,thu,3,999,0,nonexistent,1.1,93.994,-36.4,4.86,5191.0,yes,0,-1,0.655
50,blue-collar,married,basic.9y,no,yes,no,telephone,may,thu,3,999,0,nonexistent,1.1,93.994,-36.4,4.86,5191.0,yes,0,-1,0.655
31,technician,single,university.degree,no,yes,no,cellular,aug,tue,9,999,0,nonexistent,1.4,93.444,-36.1,4.963,5228.1,yes,0,-1,0.655
31,housemaid,married,basic.6y,no,yes,yes,telephone,aug,thu,1,999,0,nonexistent,1.4,93.444,-36.1,4.964,5228.1,yes,0,-1,0.655
47,blue-collar,married,unknown,unknown,no,no,telephone,aug,thu,13,999,0,nonexistent,1.4,93.444,-36.1,4.964,5228.1,yes,0,-1,0.655
70,retired,divorced,university.degree,no,yes,no,cellular,sep,fri,1,999,0,nonexistent,-3.4,92.379,-29.8,0.741,5017.5,yes,0,-1,0.655
36,admin.,single,university.degree,no,yes,no,cellular,apr,thu,4,999,1,failure,-1.8,93.075,-47.1,1.435,5099.1,yes,0,-1,0.655
51,management,married,university.degree,unknown,no,no,cellular,jul,thu,2,999,0,nonexistent,1.4,93.918,-42.7,4.962,5228.1,yes,0,-1,0.655
31,unemployed,divorced,basic.4y,no,yes,no,telephone,jun,tue,1,999,0,nonexistent,1.4,94.465,-41.8,4.864,5228.1,yes,0,-1,0.655
60,retired,married,basic.4y,unknown,yes,no,cellular,apr,fri,2,999,0,nonexistent,-1.8,93.075,-47.1,1.405,5099.1,yes,0,-1,0.655
25,admin.,married,university.degree,no,unknown,unknown,cellular,may,mon,7,999,0,nonexistent,-1.8,92.893,-46.2,1.264,5099.1,yes,0,-1,0.655
37,technician,divorced,high.school,no,no,no,cellular,nov,fri,1,999,1,failure,-0.1,93.2,-42.0,4.021,5195.8,yes,0,-1,0.655
28,entrepreneur,married,basic.9y,no,no,no,telephone,may,mon,3,999,0,nonexistent,1.1,93.994,-36.4,4.857,5191.0,yes,0,-1,0.655
37,admin.,divorced,university.degree,no,no,yes,cellular,nov,fri,1,999,0,nonexistent,-0.1,93.2,-42.0,4.223,5195.8,yes,0,-1,0.655
29,management,single,basic.9y,no,no,yes,cellular,jul,fri,1,999,0,nonexistent,1.4,93.918,-42.7,4.957,5228.1,yes,0,-1,0.655
51,blue-collar,married,basic.9y,no,no,yes,telephone,may,fri,1,999,0,nonexistent,1.1,93.994,-36.4,4.855,5191.0,yes,0,-1,0.655
55,services,married,high.school,no,yes,yes,cellular,apr,mon,1,999,0,nonexistent,-1.8,93.075,-47.1,1.405,5099.1,yes,0,-1,0.655
26,student,single,high.school,no,no,no,cellular,may,mon,3,999,1,failure,-1.8,92.893,-46.2,1.354,5099.1,yes,0,-1,0.655
81,retired,married,basic.4y,no,no,no,cellular,may,mon,2,999,0,nonexistent,-1.8,92.893,-46.2,1.354,5099.1,yes,0,-1,0.655
41,blue-collar,married,basic.6y,no,no,no,cellular,may,tue,4,999,0,nonexistent,-1.8,92.893,-46.2,1.291,5099.1,yes,0,-1,0.655
39,housemaid,divorced,basic.9y,no,no,no,cellular,jul,thu,1,999,0,nonexistent,1.4,93.918,-42.7,4.958,5228.1,yes,0,-1,0.655
50,technician,married,professional.course,no,yes,no,telephone,may,fri,2,999,0,nonexistent,1.1,93.994,-36.4,4.864,5191.0,yes,0,-1,0.655
24,admin.,single,university.degree,no,yes,no,cellular,aug,thu,1,999,0,nonexistent,-2.9,92.201,-31.4,0.851,5076.2,yes,0,-1,0.6547479064368233
36,admin.,single,university.degree,unknown,yes,no,cellular,may,wed,1,999,0,nonexistent,-1.8,92.893,-46.2,1.334,5099.1,yes,0,-1,0.6547221885015052
40,blue-collar,married,professional.course,no,yes,yes,cellular,jul,mon,1,999,0,nonexistent,1.4,93.918,-42.7,4.962,5228.1,yes,0,-1,0.6547188501505292
28,technician,married,professional.course,no,no,no,cellular,may,wed,1,999,0,nonexistent,-1.8,92.893,-46.2,1.334,5099.1,yes,0,-1,0.6546386782738931
62,retired,married,professional.course,no,yes,yes,cellular,aug,fri,2,999,1,failure,-2.9,92.201,-31.4,0.825,5076.2,yes,0,-1,0.6544999453731017
30,admin.,married,university.degree,no,yes,no,cellular,apr,thu,3,999,0,nonexistent,-1.8,93.075,-47.1,1.483,5099.1,no,0,-1,0.6544871832690844
30,admin.,married,university.degree,no,yes,no,cellular,apr,thu,3,999,0,nonexistent,-1.8,93.075,-47.1,1.483,5099.1,yes,0,-1,0.6544871832690844
32,services,married,high.school,no,yes,no,telephone,may,wed,2,999,0,nonexistent,-1.8,92.893,-46.2,1.27,5099.1,yes,0,-1,0.6539082274908233
29,technician,single,professional.course,no,no,no,cellular,nov,fri,1,999,1,failure,-0.1,93.2,-42.0,4.021,5195.8,yes,0,-1,0.6538705009889597
52,technician,married,professional.course,no,yes,no,cellular,nov,fri,1,999,1,failure,-3.4,92.649,-30.1,0.714,5017.5,no,0,-1,0.6538098482029998
52,technician,married,professional.course,no,yes,no,cellular,nov,fri,1,999,1,failure,-3.4,92.649,-30.1,0.714,5017.5,yes,0,-1,0.6538098482029998
50,blue-collar,married,professional.course,unknown,no,no,cellular,nov,thu,1,999,0,nonexistent,-0.1,93.2,-42.0,4.076,5195.8,yes,0,-1,0.653527056723122
51,admin.,married,university.degree,no,yes,no,cellular,jul,wed,3,999,0,nonexistent,1.4,93.918,-42.7,4.962,5228.1,yes,0,-1,0.6535035383479343
40,blue-collar,married,basic.4y,unknown,no,no,cellular,jul,thu,1,999,0,nonexistent,1.4,93.918,-42.7,4.963,5228.1,yes,0,-1,0.6529522882915719
52,admin.,married,unknown,no,yes,no,cellular,aug,tue,1,999,0,nonexistent,1.4,93.444,-36.1,4.968,5228.1,yes,0,-1,0.652633681210297
51,blue-collar,married,basic.9y,unknown,no,no,cellular,may,fri,1,999,1,failure,-1.8,92.893,-46.2,1.25,5099.1,yes,0,-1,0.6525
32,services,married,high.school,unknown,yes,no,cellular,may,mon,2,999,0,nonexistent,-1.8,92.893,-46.2,1.244,5099.1,yes,0,-1,0.6525
42,admin.,married,university.degree,no,no,yes,cellular,nov,fri,1,999,0,nonexistent,-0.1,93.2,-42.0,4.021,5195.8,yes,0,-1,0.6525
30,admin.,married,university.degree,no,no,no,telephone,aug,wed,3,999,0,nonexistent,1.4,93.444,-36.1,4.964,5228.1,yes,0,-1,0.6525
50,technician,married,high.school,no,yes,no,telephone,may,fri,3,999,0,nonexistent,1.1,93.994,-36.4,4.857,5191.0,yes,0,-1,0.6525
36,services,single,high.school,no,yes,no,cellular,jul,fri,1,999,0,nonexistent,1.4,93.918,-42.7,4.962,5228.1,yes,0,-1,0.6525
39,admin.,married,university.degree,no,yes,no,telephone,may,thu,1,999,0,nonexistent,1.1,93.994,-36.4,4.86,5191.0,yes,0,-1,0.6525
29,management,married,university.degree,no,yes,no,cellular,may,wed,4,999,1,failure,-1.8,92.893,-46.2,1.27,5099.1,yes,0,-1,0.6525
49,blue-collar,married,basic.6y,unknown,no,no,cellular,may,tue,1,999,1,failure,-1.8,92.893,-46.2,1.344,5099.1,yes,0,-1,0.6525
55,unknown,married,basic.4y,no,yes,no,cellular,jul,thu,1,999,0,nonexistent,1.4,93.918,-42.7,4.962,5228.1,yes,0,-1,0.6525
58,retired,married,high.school,no,no,no,cellular,nov,thu,1,999,0,nonexistent,-0.1,93.2,-42.0,4.076,5195.8,yes,0,-1,0.6525
37,blue-collar,married,basic.4y,unknown,yes,no,telephone,may,wed,2,999,0,nonexistent,1.1,93.994,-36.4,4.859,5191.0,yes,0,-1,0.6525
29,self-employed,married,professional.course,unknown,yes,yes,cellular,jul,wed,2,999,0,nonexistent,1.4,93.918,-42.7,4.963,5228.1,yes,0,-1,0.6525
33,blue-collar,married,basic.9y,unknown,no,no,cellular,may,thu,2,999,0,nonexistent,-1.8,92.893,-46.2,1.266,5099.1,yes,0,-1,0.6525
48,admin.,divorced,basic.9y,no,no,no,cellular,jul,tue,4,999,0,nonexistent,1.4,93.918,-42.7,4.961,5228.1,yes,0,-1,0.6525
34,technician,single,university.degree,no,no,yes,cellular,jul,tue,1,999,0,nonexistent,1.4,93.918,-42.7,4.962,5228.1,yes,0,-1,0.6525
37,admin.,married,high.school,no,yes,yes,telephone,jul,wed,2,999,0,nonexistent,1.4,93.918,-42.7,4.963,5228.1,yes,0,-1,0.6525
28,blue-collar,divorced,high.school,no,no,no,cellular,may,thu,1,999,2,failure,-1.8,92.893,-46.2,1.266,5099.1,yes,0,-1,0.6525
40,technician,married,basic.9y,unknown,yes,no,telephone,may,thu,1,999,0,nonexistent,1.1,93.994,-36.4,4.86,5191.0,yes,0,-1,0.6525
33,unemployed,divorced,basic.9y,no,no,no,telephone,may,wed,2,999,0,nonexistent,1.1,93.994,-36.4,4.859,5191.0,yes,0,-1,0.6525
35,management,divorced,university.degree,no,no,no,cellular,aug,mon,3,999,0,nonexistent,1.4,93.444,-36.1,4.965,5228.1,yes,0,-1,0.6525
35,technician,married,university.degree,no,yes,yes,telephone,may,fri,2,999,0,nonexistent,-1.8,92.893,-46.2,1.259,5099.1,yes,0,-1,0.6525
55,blue-collar,married,basic.9y,unknown,no,yes,cellular,may,tue,7,999,0,nonexistent,-1.8,92.893,-46.2,1.291,5099.1,yes,0,-1,0.6525
33,admin.,single,university.degree,no,yes,yes,cellular,may,fri,3,999,1,failure,-1.8,92.893,-46.2,1.313,5099.1,yes,0,-1,0.6525
35,entrepreneur,married,high.school,no,yes,no,cellular,nov,thu,2,999,0,nonexistent,-0.1,93.2,-42.0,4.076,5195.8,yes,0,-1,0.6525
38,admin.,single,university.degree,no,no,yes,telephone,jun,wed,1,999,0,nonexistent,1.4,94.465,-41.8,4.864,5228.1,yes,0,-1,0.6525
52,management,married,university.degree,no,unknown,unknown,cellular,nov,tue,1,999,0,nonexistent,-0.1,93.2,-42.0,4.153,5195.8,yes,0,-1,0.6525
21,blue-collar,married,basic.9y,no,yes,no,cellular,jul,wed,6,999,0,nonexistent,1.4,93.918,-42.7,4.963,5228.1,yes,0,-1,0.6525
46,services,married,high.school,unknown,no,no,cellular,may,wed,1,999,1,failure,-1.8,92.893,-46.2,1.334,5099.1,yes,0,-1,0.6525
49,self-employed,divorced,university.degree,no,yes,no,cellular,jul,wed,2,999,0,nonexistent,1.4,93.918,-42.7,4.963,5228.1,yes,0,-1,0.6525
32,admin.,married,university.degree,no,no,no,telephone,jun,wed,2,999,0,nonexistent,1.4,94.465,-41.8,4.864,5228.1,yes,0,-1,0.6525
40,services,married,high.school,no,no,no,cellular,apr,thu,1,999,0,nonexistent,-1.8,93.075,-47.1,1.41,5099.1,yes,0,-1,0.6525
44,entrepreneur,married,basic.4y,unknown,no,no,telephone,may,wed,2,999,0,nonexistent,1.1,93.994,-36.4,4.856,5191.0,yes,0,-1,0.6525
37,unemployed,single,basic.9y,unknown,yes,yes,cellular,jul,wed,1,999,0,nonexistent,1.4,93.918,-42.7,4.963,5228.1,yes,0,-1,0.6525
27,technician,married,professional.course,no,no,no,cellular,may,thu,2,999,1,failure,-1.8,92.893,-46.2,1.327,5099.1,yes,0,-1,0.6525
38,admin.,married,high.school,no,yes,yes,cellular,may,thu,1,999,0,nonexistent,-1.8,92.893,-46.2,1.327,5099.1,yes,0,-1,0.6525
38,technician,married,professional.course,unknown,no,no,cellular,apr,fri,1,999,2,failure,-1.8,93.075,-47.1,1.405,5099.1,yes,0,-1,0.6525
35,student,single,university.degree,unknown,yes,yes,telephone,jun,mon,2,999,0,nonexistent,1.4,94.465,-41.8,4.865,5228.1,yes,0,-1,0.6525
39,technician,divorced,professional.course,unknown,yes,no,cellular,aug,mon,5,999,0,nonexistent,1.4,93.444,-36.1,4.965,5228.1,yes,0,-1,0.6525
33,technician,married,professional.course,no,no,no,cellular,aug,fri,7,999,0,nonexistent,1.4,93.444,-36.1,4.966,5228.1,yes,0,-1,0.6525
50,blue-collar,married,basic.6y,no,no,no,cellular,aug,fri,3,999,0,nonexistent,1.4,93.444,-36.1,4.966,5228.1,yes,0,-1,0.6525
51,blue-collar,married,basic.4y,no,yes,no,cellular,may,wed,2,999,0,nonexistent,-1.8,92.893,-46.2,1.281,5099.1,yes,0,-1,0.6525
33,services,married,high.school,unknown,no,no,telephone,may,fri,3,999,0,nonexistent,1.1,93.994,-36.4,4.855,5191.0,yes,0,-1,0.6525
30,blue-collar,single,basic.9y,no,no,yes,cellular,jul,mon,11,999,0,nonexistent,1.4,93.918,-42.7,4.96,5228.1,yes,0,-1,0.6525
34,services,married,high.school,no,no,no,telephone,may,thu,2,999,0,nonexistent,1.1,93.994,-36.4,4.86,5191.0,yes,0,-1,0.6525
43,admin.,married,high.school,no,no,no,cellular,jul,mon,2,999,0,nonexistent,1.4,93.918,-42.7,4.96,5228.1,yes,0,-1,0.6525
52,services,married,high.school,unknown,unknown,unknown,telephone,may,fri,2,999,0,nonexistent,1.1,93.994,-36.4,4.864,5191.0,yes,0,-1,0.6525
42,services,married,professional.course,no,yes,no,telephone,may,thu,1,999,0,nonexistent,1.1,93.994,-36.4,4.855,5191.0,yes,0,-1,0.6525
50,admin.,married,university.degree,no,yes,no,cellular,aug,wed,5,999,0,nonexistent,1.4,93.444,-36.1,4.965,5228.1,yes,0,-1,0.6525
57,admin.,married,university.degree,unknown,no,no,cellular,aug,wed,4,999,0,nonexistent,1.4,93.444,-36.1,4.965,5228.1,yes,0,-1,0.6525
40,admin.,single,university.degree,no,no,no,telephone,jun,mon,2,999,0,nonexistent,1.4,94.465,-41.8,4.958,5228.1,yes,0,-1,0.6525
41,admin.,single,high.school,no,yes,no,telephone,nov,thu,1,999,0,nonexistent,-0.1,93.2,-42.0,4.592,5195.8,yes,0,-1,0.6525
44,blue-collar,single,basic.9y,no,yes,no,cellular,may,mon,2,999,1,failure,-1.8,92.893,-46.2,1.244,5099.1,yes,0,-1,0.6525
41,technician,single,professional.course,no,yes,no,telephone,jun,wed,1,999,0,nonexistent,1.4,94.465,-41.8,4.962,5228.1,yes,0,-1,0.6525
31,blue-collar,married,basic.6y,no,no,no,telephone,jun,fri,5,999,0,nonexistent,1.4,94.465,-41.8,4.959,5228.1,yes,0,-1,0.6525
32,admin.,married,university.degree,no,yes,no,cellular,jun,mon,1,999,1,failure,-2.9,92.963,-40.8,1.266,5076.2,yes,0,-1,0.6519871990412899
33,admin.,single,university.degree,no,yes,no,cellular,jun,tue,1,999,0,nonexistent,-2.9,92.963,-40.8,1.262,5076.2,yes,0,-1,0.6519279280372925
29,technician,single,professional.course,no,yes,no,cellular,nov,fri,2,999,0,nonexistent,-0.1,93.2,-42.0,4.021,5195.8,yes,0,-1,0.6518696017517723
34,technician,single,professional.course,no,yes,no,cellular,may,mon,2,999,1,failure,-1.8,92.893,-46.2,1.264,5099.1,yes,0,-1,0.6518170174741859
34,blue-collar,single,unknown,no,no,yes,cellular,jul,fri,1,999,0,nonexistent,1.4,93.918,-42.7,4.962,5228.1,yes,0,-1,0.6517806356352613
24,admin.,single,university.degree,no,yes,no,cellular,apr,thu,3,999,0,nonexistent,-1.8,93.075,-47.1,1.365,5099.1,yes,0,-1,0.6517469677348235
24,admin.,single,university.degree,no,yes,no,cellular,apr,thu,3,999,0,nonexistent,-1.8,93.075,-47.1,1.365,5099.1,no,0,-1,0.6517469677348235
39,admin.,married,basic.6y,unknown,no,no,cellular,jul,wed,1,999,0,nonexistent,1.4,93.918,-42.7,4.963,5228.1,yes,0,-1,0.6514447259907457
24,services,single,high.school,no,no,no,telephone,jun,mon,1,999,0,nonexistent,1.4,94.465,-41.8,4.961,5228.1,yes,0,-1,0.6513694501003221
25,student,single,university.degree,no,no,no,cellular,aug,thu,1,999,0,nonexistent,-2.9,92.201,-31.4,0.851,5076.2,yes,0,-1,0.6511791126064511
25,student,single,university.degree,no,no,no,cellular,aug,thu,1,999,0,nonexistent,-2.9,92.201,-31.4,0.851,5076.2,no,0,-1,0.6511791126064511
43,technician,divorced,basic.9y,no,no,no,cellular,jul,fri,2,999,0,nonexistent,1.4,93.918,-42.7,4.963,5228.1,yes,0,-1,0.6510904771893209
45,management,married,university.degree,no,no,no,cellular,may,thu,1,999,1,failure,-1.8,92.893,-46.2,1.327,5099.1,yes,0,-1,0.65
33,admin.,single,university.degree,no,no,no,cellular,may,mon,1,999,0,nonexistent,-1.8,92.893,-46.2,1.299,5099.1,yes,0,-1,0.65
30,technician,single,university.degree,no,yes,no,cellular,aug,mon,1,999,0,nonexistent,1.4,93.444,-36.1,4.965,5228.1,yes,0,-1,0.65
31,admin.,single,university.degree,no,yes,no,cellular,jul,wed,2,999,0,nonexistent,1.4,93.918,-42.7,4.963,5228.1,yes,0,-1,0.65
30,management,single,high.school,no,no,no,cellular,nov,thu,2,999,0,nonexistent,-0.1,93.2,-42.0,4.076,5195.8,yes,0,-1,0.65
53,management,married,university.degree,no,yes,no,telephone,aug,tue,1,999,0,nonexistent,-1.7,94.027,-38.3,0.904,4991.6,yes,0,-1,0.65
51,blue-collar,married,high.school,no,yes,no,cellular,may,wed,1,999,1,failure,-1.8,92.893,-46.2,1.281,5099.1,yes,0,-1,0.65
33,blue-collar,married,basic.6y,no,no,no,cellular,jul,tue,1,999,0,nonexistent,1.4,93.918,-42.7,4.961,5228.1,yes,0,-1,0.65
27,blue-collar,single,basic.6y,no,no,no,cellular,jul,tue,1,999,0,nonexistent,1.4,93.918,-42.7,4.961,5228.1,yes,0,-1,0.65
45,blue-collar,married,basic.4y,no,no,no,cellular,aug,fri,2,999,0,nonexistent,1.4,93.444,-36.1,4.966,5228.1,yes,0,-1,0.65
30,admin.,single,high.school,no,no,no,telephone,may,wed,2,999,0,nonexistent,1.1,93.994,-36.4,4.858,5191.0,yes,0,-1,0.65
42,self-employed,married,university.degree,no,no,no,cellular,aug,fri,4,999,0,nonexistent,1.4,93.444,-36.1,4.966,5228.1,yes,0,-1,0.65
48,admin.,married,high.school,no,no,no,cellular,nov,wed,4,999,0,nonexistent,-0.1,93.2,-42.0,4.12,5195.8,yes,0,-1,0.65
26,admin.,single,high.school,no,no,no,telephone,may,fri,2,999,0,nonexistent,1.1,93.994,-36.4,4.859,5191.0,yes,0,-1,0.65
55,retired,divorced,basic.4y,unknown,no,no,cellular,may,wed,4,999,1,failure,-1.8,92.893,-46.2,1.281,5099.1,yes,0,-1,0.65
53,admin.,married,university.degree,unknown,no,no,cellular,jul,wed,1,999,0,nonexistent,1.4,93.918,-42.7,4.962,5228.1,yes,0,-1,0.65
39,blue-collar,single,basic.9y,no,no,no,telephone,may,tue,3,999,0,nonexistent,1.1,93.994,-36.4,4.856,5191.0,yes,0,-1,0.65
50,housemaid,married,basic.4y,no,yes,no,telephone,nov,tue,2,999,0,nonexistent,-0.1,93.2,-42.0,4.153,5195.8,yes,0,-1,0.65
57,admin.,divorced,university.degree,unknown,yes,yes,cellular,jul,tue,6,999,0,nonexistent,1.4,93.918,-42.7,4.961,5228.1,yes,0,-1,0.65
45,management,married,professional.course,no,no,no,cellular,nov,thu,1,999,0,nonexistent,-0.1,93.2,-42.0,4.076,5195.8,yes,0,-1,0.65
57,self-employed,married,university.degree,no,no,yes,cellular,jul,thu,2,999,0,nonexistent,1.4,93.918,-42.7,4.962,5228.1,yes,0,-1,0.65
28,blue-collar,single,basic.9y,no,yes,yes,cellular,may,tue,3,999,0,nonexistent,-1.8,92.893,-46.2,1.291,5099.1,yes,0,-1,0.65
47,admin.,single,high.school,no,yes,no,cellular,may,mon,3,999,0,nonexistent,-1.8,92.893,-46.2,1.299,5099.1,yes,0,-1,0.65
31,unemployed,married,university.degree,no,yes,no,cellular,aug,wed,9,999,0,nonexistent,1.4,93.444,-36.1,4.964,5228.1,yes,0,-1,0.65
59,admin.,divorced,high.school,unknown,no,yes,cellular,jul,mon,3,999,0,nonexistent,1.4,93.918,-42.7,4.962,5228.1,yes,0,-1,0.65
51,admin.,divorced,unknown,no,yes,no,telephone,jun,tue,2,999,0,nonexistent,1.4,94.465,-41.8,4.958,5228.1,yes,0,-1,0.65
35,admin.,single,high.school,no,yes,yes,telephone,may,tue,1,999,0,nonexistent,1.1,93.994,-36.4,4.856,5191.0,yes,0,-1,0.65
52,self-employed,married,basic.4y,unknown,no,yes,telephone,jun,fri,2,999,0,nonexistent,1.4,94.465,-41.8,4.967,5228.1,yes,0,-1,0.65
26,student,single,high.school,no,yes,no,cellular,apr,thu,4,999,0,nonexistent,-1.8,93.075,-47.1,1.406,5099.1,yes,0,-1,0.65
42,admin.,single,university.degree,no,yes,yes,telephone,may,wed,1,999,0,nonexistent,1.1,93.994,-36.4,4.858,5191.0,yes,0,-1,0.65
38,technician,married,university.degree,no,yes,no,cellular,aug,mon,6,999,0,nonexistent,1.4,93.444,-36.1,4.965,5228.1,yes,0,-1,0.65
30,blue-collar,married,basic.9y,no,yes,no,cellular,jul,fri,2,999,0,nonexistent,1.4,93.918,-42.7,4.963,5228.1,yes,0,-1,0.65
43,management,married,university.degree,no,no,no,cellular,nov,thu,1,999,0,nonexistent,-0.1,93.2,-42.0,4.076,5195.8,yes,0,-1,0.65
45,blue-collar,married,basic.4y,unknown,no,no,cellular,jul,tue,5,999,0,nonexistent,1.4,93.918,-42.7,4.961,5228.1,yes,0,-1,0.65
45,blue-collar,married,basic.6y,unknown,no,no,telephone,may,tue,6,999,0,nonexistent,1.1,93.994,-36.4,4.857,5191.0,yes,0,-1,0.65
32,admin.,single,university.degree,unknown,no,no,telephone,may,tue,1,999,0,nonexistent,1.1,93.994,-36.4,4.856,5191.0,yes,0,-1,0.65
58,management,divorced,university.degree,no,no,no,cellular,nov,wed,1,5,1,success,-0.1,93.2,-42.0,4.12,5195.8,yes,1,5,0.65
37,entrepreneur,married,university.degree,no,no,no,cellular,nov,tue,1,999,0,nonexistent,-0.1,93.2,-42.0,4.153,5195.8,yes,0,-1,0.65
45,services,married,basic.6y,no,yes,no,cellular,aug,mon,2,999,0,nonexistent,1.4,93.444,-36.1,4.963,5228.1,yes,0,-1,0.65
39,housemaid,married,basic.9y,no,yes,no,telephone,may,mon,3,999,0,nonexistent,1.1,93.994,-36.4,4.857,5191.0,yes,0,-1,0.65
33,blue-collar,married,basic.4y,no,no,yes,cellular,may,wed,2,999,1,failure,-1.8,92.893,-46.2,1.281,5099.1,yes,0,-1,0.65
30,admin.,single,high.school,no,no,no,cellular,may,wed,2,999,1,failure,-1.8,92.893,-46.2,1.281,5099.1,yes,0,-1,0.65
31,management,single,university.degree,no,yes,no,cellular,nov,wed,2,999,0,nonexistent,-0.1,93.2,-42.0,4.12,5195.8,yes,0,-1,0.65
38,blue-collar,married,basic.9y,no,yes,no,cellular,may,wed,5,999,0,nonexistent,-1.8,92.893,-46.2,1.281,5099.1,yes,0,-1,0.65
24,services,single,high.school,no,yes,no,cellular,apr,tue,2,999,0,nonexistent,-1.8,93.075,-47.1,1.423,5099.1,yes,0,-1,0.6498999396884778
31,admin.,married,high.school,no,yes,no,cellular,may,wed,1,999,0,nonexistent,-1.8,92.893,-46.2,1.281,5099.1,yes,0,-1,0.6498850314235628
31,admin.,married,high.school,no,yes,no,cellular,may,wed,1,999,0,nonexistent,-1.8,92.893,-46.2,1.281,5099.1,no,0,-1,0.6498850314235628
35,student,single,university.degree,unknown,no,no,telephone,jun,thu,1,999,0,nonexistent,1.4,94.465,-41.8,4.961,5228.1,yes,0,-1,0.649849583660442
36,blue-collar,single,high.school,no,yes,no,telephone,jun,wed,1,999,0,nonexistent,1.4,94.465,-41.8,4.962,5228.1,yes,0,-1,0.6497200033990482
41,entrepreneur,married,university.degree,no,yes,no,telephone,may,wed,1,999,0,nonexistent,1.1,93.994,-36.4,4.856,5191.0,yes,0,-1,0.6497190322424007
30,blue-collar,single,basic.4y,unknown,no,no,telephone,jun,mon,1,999,0,nonexistent,1.4,94.465,-41.8,4.961,5228.1,yes,0,-1,0.6497170292318151
59,retired,married,basic.9y,unknown,no,no,cellular,jul,fri,3,999,0,nonexistent,1.4,93.918,-42.7,4.962,5228.1,yes,0,-1,0.6497142371564533
31,blue-collar,married,basic.4y,unknown,yes,yes,telephone,jun,thu,3,999,0,nonexistent,1.4,94.465,-41.8,4.955,5228.1,yes,0,-1,0.6497090171894726
41,blue-collar,married,basic.6y,no,yes,no,cellular,may,wed,1,999,0,nonexistent,-1.8,92.893,-46.2,1.334,5099.1,yes,0,-1,0.6494933670797696
36,blue-collar,married,basic.4y,unknown,no,no,cellular,jul,tue,3,999,0,nonexistent,1.4,93.918,-42.7,4.961,5228.1,yes,0,-1,0.6494928769334817
36,services,divorced,high.school,no,no,no,cellular,jul,wed,2,999,0,nonexistent,1.4,93.918,-42.7,4.963,5228.1,yes,0,-1,0.6494892531717312
54,management,married,university.degree,no,yes,no,cellular,apr,tue,1,999,0,nonexistent,-1.8,93.075,-47.1,1.405,5099.1,yes,0,-1,0.649464842218054
54,management,married,university.degree,no,yes,no,cellular,apr,tue,1,999,0,nonexistent,-1.8,93.075,-47.1,1.405,5099.1,no,0,-1,0.649464842218054
34,technician,divorced,university.degree,no,yes,yes,cellular,aug,thu,1,999,0,nonexistent,1.4,93.444,-36.1,4.968,5228.1,yes,0,-1,0.6494420098086822
35,entrepreneur,divorced,university.degree,no,no,no,cellular,apr,mon,1,999,0,nonexistent,-1.8,93.075,-47.1,1.405,5099.1,yes,0,-1,0.6494002774531455
38,admin.,divorced,university.degree,no,no,no,cellular,apr,mon,1,999,0,nonexistent,-1.8,93.075,-47.1,1.392,5099.1,yes,0,-1,0.6492398168095461
38,admin.,divorced,university.degree,no,no,no,cellular,apr,mon,1,999,0,nonexistent,-1.8,93.075,-47.1,1.392,5099.1,no,0,-1,0.6492398168095461
39,self-employed,married,basic.9y,no,yes,no,cellular,may,fri,1,999,0,nonexistent,-1.8,92.893,-46.2,1.25,5099.1,yes,0,-1,0.6492356569280403
42,services,married,high.school,no,no,no,cellular,jul,thu,4,999,0,nonexistent,1.4,93.918,-42.7,4.958,5228.1,yes,0,-1,0.6488272735773564
46,management,married,university.degree,no,no,no,cellular,jul,mon,2,999,0,nonexistent,1.4,93.918,-42.7,4.962,5228.1,yes,0,-1,0.6487214190134051
46,management,married,university.degree,no,no,no,cellular,jul,mon,2,999,0,nonexistent,1.4,93.918,-42.7,4.962,5228.1,no,0,-1,0.6487214190134051
37,admin.,single,high.school,no,no,no,cellular,oct,thu,1,999,0,nonexistent,-1.1,94.601,-49.5,0.987,4963.6,no,0,-1,0.6487181160238231
37,admin.,single,high.school,no,no,no,cellular,oct,thu,1,999,0,nonexistent,-1.1,94.601,-49.5,0.987,4963.6,yes,0,-1,0.6487181160238231
45,services,married,basic.9y,no,no,no,cellular,aug,mon,1,999,0,nonexistent,1.4,93.444,-36.1,4.965,5228.1,yes,0,-1,0.6487123244416515
49,unemployed,married,professional.course,unknown,yes,no,cellular,aug,wed,2,999,0,nonexistent,1.4,93.444,-36.1,4.967,5228.1,yes,0,-1,0.6484720933581847
25,admin.,single,university.degree,no,no,no,cellular,aug,mon,1,999,0,nonexistent,-2.9,92.201,-31.4,0.861,5076.2,yes,0,-1,0.6484641085932665
37,self-employed,single,university.degree,no,yes,no,cellular,apr,thu,1,999,0,nonexistent,-1.8,93.075,-47.1,1.365,5099.1,yes,0,-1,0.6476265115859312
37,self-employed,single,university.degree,no,yes,no,cellular,apr,thu,1,999,0,nonexistent,-1.8,93.075,-47.1,1.365,5099.1,no,0,-1,0.6476265115859312
36,admin.,married,university.degree,no,yes,no,cellular,may,mon,1,999,0,nonexistent,-1.8,92.893,-46.2,1.264,5099.1,yes,0,-1,0.6475
51,blue-collar,married,basic.9y,unknown,yes,no,telephone,may,thu,2,999,0,nonexistent,1.1,93.994,-36.4,4.855,5191.0,yes,0,-1,0.6475
34,technician,single,university.degree,no,no,yes,telephone,sep,fri,1,999,0,nonexistent,-1.1,94.199,-37.5,0.879,4963.6,yes,0,-1,0.6475
56,retired,married,high.school,unknown,yes,no,cellular,aug,thu,1,999,0,nonexistent,1.4,93.444,-36.1,4.968,5228.1,yes,0,-1,0.6475
39,blue-collar,married,basic.9y,no,yes,no,cellular,nov,tue,4,999,1,failure,-0.1,93.2,-42.0,4.153,5195.8,yes,0,-1,0.6475
57,blue-collar,married,unknown,unknown,no,no,telephone,jun,wed,2,999,0,nonexistent,1.4,94.465,-41.8,4.959,5228.1,yes,0,-1,0.6475
44,blue-collar,divorced,basic.6y,unknown,no,no,cellular,may,thu,3,999,0,nonexistent,-1.8,92.893,-46.2,1.327,5099.1,yes,0,-1,0.6475
28,admin.,single,high.school,unknown,no,no,cellular,may,thu,2,999,0,nonexistent,-1.8,92.893,-46.2,1.327,5099.1,yes,0,-1,0.6475
45,housemaid,married,professional.course,unknown,yes,no,telephone,may,tue,2,999,0,nonexistent,1.1,93.994,-36.4,4.857,5191.0,yes,0,-1,0.6475
42,admin.,married,university.degree,no,no,no,cellular,jul,thu,5,999,0,nonexistent,1.4,93.918,-42.7,4.968,5228.1,yes,0,-1,0.6475
28,self-employed,single,university.degree,no,no,no,cellular,may,wed,2,999,0,nonexistent,-1.8,92.893,-46.2,1.334,5099.1,yes,0,-1,0.6475
52,blue-collar,married,basic.4y,no,no,no,telephone,aug,thu,3,999,0,nonexistent,1.4,93.444,-36.1,4.963,5228.1,yes,0,-1,0.6475
35,technician,married,professional.course,no,no,no,cellular,aug,mon,2,999,0,nonexistent,1.4,93.444,-36.1,4.963,5228.1,yes,0,-1,0.6475
37,admin.,married,university.degree,no,no,yes,cellular,aug,thu,3,999,0,nonexistent,1.4,93.444,-36.1,4.963,5228.1,yes,0,-1,0.6475
36,admin.,married,university.degree,no,yes,no,cellular,jul,tue,5,999,0,nonexistent,1.4,93.918,-42.7,4.962,5228.1,yes,0,-1,0.6475
54,retired,married,basic.4y,no,yes,yes,telephone,jul,tue,3,999,0,nonexistent,1.4,93.918,-42.7,4.961,5228.1,yes,0,-1,0.6475
57,housemaid,married,basic.4y,no,no,no,cellular,aug,wed,1,999,0,nonexistent,1.4,93.444,-36.1,4.964,5228.1,yes,0,-1,0.6475
32,blue-collar,married,basic.9y,no,no,no,telephone,may,wed,3,999,0,nonexistent,1.1,93.994,-36.4,4.858,5191.0,yes,0,-1,0.6475
41,technician,married,professional.course,unknown,yes,no,telephone,jun,wed,3,999,0,nonexistent,1.4,94.465,-41.8,4.959,5228.1,yes,0,-1,0.6475
32,blue-collar,married,high.school,no,yes,no,cellular,may,wed,3,999,0,nonexistent,-1.8,92.893,-46.2,1.281,5099.1,yes,0,-1,0.6475
31,technician,single,university.degree,unknown,yes,no,cellular,aug,fri,2,999,0,nonexistent,1.4,93.444,-36.1,4.964,5228.1,yes,0,-1,0.6475
33,blue-collar,married,basic.6y,unknown,yes,yes,telephone,may,fri,2,999,0,nonexistent,1.1,93.994,-36.4,4.855,5191.0,yes,0,-1,0.6475
33,blue-collar,single,basic.6y,no,unknown,unknown,telephone,may,fri,1,999,0,nonexistent,-1.8,92.893,-46.2,1.313,5099.1,yes,0,-1,0.6475
35,management,married,university.degree,no,no,no,cellular,may,thu,3,999,0,nonexistent,-1.8,92.893,-46.2,1.327,5099.1,yes,0,-1,0.6475
24,admin.,single,high.school,no,no,no,telephone,jun,tue,1,999,0,nonexistent,1.4,94.465,-41.8,4.864,5228.1,yes,0,-1,0.6475
24,student,single,high.school,no,no,no,cellular,aug,fri,1,999,0,nonexistent,-2.9,92.201,-31.4,0.849,5076.2,yes,0,-1,0.6475
32,services,married,university.degree,no,no,no,telephone,jul,mon,10,999,0,nonexistent,1.4,93.918,-42.7,4.96,5228.1,yes,0,-1,0.6475
48,technician,married,basic.9y,no,no,yes,cellular,jul,thu,3,999,0,nonexistent,1.4,93.918,-42.7,4.963,5228.1,yes,0,-1,0.6475
29,admin.,single,university.degree,no,no,yes,telephone,jul,mon,8,999,0,nonexistent,1.4,93.918,-42.7,4.96,5228.1,yes,0,-1,0.6475
28,admin.,single,university.degree,no,yes,no,cellular,may,mon,1,999,1,failure,-1.8,92.893,-46.2,1.244,5099.1,yes,0,-1,0.6475
38,blue-collar,married,basic.9y,no,no,no,telephone,jun,fri,3,999,0,nonexistent,1.4,94.465,-41.8,4.959,5228.1,yes,0,-1,0.6475
38,services,single,basic.9y,no,no,yes,cellular,may,tue,1,999,1,failure,-1.8,92.893,-46.2,1.291,5099.1,yes,0,-1,0.6475
35,admin.,married,university.degree,no,yes,no,cellular,may,fri,1,999,0,nonexistent,-1.8,92.893,-46.2,1.313,5099.1,yes,0,-1,0.6475
57,blue-collar,married,professional.course,unknown,yes,no,cellular,jul,mon,4,999,0,nonexistent,1.4,93.918,-42.7,4.96,5228.1,yes,0,-1,0.6475
37,admin.,divorced,basic.9y,no,no,no,telephone,jun,tue,7,999,0,nonexistent,1.4,94.465,-41.8,4.864,5228.1,yes,0,-1,0.6475
56,entrepreneur,married,basic.9y,no,no,yes,cellular,nov,wed,2,999,1,failure,-0.1,93.2,-42.0,4.12,5195.8,yes,0,-1,0.6475
40,self-employed,married,professional.course,no,yes,yes,telephone,jun,fri,2,999,0,nonexistent,1.4,94.465,-41.8,4.959,5228.1,yes,0,-1,0.6475
53,management,married,university.degree,no,yes,no,cellular,nov,thu,2,999,1,failure,-0.1,93.2,-42.0,4.076,5195.8,yes,0,-1,0.6475
27,unemployed,single,university.degree,no,yes,yes,cellular,jul,thu,2,999,0,nonexistent,1.4,93.918,-42.7,4.958,5228.1,yes,0,-1,0.6475
38,technician,married,professional.course,no,yes,no,telephone,jun,mon,2,999,0,nonexistent,1.4,94.465,-41.8,4.961,5228.1,yes,0,-1,0.6475
32,admin.,single,university.degree,no,no,no,telephone,may,fri,3,999,0,nonexistent,1.1,93.994,-36.4,4.857,5191.0,yes,0,-1,0.6475
41,blue-collar,married,basic.6y,no,yes,no,telephone,jun,tue,2,999,0,nonexistent,1.4,94.465,-41.8,4.864,5228.1,yes,0,-1,0.6475
41,entrepreneur,divorced,unknown,no,no,no,cellular,may,fri,2,999,0,nonexistent,-1.8,92.893,-46.2,1.25,5099.1,yes,0,-1,0.6475
48,blue-collar,divorced,professional.course,no,no,no,cellular,nov,mon,1,999,0,nonexistent,-0.1,93.2,-42.0,4.191,5195.8,yes,0,-1,0.6475
40,services,single,high.school,no,no,no,cellular,apr,mon,2,999,0,nonexistent,-1.8,93.075,-47.1,1.405,5099.1,yes,0,-1,0.6475
37,admin.,single,high.school,no,yes,no,cellular,may,fri,5,999,2,failure,-1.8,92.893,-46.2,1.25,5099.1,yes,0,-1,0.6475
31,admin.,married,high.school,no,yes,no,cellular,may,tue,2,999,1,failure,-1.8,92.893,-46.2,1.266,5099.1,yes,0,-1,0.6475
28,blue-collar,married,basic.6y,no,yes,no,cellular,may,thu,4,999,0,nonexistent,-1.8,92.893,-46.2,1.266,5099.1,yes,0,-1,0.6475
35,blue-collar,married,high.school,no,no,no,cellular,nov,mon,2,999,0,nonexistent,-0.1,93.2,-42.0,4.191,5195.8,yes,0,-1,0.6475
44,technician,divorced,professional.course,no,yes,no,cellular,aug,wed,3,999,0,nonexistent,1.4,93.444,-36.1,4.967,5228.1,yes,0,-1,0.6475
27,blue-collar,single,basic.9y,unknown,yes,no,cellular,jul,wed,4,999,0,nonexistent,1.4,93.918,-42.7,4.963,5228.1,yes,0,-1,0.6475
34,housemaid,divorced,high.school,no,no,no,telephone,may,fri,3,999,0,nonexistent,1.1,93.994,-36.4,4.864,5191.0,yes,0,-1,0.6475
50,self-employed,married,university.degree,no,yes,no,cellular,apr,thu,2,999,0,nonexistent,-1.8,93.075,-47.1,1.41,5099.1,yes,0,-1,0.6475
45,management,married,university.degree,no,yes,yes,cellular,nov,mon,1,999,0,nonexistent,-0.1,93.2,-42.0,4.191,5195.8,yes,0,-1,0.6475
23,technician,single,high.school,no,no,yes,cellular,may,thu,1,999,0,nonexistent,-1.8,92.893,-46.2,1.266,5099.1,yes,0,-1,0.6475
50,services,married,basic.4y,unknown,yes,no,telephone,may,wed,1,999,0,nonexistent,1.1,93.994,-36.4,4.857,5191.0,yes,0,-1,0.6475
53,admin.,divorced,university.degree,no,no,no,cellular,aug,tue,1,999,0,nonexistent,1.4,93.444,-36.1,4.966,5228.1,yes,0,-1,0.6472226133825386
54,blue-collar,married,high.school,no,no,no,cellular,jul,thu,1,999,0,nonexistent,1.4,93.918,-42.7,4.963,5228.1,yes,0,-1,0.6472178789938817
31,admin.,married,university.degree,no,yes,no,cellular,oct,tue,1,999,0,nonexistent,-3.4,92.431,-26.9,0.737,5017.5,yes,0,-1,0.6470627012643507
31,admin.,married,university.degree,no,yes,no,cellular,oct,tue,1,999,0,nonexistent,-3.4,92.431,-26.9,0.737,5017.5,no,0,-1,0.6470627012643507
37,admin.,single,university.degree,no,no,no,telephone,nov,wed,1,999,0,nonexistent,-0.1,93.2,-42.0,4.12,5195.8,yes,0,-1,0.646952424576234
55,blue-collar,married,basic.4y,unknown,yes,no,telephone,jun,thu,1,999,0,nonexistent,1.4,94.465,-41.8,4.961,5228.1,yes,0,-1,0.646780286351368
27,admin.,single,high.school,no,yes,no,cellular,may,fri,2,999,0,nonexistent,-1.8,92.893,-46.2,1.313,5099.1,yes,0,-1,0.6467398650356663
29,technician,single,high.school,no,yes,no,cellular,aug,fri,3,999,0,nonexistent,1.4,93.444,-36.1,4.966,5228.1,yes,0,-1,0.6462189521048936
30,services,single,high.school,no,no,no,cellular,jul,wed,3,999,0,nonexistent,1.4,93.918,-42.7,4.962,5228.1,yes,0,-1,0.6457109886864643
54,management,married,university.degree,no,no,yes,cellular,aug,wed,1,999,0,nonexistent,1.4,93.444,-36.1,4.965,5228.1,yes,0,-1,0.645
34,technician,divorced,basic.6y,no,yes,no,cellular,jul,tue,3,999,0,nonexistent,1.4,93.918,-42.7,4.961,5228.1,yes,0,-1,0.645
35,blue-collar,single,basic.9y,no,yes,no,cellular,may,fri,3,999,0,nonexistent,-1.8,92.893,-46.2,1.25,5099.1,yes,0,-1,0.645
48,technician,married,professional.course,no,yes,no,telephone,jul,tue,11,999,0,nonexistent,1.4,93.918,-42.7,4.961,5228.1,yes,0,-1,0.645
45,technician,married,basic.9y,no,no,yes,cellular,may,fri,1,999,0,nonexistent,-1.8,92.893,-46.2,1.313,5099.1,yes,0,-1,0.645
57,technician,married,high.school,unknown,no,no,cellular,aug,fri,1,999,0,nonexistent,1.4,93.444,-36.1,4.966,5228.1,yes,0,-1,0.645
43,services,married,high.school,unknown,yes,no,cellular,may,thu,2,999,0,nonexistent,-1.8,92.893,-46.2,1.266,5099.1,yes,0,-1,0.645
44,management,single,university.degree,unknown,yes,no,telephone,may,mon,4,999,0,nonexistent,1.1,93.994,-36.4,4.857,5191.0,yes,0,-1,0.645
35,technician,married,high.school,no,no,no,telephone,aug,fri,1,999,0,nonexistent,1.4,93.444,-36.1,4.966,5228.1,yes,0,-1,0.645
46,management,married,unknown,no,yes,no,cellular,nov,thu,2,999,0,nonexistent,-0.1,93.2,-42.0,4.076,5195.8,yes,0,-1,0.645
57,retired,married,basic.9y,no,yes,yes,cellular,aug,tue,4,999,0,nonexistent,1.4,93.444,-36.1,4.965,5228.1,yes,0,-1,0.645
54,retired,married,basic.4y,unknown,no,no,telephone,may,wed,1,999,0,nonexistent,1.1,93.994,-36.4,4.857,5191.0,yes,0,-1,0.645
27,admin.,single,high.school,unknown,no,no,telephone,may,fri,1,999,0,nonexistent,1.1,93.994,-36.4,4.864,5191.0,yes,0,-1,0.645
35,technician,married,university.degree,no,yes,no,cellular,aug,wed,1,999,0,nonexistent,1.4,93.444,-36.1,4.965,5228.1,yes,0,-1,0.645
34,admin.,single,high.school,no,no,no,cellular,jun,fri,2,999,0,nonexistent,-2.9,92.963,-40.8,1.268,5076.2,yes,0,-1,0.645
40,admin.,married,university.degree,unknown,no,no,cellular,nov,mon,1,999,0,nonexistent,-0.1,93.2,-42.0,4.191,5195.8,yes,0,-1,0.645
32,unknown,single,professional.course,no,no,no,cellular,jul,thu,1,999,0,nonexistent,1.4,93.918,-42.7,4.963,5228.1,yes,0,-1,0.645
41,unemployed,married,basic.9y,unknown,yes,yes,telephone,may,mon,4,999,0,nonexistent,1.1,93.994,-36.4,4.857,5191.0,yes,0,-1,0.645
31,blue-collar,married,basic.6y,no,no,yes,telephone,may,wed,1,999,0,nonexistent,1.1,93.994,-36.4,4.858,5191.0,yes,0,-1,0.645
42,entrepreneur,married,professional.course,no,yes,no,telephone,jun,fri,5,999,0,nonexistent,1.4,94.465,-41.8,4.959,5228.1,yes,0,-1,0.645
53,technician,married,basic.9y,no,no,no,telephone,jun,mon,6,999,0,nonexistent,1.4,94.465,-41.8,4.947,5228.1,yes,0,-1,0.645
31,admin.,single,high.school,no,yes,no,cellular,may,thu,2,999,0,nonexistent,-1.8,92.893,-46.2,1.266,5099.1,yes,0,-1,0.645
59,unemployed,married,basic.4y,unknown,yes,no,cellular,jul,thu,9,999,0,nonexistent,1.4,93.918,-42.7,4.962,5228.1,yes,0,-1,0.645
26,technician,single,professional.course,no,unknown,unknown,cellular,jul,wed,1,999,0,nonexistent,1.4,93.918,-42.7,4.957,5228.1,yes,0,-1,0.645
29,admin.,married,professional.course,no,yes,no,telephone,jun,wed,4,999,0,nonexistent,1.4,94.465,-41.8,4.959,5228.1,yes,0,-1,0.645
46,blue-collar,divorced,basic.9y,no,no,yes,cellular,apr,wed,1,999,0,nonexistent,-1.8,93.075,-47.1,1.445,5099.1,yes,0,-1,0.645
36,blue-collar,single,high.school,no,no,yes,cellular,may,wed,2,999,1,failure,-1.8,92.893,-46.2,1.334,5099.1,yes,0,-1,0.645
28,admin.,divorced,university.degree,no,yes,no,cellular,may,thu,1,999,0,nonexistent,-1.8,92.893,-46.2,1.327,5099.1,yes,0,-1,0.645
47,admin.,divorced,high.school,no,yes,no,telephone,jun,mon,1,999,0,nonexistent,-1.7,94.055,-39.8,0.711,4991.6,yes,0,-1,0.645
30,technician,married,professional.course,no,yes,yes,cellular,oct,thu,2,999,0,nonexistent,-3.4,92.431,-26.9,0.722,5017.5,yes,0,-1,0.645
50,blue-collar,divorced,basic.4y,no,yes,no,cellular,may,tue,4,999,0,nonexistent,-1.8,92.893,-46.2,1.291,5099.1,yes,0,-1,0.645
46,student,single,unknown,no,yes,no,telephone,jul,fri,4,999,0,nonexistent,1.4,93.918,-42.7,4.962,5228.1,yes,0,-1,0.645
25,blue-collar,married,high.school,unknown,yes,yes,telephone,may,mon,6,999,0,nonexistent,1.1,93.994,-36.4,4.857,5191.0,yes,0,-1,0.645
58,self-employed,married,university.degree,no,no,no,cellular,aug,fri,3,999,0,nonexistent,1.4,93.444,-36.1,4.966,5228.1,yes,0,-1,0.645
20,student,single,high.school,no,yes,no,cellular,apr,thu,1,999,0,nonexistent,-1.8,93.075,-47.1,1.365,5099.1,yes,0,-1,0.645
54,services,married,high.school,no,yes,no,cellular,aug,thu,9,999,0,nonexistent,1.4,93.444,-36.1,4.964,5228.1,yes,0,-1,0.645
27,entrepreneur,married,high.school,no,no,no,cellular,jul,tue,1,999,0,nonexistent,1.4,93.918,-42.7,4.962,5228.1,yes,0,-1,0.6448507769887826
56,admin.,married,basic.9y,no,yes,no,cellular,apr,thu,2,999,0,nonexistent,-1.8,93.075,-47.1,1.41,5099.1,yes,0,-1,0.6448507769887826
33,blue-collar,married,basic.4y,no,no,no,cellular,may,mon,2,999,0,nonexistent,-1.8,92.893,-46.2,1.299,5099.1,yes,0,-1,0.6448499247210819
30,self-employed,single,university.degree,no,yes,no,cellular,sep,tue,1,999,0,nonexistent,-3.4,92.379,-29.8,0.788,5017.5,no,0,-1,0.6447320082140574
30,self-employed,single,university.degree,no,yes,no,cellular,sep,tue,1,999,0,nonexistent,-3.4,92.379,-29.8,0.788,5017.5,yes,0,-1,0.6447320082140574
32,technician,married,basic.9y,no,yes,no,cellular,may,tue,2,999,0,nonexistent,-1.8,92.893,-46.2,1.344,5099.1,yes,0,-1,0.6447281368359716
38,management,married,university.degree,no,yes,no,cellular,may,fri,1,999,0,nonexistent,-1.8,92.893,-46.2,1.313,5099.1,yes,0,-1,0.6447217636204721
29,blue-collar,married,basic.4y,unknown,no,no,cellular,may,tue,1,999,1,failure,-1.8,92.893,-46.2,1.291,5099.1,yes,0,-1,0.6447201247936292
47,self-employed,married,basic.9y,no,yes,no,cellular,jul,wed,6,999,0,nonexistent,1.4,93.918,-42.7,4.963,5228.1,yes,0,-1,0.6447195178207243
37,management,married,high.school,no,yes,no,cellular,jul,mon,1,999,0,nonexistent,1.4,93.918,-42.7,4.96,5228.1,yes,0,-1,0.6447169078372341
26,blue-collar,single,basic.9y,no,no,no,cellular,jul,wed,1,999,0,nonexistent,1.4,93.918,-42.7,4.962,5228.1,yes,0,-1,0.6447166650480721
32,technician,single,university.degree,no,no,no,cellular,aug,tue,3,999,0,nonexistent,1.4,93.444,-36.1,4.966,5228.1,yes,0,-1,0.6447145406429057
36,management,divorced,high.school,no,no,yes,cellular,nov,wed,2,999,0,nonexistent,-0.1,93.2,-42.0,4.12,5195.8,yes,0,-1,0.6447141157618723
42,technician,single,professional.course,no,no,no,cellular,may,wed,2,999,0,nonexistent,-1.8,92.893,-46.2,1.281,5099.1,yes,0,-1,0.6447139336700011
31,technician,single,professional.course,no,no,no,cellular,aug,fri,2,999,0,nonexistent,1.4,93.444,-36.1,4.966,5228.1,yes,0,-1,0.6444945438673068
30,technician,married,high.school,no,no,no,cellular,aug,thu,2,999,0,nonexistent,1.4,93.444,-36.1,4.963,5228.1,yes,0,-1,0.6441981050829283
82,retired,single,basic.4y,no,yes,no,cellular,oct,thu,2,999,0,nonexistent,-3.4,92.431,-26.9,0.722,5017.5,yes,0,-1,0.6439836061529237
82,retired,single,basic.4y,no,yes,no,cellular,oct,thu,2,999,0,nonexistent,-3.4,92.431,-26.9,0.722,5017.5,no,0,-1,0.6439836061529237
33,admin.,single,professional.course,no,yes,no,cellular,may,mon,1,999,0,nonexistent,-1.8,92.893,-46.2,1.244,5099.1,yes,0,-1,0.6439345902945306
37,housemaid,single,university.degree,no,no,no,cellular,may,fri,2,999,0,nonexistent,-1.8,92.893,-46.2,1.259,5099.1,yes,0,-1,0.6438327896545698
43,admin.,married,university.degree,unknown,yes,no,cellular,aug,tue,1,999,0,nonexistent,1.4,93.444,-36.1,4.968,5228.1,yes,0,-1,0.6437582810827646
33,admin.,single,high.school,no,no,no,cellular,oct,mon,1,999,0,nonexistent,-3.4,92.431,-26.9,0.731,5017.5,no,0,-1,0.6437130145379517
33,admin.,single,high.school,no,no,no,cellular,oct,mon,1,999,0,nonexistent,-3.4,92.431,-26.9,0.731,5017.5,yes,0,-1,0.6437130145379517
29,admin.,single,university.degree,no,no,no,cellular,apr,thu,2,999,0,nonexistent,-1.8,93.075,-47.1,1.41,5099.1,no,0,-1,0.6432584893777097
29,admin.,single,university.degree,no,no,no,cellular,apr,thu,2,999,0,nonexistent,-1.8,93.075,-47.1,1.41,5099.1,yes,0,-1,0.6432584893777097
33,blue-collar,married,basic.9y,no,no,no,cellular,may,fri,1,999,0,nonexistent,-1.8,92.893,-46.2,1.313,5099.1,yes,0,-1,0.6432188037077937
33,blue-collar,married,basic.9y,no,no,no,cellular,may,fri,1,999,0,nonexistent,-1.8,92.893,-46.2,1.313,5099.1,no,0,-1,0.6432188037077937
57,technician,married,professional.course,no,yes,no,telephone,may,mon,2,999,0,nonexistent,1.1,93.994,-36.4,4.858,5191.0,yes,0,-1,0.6425
55,technician,married,basic.9y,unknown,yes,no,telephone,may,wed,2,999,0,nonexistent,1.1,93.994,-36.4,4.858,5191.0,yes,0,-1,0.6425
31,admin.,single,university.degree,no,yes,yes,cellular,apr,mon,5,999,1,failure,-1.8,93.075,-47.1,1.405,5099.1,yes,0,-1,0.6425
45,blue-collar,married,basic.9y,unknown,no,no,telephone,jun,fri,3,999,0,nonexistent,1.4,94.465,-41.8,4.959,5228.1,yes,0,-1,0.6425
56,technician,married,unknown,no,no,yes,telephone,jun,fri,4,999,0,nonexistent,1.4,94.465,-41.8,4.959,5228.1,yes,0,-1,0.6425
43,technician,married,professional.course,unknown,no,no,cellular,aug,tue,2,999,0,nonexistent,1.4,93.444,-36.1,4.966,5228.1,yes,0,-1,0.6425
33,technician,single,high.school,no,no,no,cellular,apr,fri,1,999,0,nonexistent,-1.8,93.075,-47.1,1.405,5099.1,yes,0,-1,0.6425
44,admin.,married,basic.9y,unknown,yes,yes,cellular,aug,thu,6,999,0,nonexistent,1.4,93.444,-36.1,4.962,5228.1,yes,0,-1,0.6425
25,services,single,unknown,no,yes,no,cellular,jul,tue,5,999,0,nonexistent,1.4,93.918,-42.7,4.961,5228.1,yes,0,-1,0.6425
45,admin.,married,unknown,no,yes,no,telephone,jun,mon,1,999,0,nonexistent,1.4,94.465,-41.8,4.865,5228.1,yes,0,-1,0.6425
37,blue-collar,single,basic.9y,unknown,no,no,telephone,may,fri,3,999,0,nonexistent,1.1,93.994,-36.4,4.859,5191.0,yes,0,-1,0.6425
31,services,married,high.school,unknown,no,no,cellular,may,mon,6,999,0,nonexistent,-1.8,92.893,-46.2,1.354,5099.1,yes,0,-1,0.6425
36,blue-collar,single,basic.6y,unknown,yes,no,telephone,jul,mon,1,999,0,nonexistent,1.4,93.918,-42.7,4.96,5228.1,yes,0,-1,0.6425
33,blue-collar,married,basic.9y,no,no,no,cellular,aug,fri,1,999,1,failure,-2.9,92.201,-31.4,0.881,5076.2,yes,0,-1,0.6425
32,blue-collar,married,basic.9y,no,unknown,unknown,cellular,may,thu,1,999,0,nonexistent,-1.8,92.893,-46.2,1.266,5099.1,yes,0,-1,0.6425
27,admin.,single,university.degree,no,no,no,cellular,jul,wed,2,999,0,nonexistent,1.4,93.918,-42.7,4.962,5228.1,yes,0,-1,0.6425
50,admin.,married,university.degree,no,yes,no,cellular,apr,fri,1,999,0,nonexistent,-1.8,93.075,-47.1,1.4,5099.1,yes,0,-1,0.6425
32,technician,married,professional.course,no,yes,yes,cellular,nov,wed,1,999,0,nonexistent,-0.1,93.2,-42.0,4.12,5195.8,yes,0,-1,0.6425
33,blue-collar,married,basic.6y,no,yes,yes,cellular,may,wed,2,999,0,nonexistent,-1.8,92.893,-46.2,1.334,5099.1,yes,0,-1,0.6425
52,retired,married,basic.4y,no,no,no,telephone,jun,wed,1,999,0,nonexistent,1.4,94.465,-41.8,4.864,5228.1,yes,0,-1,0.6425
40,blue-collar,married,basic.9y,no,yes,no,cellular,may,wed,1,999,0,nonexistent,-1.8,92.893,-46.2,1.334,5099.1,yes,0,-1,0.6425
28,admin.,single,university.degree,no,yes,no,cellular,aug,mon,1,999,0,nonexistent,-2.9,92.201,-31.4,0.861,5076.2,yes,0,-1,0.6425
44,entrepreneur,married,university.degree,no,yes,no,cellular,nov,mon,2,999,1,failure,-0.1,93.2,-42.0,4.191,5195.8,yes,0,-1,0.6425
60,management,married,university.degree,no,no,no,telephone,jun,mon,2,999,0,nonexistent,1.4,94.465,-41.8,4.865,5228.1,yes,0,-1,0.6425
44,blue-collar,married,basic.4y,no,yes,yes,telephone,dec,mon,1,999,0,nonexistent,-0.2,92.756,-45.9,3.053,5176.3,yes,0,-1,0.6425
39,services,married,high.school,no,yes,no,telephone,jun,fri,1,999,0,nonexistent,1.4,94.465,-41.8,4.967,5228.1,yes,0,-1,0.6425
50,admin.,married,professional.course,no,yes,yes,cellular,jul,tue,1,999,0,nonexistent,1.4,93.918,-42.7,4.962,5228.1,yes,0,-1,0.6425
36,technician,married,university.degree,no,no,no,telephone,jun,mon,1,999,0,nonexistent,1.4,94.465,-41.8,4.96,5228.1,yes,0,-1,0.6425
34,management,divorced,university.degree,no,yes,no,cellular,jul,tue,6,999,0,nonexistent,1.4,93.918,-42.7,4.961,5228.1,yes,0,-1,0.6425
36,admin.,married,high.school,no,yes,no,telephone,nov,wed,1,999,1,failure,-0.1,93.2,-42.0,4.286,5195.8,yes,0,-1,0.6425
39,blue-collar,married,basic.9y,no,yes,yes,cellular,may,tue,1,999,0,nonexistent,-1.8,92.893,-46.2,1.344,5099.1,yes,0,-1,0.6425
41,technician,married,professional.course,unknown,yes,no,telephone,may,mon,1,999,0,nonexistent,1.1,93.994,-36.4,4.857,5191.0,yes,0,-1,0.6425
53,blue-collar,divorced,basic.4y,no,yes,no,cellular,jul,tue,2,999,0,nonexistent,1.4,93.918,-42.7,4.961,5228.1,yes,0,-1,0.6425
45,technician,married,university.degree,no,yes,no,telephone,may,fri,3,999,0,nonexistent,1.1,93.994,-36.4,4.859,5191.0,yes,0,-1,0.6425
44,management,single,university.degree,unknown,yes,no,telephone,may,fri,1,999,0,nonexistent,1.1,93.994,-36.4,4.859,5191.0,yes,0,-1,0.6425
57,management,married,university.degree,no,yes,yes,cellular,nov,fri,1,999,0,nonexistent,-0.1,93.2,-42.0,4.021,5195.8,yes,0,-1,0.6425
33,blue-collar,single,basic.6y,no,yes,no,cellular,may,tue,3,999,1,failure,-1.8,92.893,-46.2,1.291,5099.1,yes,0,-1,0.6425
39,management,single,university.degree,no,yes,no,telephone,may,tue,1,999,0,nonexistent,1.1,93.994,-36.4,4.857,5191.0,yes,0,-1,0.6423463733941526
30,technician,divorced,professional.course,no,no,yes,cellular,jul,wed,1,999,0,nonexistent,1.4,93.918,-42.7,4.963,5228.1,yes,0,-1,0.6422220064096339
41,technician,single,university.degree,no,yes,no,cellular,jul,mon,1,999,0,nonexistent,1.4,93.918,-42.7,4.96,5228.1,yes,0,-1,0.6422139943672914
33,self-employed,married,basic.9y,unknown,no,no,cellular,aug,fri,1,999,0,nonexistent,1.4,93.444,-36.1,4.966,5228.1,no,0,-1,0.6419971769842483
33,self-employed,married,basic.9y,unknown,no,no,cellular,aug,fri,1,999,0,nonexistent,1.4,93.444,-36.1,4.966,5228.1,yes,0,-1,0.6419971769842483
39,services,married,high.school,no,no,no,cellular,jul,wed,4,999,0,nonexistent,1.4,93.918,-42.7,4.963,5228.1,yes,0,-1,0.6416106140460248
45,housemaid,divorced,basic.4y,unknown,no,no,cellular,jul,fri,1,999,0,nonexistent,1.4,93.918,-42.7,4.957,5228.1,yes,0,-1,0.6415210694811888
42,technician,married,professional.course,no,yes,no,cellular,aug,tue,3,999,0,nonexistent,1.4,93.444,-36.1,4.968,5228.1,yes,0,-1,0.6412582810827645
40,technician,married,high.school,no,yes,no,cellular,aug,fri,1,999,0,nonexistent,1.4,93.444,-36.1,4.966,5228.1,yes,0,-1,0.6412582810827645
29,student,single,high.school,no,yes,no,cellular,nov,thu,1,999,0,nonexistent,-0.1,93.2,-42.0,4.076,5195.8,yes,0,-1,0.6411367160433673
27,student,single,unknown,unknown,yes,no,cellular,apr,thu,1,999,0,nonexistent,-1.8,93.075,-47.1,1.365,5099.1,yes,0,-1,0.6410077455244101
27,student,single,unknown,unknown,yes,no,cellular,apr,thu,1,999,0,nonexistent,-1.8,93.075,-47.1,1.365,5099.1,no,0,-1,0.6410077455244101
42,blue-collar,married,basic.4y,no,no,no,cellular,apr,wed,3,999,0,nonexistent,-1.8,93.075,-47.1,1.415,5099.1,yes,0,-1,0.64
36,technician,married,professional.course,no,yes,no,cellular,apr,fri,1,999,1,failure,-1.8,93.075,-47.1,1.405,5099.1,yes,0,-1,0.64
38,technician,married,high.school,no,yes,no,cellular,jul,tue,8,999,0,nonexistent,1.4,93.918,-42.7,4.961,5228.1,yes,0,-1,0.64
42,admin.,single,university.degree,unknown,yes,no,telephone,may,thu,2,999,0,nonexistent,1.1,93.994,-36.4,4.86,5191.0,yes,0,-1,0.64
59,retired,married,professional.course,unknown,no,no,telephone,may,wed,1,999,0,nonexistent,1.1,93.994,-36.4,4.858,5191.0,yes,0,-1,0.64
33,blue-collar,divorced,basic.9y,unknown,no,no,telephone,may,thu,6,999,0,nonexistent,1.1,93.994,-36.4,4.86,5191.0,yes,0,-1,0.64
33,blue-collar,married,basic.9y,no,yes,no,cellular,jul,wed,11,999,0,nonexistent,1.4,93.918,-42.7,4.957,5228.1,yes,0,-1,0.64
30,blue-collar,single,basic.9y,no,yes,no,telephone,jun,mon,2,999,0,nonexistent,1.4,94.465,-41.8,4.958,5228.1,yes,0,-1,0.64
37,technician,divorced,professional.course,no,no,no,cellular,aug,fri,2,999,0,nonexistent,1.4,93.444,-36.1,4.966,5228.1,yes,0,-1,0.64
38,blue-collar,single,high.school,unknown,yes,no,telephone,jun,fri,2,999,0,nonexistent,1.4,94.465,-41.8,4.947,5228.1,yes,0,-1,0.64
38,blue-collar,single,university.degree,unknown,yes,no,telephone,may,tue,2,999,0,nonexistent,1.1,93.994,-36.4,4.856,5191.0,yes,0,-1,0.64
49,blue-collar,single,basic.6y,unknown,yes,no,cellular,jul,thu,3,999,0,nonexistent,1.4,93.918,-42.7,4.958,5228.1,yes,0,-1,0.64
38,blue-collar,single,high.school,unknown,yes,no,telephone,jun,wed,1,999,0,nonexistent,1.4,94.465,-41.8,4.864,5228.1,yes,0,-1,0.64
29,blue-collar,married,basic.6y,no,no,no,cellular,may,thu,2,999,0,nonexistent,-1.8,92.893,-46.2,1.327,5099.1,yes,0,-1,0.64
32,blue-collar,single,basic.9y,no,yes,no,cellular,nov,thu,1,999,1,failure,-0.1,93.2,-42.0,4.076,5195.8,yes,0,-1,0.64
34,management,divorced,university.degree,no,yes,yes,cellular,nov,thu,2,999,0,nonexistent,-0.1,93.2,-42.0,4.076,5195.8,yes,0,-1,0.64
31,self-employed,married,university.degree,no,no,no,cellular,may,fri,1,999,1,failure,-1.8,92.893,-46.2,1.313,5099.1,yes,0,-1,0.64
34,admin.,divorced,university.degree,no,no,no,cellular,nov,thu,2,999,1,failure,-0.1,93.2,-42.0,4.076,5195.8,yes,0,-1,0.64
40,technician,married,professional.course,no,yes,no,cellular,aug,wed,8,999,0,nonexistent,1.4,93.444,-36.1,4.964,5228.1,yes,0,-1,0.64
44,services,married,high.school,no,no,yes,cellular,may,thu,1,999,0,nonexistent,-1.8,92.893,-46.2,1.266,5099.1,yes,0,-1,0.64
48,services,married,basic.4y,unknown,yes,no,cellular,aug,tue,3,999,0,nonexistent,1.4,93.444,-36.1,4.965,5228.1,yes,0,-1,0.64
55,management,married,university.degree,no,no,no,cellular,aug,mon,3,999,0,nonexistent,1.4,93.444,-36.1,4.965,5228.1,yes,0,-1,0.64
46,technician,married,basic.6y,unknown,yes,no,cellular,apr,wed,2,999,0,nonexistent,-1.8,93.075,-47.1,1.445,5099.1,yes,0,-1,0.64
28,student,single,basic.9y,unknown,yes,yes,telephone,may,wed,2,999,0,nonexistent,1.1,93.994,-36.4,4.856,5191.0,yes,0,-1,0.64
33,blue-collar,married,professional.course,no,yes,no,cellular,may,fri,1,999,1,failure,-1.8,92.893,-46.2,1.25,5099.1,yes,0,-1,0.64
49,blue-collar,married,basic.9y,unknown,yes,no,cellular,aug,thu,3,999,0,nonexistent,1.4,93.444,-36.1,4.963,5228.1,yes,0,-1,0.64
31,technician,married,university.degree,no,no,no,telephone,jun,thu,2,999,0,nonexistent,1.4,94.465,-41.8,4.866,5228.1,yes,0,-1,0.64
57,blue-collar,divorced,basic.6y,unknown,no,no,cellular,jul,tue,6,999,0,nonexistent,1.4,93.918,-42.7,4.961,5228.1,yes,0,-1,0.64
54,self-employed,married,high.school,no,yes,yes,cellular,aug,thu,3,999,0,nonexistent,1.4,93.444,-36.1,4.964,5228.1,yes,0,-1,0.64
39,management,married,university.degree,no,yes,no,cellular,may,fri,1,999,0,nonexistent,-1.8,92.893,-46.2,1.25,5099.1,yes,0,-1,0.64
28,admin.,single,university.degree,no,no,no,telephone,apr,fri,2,999,0,nonexistent,-1.8,93.075,-47.1,1.405,5099.1,yes,0,-1,0.64
46,technician,divorced,university.degree,no,yes,no,cellular,nov,fri,5,999,1,failure,-0.1,93.2,-42.0,4.021,5195.8,yes,0,-1,0.64
36,blue-collar,married,basic.6y,no,yes,no,telephone,jun,thu,2,999,0,nonexistent,1.4,94.465,-41.8,4.958,5228.1,yes,0,-1,0.64
30,entrepreneur,single,university.degree,no,yes,no,cellular,nov,thu,1,999,1,failure,-0.1,93.2,-42.0,4.076,5195.8,yes,0,-1,0.64
34,management,single,university.degree,no,no,yes,cellular,may,fri,4,999,0,nonexistent,-1.8,92.893,-46.2,1.313,5099.1,yes,0,-1,0.64
39,blue-collar,single,basic.9y,no,no,no,cellular,may,mon,2,999,0,nonexistent,-1.8,92.893,-46.2,1.299,5099.1,yes,0,-1,0.64
38,entrepreneur,married,unknown,unknown,no,no,cellular,may,tue,1,999,0,nonexistent,-1.8,92.893,-46.2,1.291,5099.1,yes,0,-1,0.64
37,admin.,married,university.degree,no,yes,no,telephone,may,thu,2,999,0,nonexistent,1.1,93.994,-36.4,4.86,5191.0,yes,0,-1,0.64
33,blue-collar,single,basic.9y,no,yes,no,cellular,jul,tue,1,999,0,nonexistent,1.4,93.918,-42.7,4.962,5228.1,yes,0,-1,0.64
42,admin.,single,university.degree,unknown,yes,no,cellular,jul,mon,2,999,0,nonexistent,1.4,93.918,-42.7,4.96,5228.1,yes,0,-1,0.64
31,entrepreneur,single,basic.9y,no,no,no,telephone,jun,mon,3,999,0,nonexistent,1.4,94.465,-41.8,4.96,5228.1,yes,0,-1,0.64
34,blue-collar,married,unknown,unknown,yes,no,telephone,may,wed,3,999,0,nonexistent,-1.8,92.893,-46.2,1.281,5099.1,yes,0,-1,0.64
57,management,married,basic.4y,unknown,no,yes,cellular,jul,thu,1,999,0,nonexistent,1.4,93.918,-42.7,4.963,5228.1,yes,0,-1,0.64
45,blue-collar,married,basic.6y,unknown,yes,no,cellular,nov,mon,2,999,0,nonexistent,-0.1,93.2,-42.0,4.191,5195.8,yes,0,-1,0.64
28,admin.,single,university.degree,no,yes,no,cellular,jun,fri,1,999,0,nonexistent,-2.9,92.963,-40.8,1.268,5076.2,yes,0,-1,0.64
31,services,married,basic.6y,unknown,no,no,telephone,may,tue,4,999,0,nonexistent,1.1,93.994,-36.4,4.856,5191.0,yes,0,-1,0.64
32,technician,married,university.degree,unknown,no,no,cellular,aug,mon,5,999,0,nonexistent,1.4,93.444,-36.1,4.965,5228.1,yes,0,-1,0.64
38,technician,divorced,professional.course,no,yes,no,telephone,may,thu,1,999,0,nonexistent,1.1,93.994,-36.4,4.86,5191.0,yes,0,-1,0.64
49,blue-collar,married,basic.4y,no,no,no,telephone,jun,thu,2,999,0,nonexistent,1.4,94.465,-41.8,4.958,5228.1,yes,0,-1,0.64
29,blue-collar,single,high.school,no,yes,no,telephone,may,fri,1,999,0,nonexistent,1.1,93.994,-36.4,4.859,5191.0,yes,0,-1,0.64
37,blue-collar,married,high.school,no,no,no,cellular,apr,mon,3,999,0,nonexistent,-1.8,93.075,-47.1,1.405,5099.1,yes,0,-1,0.64
44,blue-collar,married,basic.9y,no,no,no,cellular,aug,thu,1,999,0,nonexistent,1.4,93.444,-36.1,4.968,5228.1,yes,0,-1,0.64
27,admin.,single,university.degree,no,no,no,cellular,jul,tue,7,999,0,nonexistent,1.4,93.918,-42.7,4.961,5228.1,yes,0,-1,0.6398526160174829
32,technician,single,high.school,no,yes,no,cellular,may,tue,1,999,0,nonexistent,-1.8,92.893,-46.2,1.291,5099.1,yes,0,-1,0.6398502997864183
46,management,married,basic.6y,no,no,no,cellular,may,mon,1,999,0,nonexistent,-1.8,92.893,-46.2,1.299,5099.1,yes,0,-1,0.6398055289310397
32,services,single,professional.course,no,yes,no,cellular,jul,fri,1,999,0,nonexistent,1.4,93.918,-42.7,4.957,5228.1,yes,0,-1,0.6395956701504537
25,admin.,single,high.school,no,no,no,cellular,may,fri,3,999,1,failure,-1.8,92.893,-46.2,1.313,5099.1,yes,0,-1,0.6395662876764239
43,blue-collar,divorced,basic.4y,unknown,yes,no,telephone,may,fri,2,999,0,nonexistent,1.1,93.994,-36.4,4.864,5191.0,yes,0,-1,0.639484951435167
42,technician,married,professional.course,no,no,no,cellular,may,mon,1,999,0,nonexistent,-1.8,92.893,-46.2,1.264,5099.1,no,0,-1,0.6389906054861985
42,technician,married,professional.course,no,no,no,cellular,may,mon,1,999,0,nonexistent,-1.8,92.893,-46.2,1.264,5099.1,yes,0,-1,0.6389906054861985
48,admin.,married,high.school,no,yes,no,cellular,jul,thu,1,999,0,nonexistent,1.4,93.918,-42.7,4.962,5228.1,yes,0,-1,0.6388695648239506
37,technician,single,professional.course,unknown,yes,no,cellular,aug,tue,1,999,0,nonexistent,1.4,93.444,-36.1,4.966,5228.1,yes,0,-1,0.6384781023899414
53,management,married,basic.9y,unknown,yes,yes,cellular,jul,fri,2,999,0,nonexistent,1.4,93.918,-42.7,4.963,5228.1,yes,0,-1,0.6382760171585165
58,technician,married,professional.course,no,no,no,cellular,aug,tue,2,999,0,nonexistent,-2.9,92.201,-31.4,0.883,5076.2,no,0,-1,0.6379638043243743
58,technician,married,professional.course,no,no,no,cellular,aug,tue,2,999,0,nonexistent,-2.9,92.201,-31.4,0.883,5076.2,yes,0,-1,0.6379638043243743
32,technician,married,professional.course,no,yes,no,cellular,may,tue,1,999,0,nonexistent,-1.8,92.893,-46.2,1.266,5099.1,yes,0,-1,0.6377140057138496
37,services,married,high.school,no,yes,yes,telephone,may,wed,3,999,0,nonexistent,1.1,93.994,-36.4,4.858,5191.0,yes,0,-1,0.6375
34,technician,married,basic.9y,no,yes,no,cellular,apr,mon,2,999,0,nonexistent,-1.8,93.075,-47.1,1.405,5099.1,yes,0,-1,0.6375
60,retired,divorced,professional.course,no,no,no,cellular,jul,tue,5,999,0,nonexistent,1.4,93.918,-42.7,4.961,5228.1,yes,0,-1,0.6375
34,management,married,university.degree,no,no,no,telephone,jun,wed,8,999,0,nonexistent,1.4,94.465,-41.8,4.959,5228.1,yes,0,-1,0.6375
48,admin.,divorced,high.school,no,no,yes,cellular,apr,fri,3,999,0,nonexistent,-1.8,93.075,-47.1,1.405,5099.1,yes,0,-1,0.6375
33,technician,married,professional.course,no,no,yes,cellular,apr,fri,1,999,1,failure,-1.8,93.075,-47.1,1.405,5099.1,yes,0,-1,0.6375
30,admin.,single,university.degree,no,no,no,telephone,may,wed,1,999,0,nonexistent,1.1,93.994,-36.4,4.858,5191.0,yes,0,-1,0.6375
50,technician,married,basic.9y,no,no,no,cellular,nov,fri,1,999,0,nonexistent,-0.1,93.2,-42.0,4.021,5195.8,yes,0,-1,0.6375
34,entrepreneur,married,university.degree,no,yes,no,cellular,apr,fri,3,999,0,nonexistent,-1.8,93.075,-47.1,1.405,5099.1,yes,0,-1,0.6375
32,blue-collar,married,professional.course,no,no,no,telephone,may,thu,1,999,0,nonexistent,1.1,93.994,-36.4,4.855,5191.0,yes,0,-1,0.6375
46,services,married,basic.9y,no,no,no,cellular,may,wed,1,999,1,failure,-1.8,92.893,-46.2,1.334,5099.1,yes,0,-1,0.6375
38,blue-collar,married,basic.6y,no,yes,no,cellular,may,tue,1,999,0,nonexistent,-1.8,92.893,-46.2,1.344,5099.1,yes,0,-1,0.6375
32,blue-collar,married,basic.9y,unknown,no,no,cellular,may,tue,2,999,0,nonexistent,-1.8,92.893,-46.2,1.291,5099.1,yes,0,-1,0.6375
44,blue-collar,single,high.school,unknown,no,no,cellular,jul,mon,2,999,0,nonexistent,1.4,93.918,-42.7,4.962,5228.1,yes,0,-1,0.6375
33,admin.,single,high.school,no,yes,no,cellular,jul,fri,1,999,0,nonexistent,1.4,93.918,-42.7,4.957,5228.1,yes,0,-1,0.6375
32,admin.,married,university.degree,no,yes,no,telephone,jul,wed,8,999,0,nonexistent,1.4,93.918,-42.7,4.963,5228.1,yes,0,-1,0.6375
27,admin.,married,university.degree,no,yes,no,cellular,jul,fri,1,999,0,nonexistent,1.4,93.918,-42.7,4.957,5228.1,yes,0,-1,0.6375
31,admin.,single,high.school,unknown,yes,no,cellular,may,mon,1,999,0,nonexistent,-1.8,92.893,-46.2,1.244,5099.1,yes,0,-1,0.6375
43,admin.,divorced,high.school,no,yes,no,cellular,apr,thu,2,999,1,failure,-1.8,93.075,-47.1,1.435,5099.1,yes,0,-1,0.6375
32,blue-collar,married,basic.4y,unknown,no,yes,telephone,jul,wed,1,999,0,nonexistent,1.4,93.918,-42.7,4.962,5228.1,yes,0,-1,0.6375
33,blue-collar,married,basic.6y,no,no,no,cellular,may,thu,1,999,0,nonexistent,-1.8,92.893,-46.2,1.266,5099.1,yes,0,-1,0.6375
39,management,divorced,university.degree,no,yes,no,cellular,jul,tue,1,999,0,nonexistent,1.4,93.918,-42.7,4.962,5228.1,yes,0,-1,0.6375
40,admin.,married,university.degree,no,yes,no,cellular,aug,mon,3,999,0,nonexistent,1.4,93.444,-36.1,4.965,5228.1,yes,0,-1,0.6375
28,services,married,high.school,no,no,no,telephone,jun,mon,2,999,0,nonexistent,1.4,94.465,-41.8,4.865,5228.1,yes,0,-1,0.6375
52,management,married,university.degree,unknown,yes,no,cellular,nov,tue,1,999,0,nonexistent,-0.1,93.2,-42.0,4.153,5195.8,yes,0,-1,0.6375
35,technician,single,high.school,no,yes,yes,cellular,nov,wed,3,999,0,nonexistent,-0.1,93.2,-42.0,4.12,5195.8,yes,0,-1,0.6375
31,blue-collar,single,high.school,no,no,no,telephone,may,tue,2,999,0,nonexistent,1.1,93.994,-36.4,4.856,5191.0,yes,0,-1,0.6375
29,services,married,basic.9y,no,yes,no,cellular,nov,thu,1,999,0,nonexistent,-0.1,93.2,-42.0,4.076,5195.8,yes,0,-1,0.6375
35,admin.,single,university.degree,no,yes,no,cellular,aug,mon,2,999,0,nonexistent,1.4,93.444,-36.1,4.963,5228.1,yes,0,-1,0.6375
32,blue-collar,married,basic.6y,no,no,no,telephone,jun,fri,2,999,0,nonexistent,1.4,94.465,-41.8,4.967,5228.1,yes,0,-1,0.6375
48,self-employed,married,university.degree,no,no,no,telephone,jun,fri,3,999,0,nonexistent,1.4,94.465,-41.8,4.967,5228.1,yes,0,-1,0.6375
35,technician,single,high.school,unknown,no,no,cellular,aug,fri,1,999,0,nonexistent,1.4,93.444,-36.1,4.964,5228.1,yes,0,-1,0.6375
33,services,single,university.degree,unknown,no,no,telephone,jun,mon,2,999,0,nonexistent,1.4,94.465,-41.8,4.865,5228.1,yes,0,-1,0.6375
48,admin.,married,high.school,unknown,yes,no,cellular,may,fri,5,999,0,nonexistent,-1.8,92.893,-46.2,1.25,5099.1,yes,0,-1,0.6375
52,blue-collar,divorced,high.school,no,no,no,telephone,jun,tue,2,999,0,nonexistent,1.4,94.465,-41.8,4.961,5228.1,yes,0,-1,0.6375
50,housemaid,single,unknown,no,no,no,telephone,jun,mon,4,999,0,nonexistent,1.4,94.465,-41.8,4.96,5228.1,yes,0,-1,0.6375
55,entrepreneur,single,unknown,unknown,no,no,telephone,jul,wed,1,999,0,nonexistent,1.4,93.918,-42.7,4.963,5228.1,yes,0,-1,0.6375
35,blue-collar,married,high.school,no,no,no,telephone,jun,thu,2,999,0,nonexistent,1.4,94.465,-41.8,4.958,5228.1,yes,0,-1,0.6375
36,management,married,university.degree,no,no,no,telephone,aug,mon,1,999,0,nonexistent,-2.9,92.201,-31.4,0.884,5076.2,yes,0,-1,0.6375
42,admin.,married,high.school,no,no,no,telephone,may,tue,2,999,0,nonexistent,1.1,93.994,-36.4,4.856,5191.0,yes,0,-1,0.6375
44,admin.,married,unknown,no,no,no,cellular,jul,fri,1,999,0,nonexistent,1.4,93.918,-42.7,4.962,5228.1,yes,0,-1,0.6375
30,blue-collar,married,basic.9y,no,no,no,cellular,jul,wed,1,999,0,nonexistent,1.4,93.918,-42.7,4.963,5228.1,yes,0,-1,0.6375
34,unknown,married,basic.4y,no,yes,no,cellular,apr,thu,1,999,0,nonexistent,-1.8,93.075,-47.1,1.406,5099.1,yes,0,-1,0.6375
23,management,single,university.degree,no,no,no,cellular,jul,thu,2,999,0,nonexistent,1.4,93.918,-42.7,4.958,5228.1,no,0,-1,0.6372449674131441
23,management,single,university.degree,no,no,no,cellular,jul,thu,2,999,0,nonexistent,1.4,93.918,-42.7,4.958,5228.1,yes,0,-1,0.6372449674131441
28,services,single,high.school,no,yes,yes,cellular,may,wed,1,999,0,nonexistent,-1.8,92.893,-46.2,1.281,5099.1,yes,0,-1,0.6372139943672914
25,admin.,single,professional.course,no,yes,no,cellular,apr,wed,1,999,0,nonexistent,-1.8,93.075,-47.1,1.445,5099.1,yes,0,-1,0.6370009885765322
25,admin.,single,professional.course,no,yes,no,cellular,apr,wed,1,999,0,nonexistent,-1.8,93.075,-47.1,1.445,5099.1,no,0,-1,0.6370009885765322
39,blue-collar,married,basic.9y,no,no,no,telephone,may,thu,23,999,0,nonexistent,1.1,93.994,-36.4,4.86,5191.0,yes,0,-1,0.6369937592738064
34,admin.,married,university.degree,no,yes,no,cellular,jul,wed,6,999,0,nonexistent,1.4,93.918,-42.7,4.957,5228.1,yes,0,-1,0.6369935631682304
50,management,divorced,university.degree,no,no,no,cellular,jul,mon,2,999,0,nonexistent,1.4,93.918,-42.7,4.962,5228.1,yes,0,-1,0.636276588290375
38,technician,married,basic.6y,unknown,no,no,telephone,may,fri,1,999,0,nonexistent,1.1,93.994,-36.4,4.857,5191.0,yes,0,-1,0.635
34,admin.,married,high.school,no,yes,no,telephone,jun,mon,6,999,0,nonexistent,1.4,94.465,-41.8,4.961,5228.1,yes,0,-1,0.635
52,entrepreneur,divorced,high.school,unknown,yes,no,cellular,jul,tue,1,999,0,nonexistent,1.4,93.918,-42.7,4.961,5228.1,yes,0,-1,0.635
31,blue-collar,single,basic.9y,no,yes,yes,cellular,jul,fri,2,999,0,nonexistent,1.4,93.918,-42.7,4.957,5228.1,yes,0,-1,0.635
60,technician,married,high.school,no,no,no,cellular,jul,fri,8,999,0,nonexistent,1.4,93.918,-42.7,4.962,5228.1,yes,0,-1,0.635
38,services,married,high.school,no,yes,no,cellular,may,fri,1,999,1,failure,-1.8,92.893,-46.2,1.259,5099.1,yes,0,-1,0.635
47,admin.,single,high.school,no,no,no,cellular,apr,thu,1,999,0,nonexistent,-1.8,93.075,-47.1,1.41,5099.1,yes,0,-1,0.635
46,technician,divorced,university.degree,unknown,yes,no,telephone,jul,fri,4,999,0,nonexistent,1.4,93.918,-42.7,4.962,5228.1,yes,0,-1,0.635
31,services,single,basic.9y,no,yes,no,cellular,jul,thu,2,999,0,nonexistent,1.4,93.918,-42.7,4.958,5228.1,yes,0,-1,0.635
41,entrepreneur,married,university.degree,no,yes,no,telephone,may,fri,10,999,0,nonexistent,1.1,93.994,-36.4,4.864,5191.0,yes,0,-1,0.635
42,technician,married,professional.course,no,no,no,telephone,may,tue,1,999,0,nonexistent,1.1,93.994,-36.4,4.857,5191.0,yes,0,-1,0.635
32,technician,single,university.degree,unknown,no,no,telephone,may,wed,1,999,0,nonexistent,1.1,93.994,-36.4,4.858,5191.0,yes,0,-1,0.635
44,services,married,high.school,no,yes,no,telephone,may,tue,1,999,0,nonexistent,1.1,93.994,-36.4,4.857,5191.0,yes,0,-1,0.635
30,technician,single,university.degree,no,yes,yes,cellular,aug,thu,3,999,0,nonexistent,1.4,93.444,-36.1,4.968,5228.1,yes,0,-1,0.635
41,admin.,single,university.degree,unknown,yes,no,cellular,aug,thu,3,999,0,nonexistent,1.4,93.444,-36.1,4.968,5228.1,yes,0,-1,0.635
29,admin.,single,university.degree,no,no,no,telephone,jun,mon,10,999,0,nonexistent,1.4,94.465,-41.8,4.961,5228.1,yes,0,-1,0.635
33,services,married,professional.course,no,no,no,cellular,jul,wed,7,999,0,nonexistent,1.4,93.918,-42.7,4.963,5228.1,yes,0,-1,0.635
45,admin.,married,high.school,no,yes,yes,cellular,apr,fri,3,999,0,nonexistent,-1.8,93.075,-47.1,1.405,5099.1,yes,0,-1,0.635
49,technician,married,basic.9y,no,no,no,telephone,may,mon,1,999,0,nonexistent,1.1,93.994,-36.4,4.857,5191.0,yes,0,-1,0.635
41,blue-collar,married,basic.9y,no,no,no,cellular,apr,fri,3,999,1,failure,-1.8,93.075,-47.1,1.405,5099.1,yes,0,-1,0.635
38,admin.,single,university.degree,unknown,no,no,telephone,jun,tue,1,999,0,nonexistent,1.4,94.465,-41.8,4.961,5228.1,yes,0,-1,0.635
42,admin.,divorced,university.degree,no,no,no,cellular,may,fri,3,999,0,nonexistent,-1.8,92.893,-46.2,1.313,5099.1,yes,0,-1,0.635
35,admin.,single,high.school,no,no,no,cellular,may,thu,1,999,0,nonexistent,-1.8,92.893,-46.2,1.327,5099.1,yes,0,-1,0.635
42,blue-collar,married,basic.9y,no,no,yes,cellular,jul,thu,1,999,0,nonexistent,1.4,93.918,-42.7,4.963,5228.1,yes,0,-1,0.635
35,management,single,unknown,no,no,no,telephone,jun,fri,2,999,0,nonexistent,1.4,94.465,-41.8,4.967,5228.1,yes,0,-1,0.635
51,technician,married,university.degree,no,yes,no,cellular,aug,wed,5,999,0,nonexistent,1.4,93.444,-36.1,4.964,5228.1,yes,0,-1,0.635
32,management,single,university.degree,no,yes,no,cellular,may,tue,2,999,0,nonexistent,-1.8,92.893,-46.2,1.291,5099.1,yes,0,-1,0.635
31,blue-collar,divorced,high.school,no,yes,no,cellular,may,wed,1,999,1,failure,-1.8,92.893,-46.2,1.281,5099.1,yes,0,-1,0.635
36,admin.,single,university.degree,no,no,yes,cellular,may,wed,2,999,0,nonexistent,-1.8,92.893,-46.2,1.281,5099.1,yes,0,-1,0.635
32,services,single,basic.6y,no,no,yes,telephone,may,tue,1,999,0,nonexistent,1.1,93.994,-36.4,4.856,5191.0,yes,0,-1,0.635
26,unknown,single,high.school,unknown,yes,yes,telephone,jun,wed,15,999,0,nonexistent,1.4,94.465,-41.8,4.864,5228.1,yes,0,-1,0.635
51,self-employed,divorced,university.degree,no,yes,no,cellular,nov,wed,1,999,0,nonexistent,-0.1,93.2,-42.0,4.12,5195.8,yes,0,-1,0.635
54,admin.,married,high.school,no,yes,no,cellular,may,thu,1,999,0,nonexistent,-1.8,92.893,-46.2,1.327,5099.1,yes,0,-1,0.635
30,technician,single,high.school,no,no,no,cellular,aug,mon,4,999,0,nonexistent,1.4,93.444,-36.1,4.963,5228.1,yes,0,-1,0.635
35,admin.,single,university.degree,no,no,no,cellular,aug,mon,12,999,0,nonexistent,1.4,93.444,-36.1,4.963,5228.1,yes,0,-1,0.635
39,services,married,high.school,no,yes,no,telephone,may,fri,6,999,0,nonexistent,1.1,93.994,-36.4,4.857,5191.0,yes,0,-1,0.635
34,admin.,single,high.school,no,yes,no,cellular,may,fri,2,999,0,nonexistent,-1.8,92.893,-46.2,1.25,5099.1,yes,0,-1,0.635
37,blue-collar,divorced,basic.9y,no,yes,no,telephone,may,thu,4,999,0,nonexistent,-1.8,92.893,-46.2,1.266,5099.1,yes,0,-1,0.635
47,technician,married,university.degree,no,no,no,cellular,aug,wed,2,999,0,nonexistent,1.4,93.444,-36.1,4.964,5228.1,yes,0,-1,0.635
32,blue-collar,married,basic.9y,no,yes,yes,cellular,apr,fri,2,999,0,nonexistent,-1.8,93.075,-47.1,1.479,5099.1,yes,0,-1,0.635
52,blue-collar,unknown,basic.4y,no,no,no,cellular,may,thu,1,999,0,nonexistent,-1.8,92.893,-46.2,1.266,5099.1,yes,0,-1,0.635
59,retired,married,high.school,no,yes,no,cellular,aug,wed,5,999,0,nonexistent,1.4,93.444,-36.1,4.964,5228.1,yes,0,-1,0.635
54,admin.,married,university.degree,no,no,no,telephone,may,thu,1,999,0,nonexistent,1.1,93.994,-36.4,4.855,5191.0,yes,0,-1,0.635
38,technician,single,professional.course,no,no,no,cellular,jul,tue,4,999,0,nonexistent,1.4,93.918,-42.7,4.961,5228.1,yes,0,-1,0.6347182431776246
33,services,single,high.school,no,yes,no,cellular,jul,tue,1,999,0,nonexistent,1.4,93.918,-42.7,4.961,5228.1,yes,0,-1,0.6347180610857531
36,services,married,basic.6y,unknown,no,no,cellular,nov,fri,1,999,0,nonexistent,-0.1,93.2,-42.0,4.021,5195.8,yes,0,-1,0.6347169685345245
54,services,divorced,university.degree,no,no,no,cellular,may,tue,1,999,0,nonexistent,-1.8,92.893,-46.2,1.344,5099.1,yes,0,-1,0.6347147227347771
28,technician,single,professional.course,no,yes,no,cellular,jun,tue,1,999,0,nonexistent,-2.9,92.963,-40.8,1.262,5076.2,yes,0,-1,0.6344926809049063
38,technician,married,professional.course,no,yes,no,cellular,aug,fri,1,999,0,nonexistent,1.4,93.444,-36.1,4.966,5228.1,yes,0,-1,0.6337582810827646
38,blue-collar,divorced,basic.9y,no,unknown,unknown,cellular,jul,fri,2,999,0,nonexistent,1.4,93.918,-42.7,4.963,5228.1,yes,0,-1,0.6337356576776022
51,entrepreneur,married,illiterate,no,yes,no,cellular,apr,thu,3,999,0,nonexistent,-1.8,93.075,-47.1,1.41,5099.1,yes,0,-1,0.6336266911271974
27,admin.,single,professional.course,no,yes,no,cellular,jul,tue,4,999,0,nonexistent,1.4,93.918,-42.7,4.962,5228.1,yes,0,-1,0.6336216249835739
27,blue-collar,single,basic.9y,no,no,no,cellular,jul,thu,3,999,0,nonexistent,1.4,93.918,-42.7,4.958,5228.1,yes,0,-1,0.6325
33,entrepreneur,single,university.degree,no,no,no,cellular,may,mon,4,999,1,failure,-1.8,92.893,-46.2,1.244,5099.1,yes,0,-1,0.6325
31,entrepreneur,married,basic.6y,no,yes,yes,cellular,jul,mon,1,999,0,nonexistent,1.4,93.918,-42.7,4.96,5228.1,yes,0,-1,0.6325
27,self-employed,single,university.degree,no,no,no,telephone,jun,fri,1,999,0,nonexistent,1.4,94.465,-41.8,4.947,5228.1,yes,0,-1,0.6325
31,services,married,basic.9y,no,yes,no,cellular,apr,mon,3,999,0,nonexistent,-1.8,93.075,-47.1,1.405,5099.1,yes,0,-1,0.6325
43,blue-collar,married,basic.6y,no,yes,no,telephone,jun,wed,1,999,0,nonexistent,1.4,94.465,-41.8,4.962,5228.1,yes,0,-1,0.6325
43,admin.,divorced,university.degree,no,yes,no,cellular,apr,fri,3,999,0,nonexistent,-1.8,93.075,-47.1,1.405,5099.1,yes,0,-1,0.6325
37,admin.,married,university.degree,no,no,no,telephone,jun,wed,1,999,0,nonexistent,1.4,94.465,-41.8,4.959,5228.1,yes,0,-1,0.6325
30,admin.,single,university.degree,no,yes,no,cellular,jul,thu,8,999,0,nonexistent,1.4,93.918,-42.7,4.962,5228.1,yes,0,-1,0.6325
30,technician,married,university.degree,no,yes,no,telephone,may,tue,2,999,0,nonexistent,1.1,93.994,-36.4,4.856,5191.0,yes,0,-1,0.6325
24,management,single,university.degree,no,yes,no,cellular,may,thu,9,999,0,nonexistent,-1.8,92.893,-46.2,1.27,5099.1,yes,0,-1,0.6325
28,admin.,single,university.degree,no,no,no,cellular,jun,mon,1,999,1,failure,-2.9,92.963,-40.8,1.266,5076.2,yes,0,-1,0.6325
50,technician,married,professional.course,no,no,no,cellular,jul,mon,5,999,0,nonexistent,1.4,93.918,-42.7,4.96,5228.1,yes,0,-1,0.6325
50,admin.,divorced,high.school,no,no,no,cellular,aug,tue,9,999,0,nonexistent,1.4,93.444,-36.1,4.965,5228.1,yes,0,-1,0.6325
31,technician,single,high.school,no,no,no,cellular,aug,wed,3,999,0,nonexistent,1.4,93.444,-36.1,4.964,5228.1,yes,0,-1,0.6325
56,blue-collar,married,professional.course,no,yes,no,telephone,may,mon,4,999,0,nonexistent,1.1,93.994,-36.4,4.857,5191.0,yes,0,-1,0.6325
35,student,married,university.degree,no,yes,no,telephone,may,wed,2,999,0,nonexistent,1.1,93.994,-36.4,4.859,5191.0,yes,0,-1,0.6325
49,admin.,unknown,university.degree,no,no,no,cellular,aug,thu,1,999,0,nonexistent,1.4,93.444,-36.1,4.963,5228.1,yes,0,-1,0.6325
44,blue-collar,married,basic.4y,unknown,no,no,cellular,aug,mon,5,999,0,nonexistent,1.4,93.444,-36.1,4.965,5228.1,yes,0,-1,0.6325
39,admin.,divorced,high.school,no,yes,no,cellular,jul,tue,5,999,0,nonexistent,1.4,93.918,-42.7,4.961,5228.1,yes,0,-1,0.6325
49,admin.,divorced,high.school,no,yes,no,telephone,may,fri,1,999,0,nonexistent,1.1,93.994,-36.4,4.859,5191.0,yes,0,-1,0.6325
45,entrepreneur,divorced,university.degree,no,no,no,telephone,may,fri,4,999,0,nonexistent,-1.8,92.893,-46.2,1.25,5099.1,yes,0,-1,0.6325
57,management,married,university.degree,no,yes,no,cellular,nov,wed,2,999,0,nonexistent,-0.1,93.2,-42.0,4.12,5195.8,yes,0,-1,0.6325
30,unemployed,married,high.school,no,yes,yes,cellular,nov,tue,1,999,0,nonexistent,-0.1,93.2,-42.0,4.153,5195.8,yes,0,-1,0.6325
33,unemployed,married,basic.9y,no,no,no,telephone,jun,wed,1,999,0,nonexistent,1.4,94.465,-41.8,4.864,5228.1,yes,0,-1,0.6325
45,blue-collar,married,basic.9y,no,yes,no,cellular,may,tue,2,999,0,nonexistent,-1.8,92.893,-46.2,1.344,5099.1,yes,0,-1,0.6325
32,management,single,professional.course,no,no,no,cellular,may,tue,2,999,0,nonexistent,-1.8,92.893,-46.2,1.291,5099.1,yes,0,-1,0.6325
31,entrepreneur,divorced,high.school,no,yes,no,telephone,may,thu,2,999,0,nonexistent,1.1,93.994,-36.4,4.855,5191.0,yes,0,-1,0.6325
29,admin.,married,high.school,no,yes,no,cellular,may,thu,2,999,0,nonexistent,-1.8,92.893,-46.2,1.327,5099.1,yes,0,-1,0.6325
37,admin.,single,high.school,unknown,no,no,cellular,jul,tue,6,999,0,nonexistent,1.4,93.918,-42.7,4.961,5228.1,yes,0,-1,0.632356557903114
35,blue-collar,divorced,basic.9y,no,no,no,cellular,may,fri,1,999,1,failure,-1.8,92.893,-46.2,1.25,5099.1,yes,0,-1,0.6322257089443527
30,services,single,high.school,no,no,no,cellular,nov,fri,1,999,0,nonexistent,-0.1,93.2,-42.0,4.021,5195.8,yes,0,-1,0.6322244343012529
50,retired,married,professional.course,no,yes,no,cellular,jul,fri,1,999,0,nonexistent,1.4,93.918,-42.7,4.962,5228.1,yes,0,-1,0.6322135087889676
42,services,married,high.school,no,no,no,cellular,may,fri,1,999,1,failure,-1.8,92.893,-46.2,1.25,5099.1,yes,0,-1,0.6320651642765152
41,technician,married,professional.course,no,yes,no,cellular,nov,mon,2,999,0,nonexistent,-1.1,94.767,-50.8,1.039,4963.6,no,0,-1,0.6315292928513128
41,technician,married,professional.course,no,yes,no,cellular,nov,mon,2,999,0,nonexistent,-1.1,94.767,-50.8,1.039,4963.6,yes,0,-1,0.6315292928513128
30,self-employed,single,university.degree,no,yes,no,cellular,apr,thu,1,999,1,failure,-1.8,93.075,-47.1,1.435,5099.1,yes,0,-1,0.6313744222688431
35,technician,married,high.school,unknown,yes,no,cellular,jul,tue,1,999,0,nonexistent,1.4,93.918,-42.7,4.962,5228.1,yes,0,-1,0.6313025104030788
29,technician,married,professional.course,no,yes,no,cellular,aug,thu,2,999,0,nonexistent,1.4,93.444,-36.1,4.962,5228.1,yes,0,-1,0.6310943012096515
19,student,single,basic.9y,no,yes,no,cellular,may,fri,1,999,0,nonexistent,-1.8,92.893,-46.2,1.259,5099.1,yes,0,-1,0.6310509721349039
30,admin.,single,university.degree,no,no,no,cellular,jun,thu,1,999,0,nonexistent,-2.9,92.963,-40.8,1.26,5076.2,yes,0,-1,0.6306629374411679
30,admin.,single,university.degree,no,no,no,cellular,jun,thu,1,999,0,nonexistent,-2.9,92.963,-40.8,1.26,5076.2,no,0,-1,0.6306629374411679
37,admin.,divorced,university.degree,unknown,yes,no,cellular,may,mon,1,999,0,nonexistent,-1.8,92.893,-46.2,1.244,5099.1,no,0,-1,0.6301576676239445
37,admin.,divorced,university.degree,unknown,yes,no,cellular,may,mon,1,999,0,nonexistent,-1.8,92.893,-46.2,1.244,5099.1,yes,0,-1,0.6301576676239445
52,blue-collar,married,basic.9y,unknown,no,no,telephone,jul,fri,2,999,0,nonexistent,1.4,93.918,-42.7,4.962,5228.1,yes,0,-1,0.63
30,management,single,university.degree,no,no,yes,telephone,may,wed,5,999,0,nonexistent,1.1,93.994,-36.4,4.857,5191.0,yes,0,-1,0.63
52,management,married,professional.course,no,yes,no,telephone,may,tue,1,999,0,nonexistent,1.1,93.994,-36.4,4.857,5191.0,yes,0,-1,0.63
34,admin.,divorced,university.degree,no,no,no,telephone,jul,thu,1,999,0,nonexistent,1.4,93.918,-42.7,4.966,5228.1,yes,0,-1,0.63
30,services,married,high.school,no,yes,no,cellular,jul,tue,3,999,0,nonexistent,1.4,93.918,-42.7,4.962,5228.1,yes,0,-1,0.63
40,admin.,married,high.school,no,yes,yes,cellular,jul,mon,2,999,0,nonexistent,1.4,93.918,-42.7,4.96,5228.1,yes,0,-1,0.63
41,blue-collar,single,basic.9y,no,yes,no,cellular,may,wed,1,999,0,nonexistent,-1.8,92.893,-46.2,1.334,5099.1,yes,0,-1,0.63
48,admin.,single,university.degree,no,yes,no,cellular,nov,mon,2,999,0,nonexistent,-0.1,93.2,-42.0,4.191,5195.8,yes,0,-1,0.63
43,blue-collar,married,basic.4y,no,unknown,unknown,telephone,jun,thu,2,999,0,nonexistent,1.4,94.465,-41.8,4.958,5228.1,yes,0,-1,0.63
53,entrepreneur,married,university.degree,unknown,yes,no,cellular,jul,tue,1,999,0,nonexistent,1.4,93.918,-42.7,4.961,5228.1,yes,0,-1,0.63
58,retired,married,high.school,no,yes,no,telephone,jun,thu,2,999,0,nonexistent,1.4,94.465,-41.8,4.955,5228.1,yes,0,-1,0.63
35,admin.,married,basic.9y,no,no,yes,telephone,jun,fri,4,999,0,nonexistent,1.4,94.465,-41.8,4.959,5228.1,yes,0,-1,0.63
45,services,divorced,unknown,no,yes,no,telephone,may,tue,5,999,0,nonexistent,1.1,93.994,-36.4,4.857,5191.0,yes,0,-1,0.63
48,management,married,university.degree,no,yes,yes,telephone,jun,tue,7,999,0,nonexistent,1.4,94.465,-41.8,4.864,5228.1,yes,0,-1,0.63
40,blue-collar,married,high.school,no,no,no,telephone,may,wed,2,999,0,nonexistent,1.1,93.994,-36.4,4.859,5191.0,yes,0,-1,0.63
54,admin.,divorced,university.degree,unknown,no,no,cellular,nov,fri,1,999,0,nonexistent,-0.1,93.2,-42.0,4.021,5195.8,yes,0,-1,0.63
32,blue-collar,divorced,basic.9y,no,yes,no,telephone,nov,thu,2,999,0,nonexistent,-0.1,93.2,-42.0,4.076,5195.8,yes,0,-1,0.63
41,blue-collar,married,basic.9y,no,no,no,cellular,may,tue,1,999,0,nonexistent,-1.8,92.893,-46.2,1.344,5099.1,yes,0,-1,0.63
39,services,single,high.school,unknown,yes,yes,telephone,jun,mon,1,999,0,nonexistent,1.4,94.465,-41.8,4.865,5228.1,yes,0,-1,0.63
50,entrepreneur,married,professional.course,unknown,yes,no,cellular,aug,fri,4,999,0,nonexistent,1.4,93.444,-36.1,4.966,5228.1,yes,0,-1,0.63
41,blue-collar,married,basic.9y,no,no,no,telephone,jun,fri,1,999,0,nonexistent,1.4,94.465,-41.8,4.967,5228.1,yes,0,-1,0.63
33,blue-collar,married,basic.9y,unknown,yes,no,cellular,may,thu,1,999,0,nonexistent,-1.8,92.893,-46.2,1.266,5099.1,yes,0,-1,0.63
43,services,single,high.school,no,no,no,cellular,jul,tue,4,999,0,nonexistent,1.4,93.918,-42.7,4.961,5228.1,yes,0,-1,0.63
52,admin.,divorced,university.degree,no,yes,no,telephone,may,wed,2,999,0,nonexistent,1.1,93.994,-36.4,4.857,5191.0,yes,0,-1,0.63
41,services,married,high.school,unknown,yes,no,telephone,may,mon,2,999,0,nonexistent,1.1,93.994,-36.4,4.857,5191.0,yes,0,-1,0.63
47,admin.,married,university.degree,no,unknown,unknown,cellular,aug,thu,2,999,0,nonexistent,1.4,93.444,-36.1,4.964,5228.1,yes,0,-1,0.63
46,blue-collar,married,basic.4y,no,yes,no,telephone,may,fri,2,999,0,nonexistent,1.1,93.994,-36.4,4.857,5191.0,yes,0,-1,0.63
32,services,married,basic.4y,unknown,no,no,cellular,jul,mon,4,999,0,nonexistent,1.4,93.918,-42.7,4.96,5228.1,yes,0,-1,0.63
43,entrepreneur,married,university.degree,unknown,no,no,telephone,jun,wed,1,999,0,nonexistent,1.4,94.465,-41.8,4.959,5228.1,yes,0,-1,0.63
31,services,single,basic.9y,no,no,no,telephone,may,fri,5,999,0,nonexistent,1.1,93.994,-36.4,4.864,5191.0,yes,0,-1,0.63
35,management,married,university.degree,no,unknown,unknown,cellular,aug,tue,1,999,0,nonexistent,1.4,93.444,-36.1,4.966,5228.1,yes,0,-1,0.63
32,admin.,divorced,university.degree,no,yes,no,cellular,aug,mon,3,999,0,nonexistent,1.4,93.444,-36.1,4.965,5228.1,yes,0,-1,0.63
42,services,divorced,basic.6y,no,yes,no,telephone,may,thu,1,999,0,nonexistent,1.1,93.994,-36.4,4.86,5191.0,yes,0,-1,0.63
39,management,married,university.degree,no,no,no,telephone,may,mon,2,999,0,nonexistent,1.1,93.994,-36.4,4.857,5191.0,yes,0,-1,0.63
36,blue-collar,married,basic.9y,no,no,no,cellular,nov,thu,3,999,0,nonexistent,-0.1,93.2,-42.0,4.076,5195.8,yes,0,-1,0.63
36,technician,married,high.school,no,yes,no,cellular,aug,mon,6,999,0,nonexistent,1.4,93.444,-36.1,4.965,5228.1,yes,0,-1,0.63
29,admin.,married,university.degree,no,no,no,cellular,aug,fri,3,999,0,nonexistent,1.4,93.444,-36.1,4.964,5228.1,yes,0,-1,0.63
47,services,divorced,high.school,unknown,no,no,cellular,aug,thu,6,999,0,nonexistent,1.4,93.444,-36.1,4.963,5228.1,yes,0,-1,0.63
29,services,married,high.school,no,yes,no,cellular,jul,mon,1,999,0,nonexistent,1.4,93.918,-42.7,4.96,5228.1,no,0,-1,0.629841358549352
29,services,married,high.school,no,yes,no,cellular,jul,mon,1,999,0,nonexistent,1.4,93.918,-42.7,4.96,5228.1,yes,0,-1,0.629841358549352
23,services,married,high.school,no,no,no,cellular,jul,wed,1,999,0,nonexistent,1.4,93.918,-42.7,4.963,5228.1,yes,0,-1,0.629720488977372
39,technician,single,university.degree,no,yes,no,cellular,may,mon,1,999,0,nonexistent,-1.8,92.893,-46.2,1.244,5099.1,yes,0,-1,0.6291667273654309
24,blue-collar,married,basic.9y,no,unknown,unknown,cellular,jul,wed,1,999,0,nonexistent,1.4,93.918,-42.7,4.962,5228.1,yes,0,-1,0.6290540563418433
48,admin.,married,university.degree,unknown,yes,no,cellular,aug,tue,3,999,0,nonexistent,1.4,93.444,-36.1,4.968,5228.1,yes,0,-1,0.6287582810827645
47,services,married,high.school,no,yes,no,cellular,aug,tue,1,999,0,nonexistent,1.4,93.444,-36.1,4.968,5228.1,yes,0,-1,0.6287582810827645
28,admin.,single,high.school,no,no,no,cellular,mar,fri,2,999,0,nonexistent,-1.8,92.843,-50.0,1.531,5099.1,yes,0,-1,0.6286747063033628
28,admin.,single,high.school,no,no,no,cellular,mar,fri,2,999,0,nonexistent,-1.8,92.843,-50.0,1.531,5099.1,no,0,-1,0.6286747063033628
36,technician,single,professional.course,no,no,no,cellular,aug,mon,3,999,0,nonexistent,1.4,93.444,-36.1,4.965,5228.1,yes,0,-1,0.6285117412946954
36,technician,single,professional.course,no,no,no,cellular,aug,mon,3,999,0,nonexistent,1.4,93.444,-36.1,4.965,5228.1,no,0,-1,0.6285117412946954
27,management,married,university.degree,no,no,no,cellular,apr,mon,1,999,0,nonexistent,-1.8,93.075,-47.1,1.392,5099.1,yes,0,-1,0.6283948535535151
27,management,married,university.degree,no,no,no,cellular,apr,mon,1,999,0,nonexistent,-1.8,93.075,-47.1,1.392,5099.1,no,0,-1,0.6283948535535151
32,admin.,married,professional.course,no,yes,no,cellular,oct,tue,1,999,0,nonexistent,-3.4,92.431,-26.9,0.742,5017.5,yes,0,-1,0.6279147448326524
32,admin.,married,professional.course,no,yes,no,cellular,oct,tue,1,999,0,nonexistent,-3.4,92.431,-26.9,0.742,5017.5,no,0,-1,0.6279147448326524
54,management,married,university.degree,unknown,no,yes,cellular,apr,mon,3,999,0,nonexistent,-1.8,93.075,-47.1,1.405,5099.1,yes,0,-1,0.6275
27,housemaid,married,basic.6y,no,no,no,cellular,may,mon,3,999,0,nonexistent,-1.8,92.893,-46.2,1.299,5099.1,yes,0,-1,0.6275
31,blue-collar,single,high.school,no,yes,no,cellular,nov,wed,1,6,1,success,-0.1,93.2,-42.0,4.12,5195.8,yes,1,6,0.6275
50,admin.,divorced,university.degree,no,yes,yes,cellular,may,wed,3,999,0,nonexistent,-1.8,92.893,-46.2,1.27,5099.1,yes,0,-1,0.6275
36,technician,married,high.school,no,no,no,telephone,jun,mon,1,999,0,nonexistent,1.4,94.465,-41.8,4.961,5228.1,yes,0,-1,0.6275
48,entrepreneur,married,university.degree,no,yes,no,cellular,may,fri,2,999,0,nonexistent,-1.8,92.893,-46.2,1.259,5099.1,yes,0,-1,0.6275
50,technician,married,professional.course,no,yes,no,cellular,nov,tue,1,999,0,nonexistent,-0.1,93.2,-42.0,4.153,5195.8,yes,0,-1,0.6275
29,technician,single,university.degree,no,yes,no,telephone,may,tue,1,999,0,nonexistent,1.1,93.994,-36.4,4.857,5191.0,yes,0,-1,0.6275
29,admin.,single,high.school,no,yes,no,cellular,apr,thu,1,999,0,nonexistent,-1.8,93.075,-47.1,1.365,5099.1,yes,0,-1,0.6275
44,technician,single,high.school,unknown,no,no,cellular,may,wed,1,999,0,nonexistent,-1.8,92.893,-46.2,1.281,5099.1,yes,0,-1,0.6275
38,admin.,married,university.degree,no,no,no,cellular,aug,thu,3,999,0,nonexistent,1.4,93.444,-36.1,4.962,5228.1,yes,0,-1,0.6275
53,technician,single,professional.course,no,yes,no,cellular,nov,wed,3,999,0,nonexistent,-0.1,93.2,-42.0,4.12,5195.8,yes,0,-1,0.6275
57,blue-collar,divorced,basic.9y,no,yes,no,telephone,may,wed,2,999,0,nonexistent,1.1,93.994,-36.4,4.857,5191.0,yes,0,-1,0.6275
26,entrepreneur,single,high.school,no,yes,no,cellular,apr,fri,1,999,1,failure,-1.8,93.075,-47.1,1.479,5099.1,yes,0,-1,0.6275
51,admin.,married,basic.4y,unknown,yes,no,telephone,may,wed,3,999,0,nonexistent,1.1,93.994,-36.4,4.859,5191.0,yes,0,-1,0.6275
32,admin.,married,university.degree,no,no,yes,telephone,may,fri,2,999,0,nonexistent,1.1,93.994,-36.4,4.855,5191.0,yes,0,-1,0.6275
50,blue-collar,married,basic.6y,unknown,no,no,telephone,jun,wed,1,999,0,nonexistent,1.4,94.465,-41.8,4.959,5228.1,yes,0,-1,0.6275
35,admin.,single,university.degree,no,yes,no,cellular,apr,fri,2,999,0,nonexistent,-1.8,93.075,-47.1,1.405,5099.1,yes,0,-1,0.6275
44,blue-collar,single,basic.6y,unknown,yes,no,telephone,may,fri,2,999,0,nonexistent,1.1,93.994,-36.4,4.855,5191.0,yes,0,-1,0.6275
28,admin.,married,university.degree,no,yes,no,cellular,jul,wed,1,999,0,nonexistent,1.4,93.918,-42.7,4.963,5228.1,yes,0,-1,0.6275
28,technician,single,professional.course,no,no,no,telephone,jun,thu,2,999,0,nonexistent,1.4,94.465,-41.8,4.866,5228.1,yes,0,-1,0.6275
25,unemployed,single,high.school,unknown,no,no,telephone,may,wed,2,999,0,nonexistent,1.1,93.994,-36.4,4.857,5191.0,yes,0,-1,0.6275
37,unemployed,married,professional.course,no,yes,no,telephone,may,fri,2,999,0,nonexistent,1.1,93.994,-36.4,4.864,5191.0,yes,0,-1,0.6275
36,admin.,married,high.school,unknown,no,no,cellular,may,mon,3,999,0,nonexistent,-1.8,92.893,-46.2,1.244,5099.1,yes,0,-1,0.6275
53,blue-collar,married,basic.4y,unknown,no,no,cellular,aug,fri,1,999,0,nonexistent,1.4,93.444,-36.1,4.966,5228.1,yes,0,-1,0.6275
59,unknown,married,unknown,unknown,no,no,telephone,jun,thu,1,999,0,nonexistent,1.4,94.465,-41.8,4.866,5228.1,yes,0,-1,0.6275
47,admin.,married,university.degree,no,no,no,cellular,aug,mon,6,999,0,nonexistent,1.4,93.444,-36.1,4.963,5228.1,yes,0,-1,0.6275
43,admin.,single,university.degree,no,no,yes,cellular,aug,wed,7,999,0,nonexistent,1.4,93.444,-36.1,4.967,5228.1,yes,0,-1,0.6275
52,services,married,high.school,unknown,yes,no,telephone,may,mon,6,999,0,nonexistent,1.1,93.994,-36.4,4.858,5191.0,yes,0,-1,0.6275
34,technician,married,professional.course,no,yes,no,cellular,may,mon,1,999,1,failure,-1.8,92.893,-46.2,1.299,5099.1,yes,0,-1,0.6275
30,blue-collar,married,basic.6y,unknown,yes,no,cellular,jul,fri,2,999,0,nonexistent,1.4,93.918,-42.7,4.957,5228.1,yes,0,-1,0.6275
32,management,single,university.degree,no,no,no,cellular,nov,thu,2,999,1,failure,-0.1,93.2,-42.0,4.076,5195.8,yes,0,-1,0.6275
25,blue-collar,married,basic.9y,unknown,yes,no,telephone,may,fri,1,999,0,nonexistent,1.1,93.994,-36.4,4.864,5191.0,yes,0,-1,0.6275
24,services,single,high.school,no,yes,no,cellular,apr,tue,1,999,1,failure,-1.8,93.075,-47.1,1.423,5099.1,yes,0,-1,0.6275
40,blue-collar,married,basic.9y,no,no,yes,telephone,jun,tue,2,999,0,nonexistent,1.4,94.465,-41.8,4.864,5228.1,yes,0,-1,0.6275
42,blue-collar,married,basic.9y,no,yes,yes,telephone,may,mon,2,999,0,nonexistent,1.1,93.994,-36.4,4.857,5191.0,yes,0,-1,0.6275
31,services,single,basic.6y,no,yes,no,cellular,may,wed,2,999,0,nonexistent,-1.8,92.893,-46.2,1.281,5099.1,yes,0,-1,0.6272224312906672
34,technician,divorced,professional.course,no,yes,no,cellular,may,fri,2,999,0,nonexistent,-1.8,92.893,-46.2,1.25,5099.1,yes,0,-1,0.6272170899291055
38,technician,married,professional.course,no,yes,no,cellular,aug,mon,1,999,0,nonexistent,1.4,93.444,-36.1,4.965,5228.1,yes,0,-1,0.6272169685345246
55,admin.,divorced,university.degree,no,yes,no,cellular,apr,wed,1,999,0,nonexistent,-1.8,93.075,-47.1,1.445,5099.1,yes,0,-1,0.6267927329360152
23,blue-collar,single,high.school,no,no,no,cellular,jul,wed,1,999,0,nonexistent,1.4,93.918,-42.7,4.957,5228.1,no,0,-1,0.6266417787338303
23,blue-collar,single,high.school,no,no,no,cellular,jul,wed,1,999,0,nonexistent,1.4,93.918,-42.7,4.957,5228.1,yes,0,-1,0.6266417787338303
34,blue-collar,married,high.school,no,no,no,cellular,may,wed,1,999,0,nonexistent,-1.8,92.893,-46.2,1.281,5099.1,yes,0,-1,0.6262935704719569
31,technician,single,high.school,no,yes,yes,cellular,aug,tue,1,999,0,nonexistent,1.4,93.444,-36.1,4.966,5228.1,yes,0,-1,0.626078928505503
31,technician,single,high.school,no,yes,yes,cellular,aug,tue,1,999,0,nonexistent,1.4,93.444,-36.1,4.966,5228.1,no,0,-1,0.626078928505503
36,entrepreneur,single,basic.4y,no,no,no,cellular,jun,tue,1,999,0,nonexistent,-2.9,92.963,-40.8,1.099,5076.2,yes,0,-1,0.6258633417530124
36,entrepreneur,single,basic.4y,no,no,no,cellular,jun,tue,1,999,0,nonexistent,-2.9,92.963,-40.8,1.099,5076.2,no,0,-1,0.6258633417530124
25,admin.,married,university.degree,no,yes,no,cellular,mar,fri,1,999,0,nonexistent,-1.8,92.843,-50.0,1.531,5099.1,yes,0,-1,0.6258133504429955
25,admin.,married,university.degree,no,yes,no,cellular,mar,fri,1,999,0,nonexistent,-1.8,92.843,-50.0,1.531,5099.1,no,0,-1,0.6258133504429955
27,admin.,single,professional.course,no,no,no,cellular,jul,tue,2,999,0,nonexistent,1.4,93.918,-42.7,4.962,5228.1,no,0,-1,0.6254138326312623
27,admin.,single,professional.course,no,no,no,cellular,jul,tue,2,999,0,nonexistent,1.4,93.918,-42.7,4.962,5228.1,yes,0,-1,0.6254138326312623
39,admin.,married,university.degree,no,no,no,telephone,may,mon,6,999,0,nonexistent,1.1,93.994,-36.4,4.857,5191.0,no,0,-1,0.6252149618139208
39,admin.,married,university.degree,no,no,no,telephone,may,mon,6,999,0,nonexistent,1.1,93.994,-36.4,4.857,5191.0,yes,0,-1,0.6252149618139208
36,admin.,married,university.degree,unknown,yes,no,cellular,jul,tue,1,999,0,nonexistent,1.4,93.918,-42.7,4.961,5228.1,yes,0,-1,0.625
40,blue-collar,married,basic.6y,no,yes,no,telephone,may,wed,1,999,0,nonexistent,1.1,93.994,-36.4,4.859,5191.0,yes,0,-1,0.625
43,admin.,married,high.school,no,no,yes,cellular,jul,mon,3,999,0,nonexistent,1.4,93.918,-42.7,4.962,5228.1,yes,0,-1,0.625
37,services,single,high.school,no,yes,no,cellular,may,wed,1,999,1,failure,-1.8,92.893,-46.2,1.334,5099.1,yes,0,-1,0.625
55,management,married,university.degree,no,yes,no,cellular,jul,thu,7,999,0,nonexistent,1.4,93.918,-42.7,4.963,5228.1,yes,0,-1,0.625
39,blue-collar,married,basic.9y,unknown,no,no,telephone,may,tue,4,999,0,nonexistent,1.1,93.994,-36.4,4.856,5191.0,yes,0,-1,0.625
54,retired,married,basic.4y,no,yes,no,cellular,apr,fri,3,999,0,nonexistent,-1.8,93.075,-47.1,1.405,5099.1,yes,0,-1,0.625
50,blue-collar,married,basic.4y,no,no,yes,cellular,jul,tue,1,999,0,nonexistent,1.4,93.918,-42.7,4.961,5228.1,yes,0,-1,0.625
31,admin.,single,high.school,no,no,no,cellular,jul,mon,6,999,0,nonexistent,1.4,93.918,-42.7,4.96,5228.1,yes,0,-1,0.625
35,technician,married,professional.course,no,yes,yes,cellular,aug,mon,4,999,0,nonexistent,1.4,93.444,-36.1,4.963,5228.1,yes,0,-1,0.625
30,blue-collar,married,professional.course,no,no,no,cellular,may,fri,4,999,1,failure,-1.8,92.893,-46.2,1.25,5099.1,yes,0,-1,0.625
59,retired,married,university.degree,unknown,no,no,cellular,jul,wed,5,999,0,nonexistent,1.4,93.918,-42.7,4.957,5228.1,yes,0,-1,0.625
28,technician,married,basic.9y,no,yes,no,cellular,jul,mon,4,999,0,nonexistent,1.4,93.918,-42.7,4.96,5228.1,yes,0,-1,0.625
28,entrepreneur,married,basic.9y,no,yes,no,telephone,jun,tue,1,999,0,nonexistent,1.4,94.465,-41.8,4.961,5228.1,yes,0,-1,0.625
39,technician,married,professional.course,no,yes,yes,cellular,aug,wed,6,999,0,nonexistent,1.4,93.444,-36.1,4.965,5228.1,yes,0,-1,0.625
40,admin.,divorced,professional.course,no,yes,no,telephone,may,fri,12,999,0,nonexistent,1.1,93.994,-36.4,4.864,5191.0,yes,0,-1,0.625
36,blue-collar,married,basic.4y,unknown,yes,no,cellular,may,mon,2,999,0,nonexistent,-1.8,92.893,-46.2,1.244,5099.1,yes,0,-1,0.625
33,admin.,married,university.degree,no,no,no,telephone,may,wed,2,999,0,nonexistent,1.1,93.994,-36.4,4.857,5191.0,yes,0,-1,0.625
34,technician,single,professional.course,no,no,no,cellular,may,tue,2,999,1,failure,-1.8,92.893,-46.2,1.344,5099.1,yes,0,-1,0.625
47,admin.,divorced,university.degree,no,yes,no,telephone,jun,fri,3,999,0,nonexistent,1.4,94.465,-41.8,4.967,5228.1,yes,0,-1,0.625
35,technician,married,professional.course,no,yes,no,cellular,may,thu,5,999,0,nonexistent,-1.8,92.893,-46.2,1.266,5099.1,yes,0,-1,0.625
59,retired,married,basic.6y,no,yes,no,cellular,may,mon,6,999,0,nonexistent,-1.8,92.893,-46.2,1.354,5099.1,yes,0,-1,0.625
26,admin.,married,high.school,no,no,no,cellular,jul,thu,5,999,0,nonexistent,1.4,93.918,-42.7,4.958,5228.1,yes,0,-1,0.625
28,technician,single,university.degree,unknown,no,no,cellular,jul,tue,3,999,0,nonexistent,1.4,93.918,-42.7,4.961,5228.1,yes,0,-1,0.625
52,blue-collar,married,basic.4y,no,no,no,cellular,may,wed,2,999,0,nonexistent,-1.8,92.893,-46.2,1.334,5099.1,yes,0,-1,0.625
59,entrepreneur,divorced,high.school,unknown,yes,no,telephone,jun,thu,2,999,0,nonexistent,1.4,94.465,-41.8,4.958,5228.1,yes,0,-1,0.625
25,services,single,high.school,unknown,yes,yes,cellular,jul,wed,1,999,0,nonexistent,1.4,93.918,-42.7,4.963,5228.1,yes,0,-1,0.625
47,blue-collar,married,basic.4y,no,yes,no,telephone,jun,mon,4,999,0,nonexistent,1.4,94.465,-41.8,4.96,5228.1,yes,0,-1,0.625
35,unemployed,single,university.degree,no,no,no,cellular,aug,mon,2,999,0,nonexistent,1.4,93.444,-36.1,4.965,5228.1,yes,0,-1,0.6248500611207618
33,technician,single,university.degree,no,yes,no,telephone,aug,wed,1,999,0,nonexistent,1.4,93.444,-36.1,4.965,5228.1,yes,0,-1,0.6248494472116041
56,entrepreneur,married,university.degree,no,no,no,cellular,apr,thu,1,2,1,success,-1.8,93.075,-47.1,1.365,5099.1,no,1,2,0.6247745792507238
56,entrepreneur,married,university.degree,no,no,no,cellular,apr,thu,1,2,1,success,-1.8,93.075,-47.1,1.365,5099.1,yes,1,2,0.6247745792507238
36,admin.,divorced,high.school,no,no,no,cellular,jul,wed,3,999,0,nonexistent,1.4,93.918,-42.7,4.963,5228.1,yes,0,-1,0.6247212780421482
47,technician,single,professional.course,no,yes,no,cellular,jul,mon,3,999,0,nonexistent,1.4,93.918,-42.7,4.962,5228.1,yes,0,-1,0.6247178182965912
42,blue-collar,married,basic.9y,no,yes,no,cellular,jul,thu,5,999,0,nonexistent,1.4,93.918,-42.7,4.963,5228.1,yes,0,-1,0.6246036655475325
57,admin.,married,basic.9y,no,no,no,cellular,jul,fri,2,999,0,nonexistent,1.4,93.918,-42.7,4.957,5228.1,yes,0,-1,0.6245981158088235
31,services,married,high.school,no,yes,no,cellular,may,wed,1,999,1,failure,-1.8,92.893,-46.2,1.334,5099.1,no,0,-1,0.6243304616709616
31,services,married,high.school,no,yes,no,cellular,may,wed,1,999,1,failure,-1.8,92.893,-46.2,1.334,5099.1,yes,0,-1,0.6243304616709616
76,management,married,unknown,no,no,no,cellular,sep,fri,1,999,0,nonexistent,-3.4,92.379,-29.8,0.803,5017.5,no,0,-1,0.6243261769423286
76,management,married,unknown,no,no,no,cellular,sep,fri,1,999,0,nonexistent,-3.4,92.379,-29.8,0.803,5017.5,yes,0,-1,0.6243261769423286
32,technician,single,professional.course,no,no,no,cellular,aug,wed,1,999,0,nonexistent,1.4,93.444,-36.1,4.967,5228.1,no,0,-1,0.6242596380070795
32,technician,single,professional.course,no,no,no,cellular,aug,wed,1,999,0,nonexistent,1.4,93.444,-36.1,4.967,5228.1,yes,0,-1,0.6242596380070795
36,technician,married,professional.course,no,no,no,cellular,aug,mon,3,999,0,nonexistent,1.4,93.444,-36.1,4.965,5228.1,yes,0,-1,0.624234169435548
51,management,married,university.degree,no,yes,no,cellular,aug,tue,1,999,0,nonexistent,-2.9,92.201,-31.4,0.884,5076.2,no,0,-1,0.6241823387713012
51,management,married,university.degree,no,yes,no,cellular,aug,tue,1,999,0,nonexistent,-2.9,92.201,-31.4,0.884,5076.2,yes,0,-1,0.6241823387713012
31,technician,single,professional.course,no,yes,no,cellular,aug,tue,1,999,0,nonexistent,1.4,93.444,-36.1,4.968,5228.1,no,0,-1,0.6241632221175213
31,technician,single,professional.course,no,yes,no,cellular,aug,tue,1,999,0,nonexistent,1.4,93.444,-36.1,4.968,5228.1,yes,0,-1,0.6241632221175213
46,admin.,single,university.degree,no,no,no,cellular,jul,fri,9,999,0,nonexistent,1.4,93.918,-42.7,4.957,5228.1,yes,0,-1,0.6238627946984542
24,services,single,high.school,no,no,no,cellular,may,fri,4,999,1,failure,-1.8,92.893,-46.2,1.25,5099.1,no,0,-1,0.6233503808069923
24,services,single,high.school,no,no,no,cellular,may,fri,4,999,1,failure,-1.8,92.893,-46.2,1.25,5099.1,yes,0,-1,0.6233503808069923
56,admin.,single,university.degree,no,yes,no,cellular,mar,wed,1,999,1,failure,-1.8,93.369,-34.8,0.634,5008.7,no,0,-1,0.6229072726030825
56,admin.,single,university.degree,no,yes,no,cellular,mar,wed,1,999,1,failure,-1.8,93.369,-34.8,0.634,5008.7,yes,0,-1,0.6229072726030825
38,blue-collar,married,basic.4y,unknown,yes,no,cellular,jul,mon,7,999,0,nonexistent,1.4,93.918,-42.7,4.96,5228.1,yes,0,-1,0.6225
33,services,married,high.school,no,yes,no,cellular,nov,wed,2,999,0,nonexistent,-0.1,93.2,-42.0,4.12,5195.8,yes,0,-1,0.6225
39,technician,divorced,professional.course,no,yes,no,cellular,may,wed,1,999,0,nonexistent,-1.8,92.893,-46.2,1.334,5099.1,yes,0,-1,0.6225
42,self-employed,married,university.degree,no,yes,no,telephone,jul,thu,14,999,0,nonexistent,1.4,93.918,-42.7,4.968,5228.1,yes,0,-1,0.6225
30,blue-collar,single,basic.6y,no,yes,no,cellular,may,thu,1,999,0,nonexistent,-1.8,92.893,-46.2,1.327,5099.1,yes,0,-1,0.6225
52,management,married,university.degree,no,no,no,cellular,aug,mon,2,999,0,nonexistent,1.4,93.444,-36.1,4.97,5228.1,yes,0,-1,0.6225
40,blue-collar,divorced,basic.9y,unknown,no,yes,telephone,jun,tue,6,999,0,nonexistent,1.4,94.465,-41.8,4.864,5228.1,yes,0,-1,0.6225
36,technician,single,professional.course,no,yes,no,cellular,nov,tue,1,999,1,failure,-0.1,93.2,-42.0,4.153,5195.8,yes,0,-1,0.6225
56,management,married,basic.9y,no,yes,no,telephone,jun,tue,3,999,0,nonexistent,1.4,94.465,-41.8,4.864,5228.1,yes,0,-1,0.6225
45,self-employed,divorced,university.degree,no,no,yes,cellular,jul,mon,4,999,0,nonexistent,1.4,93.918,-42.7,4.962,5228.1,yes,0,-1,0.6225
42,technician,married,high.school,no,yes,no,cellular,jul,wed,1,999,0,nonexistent,1.4,93.918,-42.7,4.962,5228.1,yes,0,-1,0.6225
44,admin.,single,professional.course,no,yes,no,cellular,nov,thu,4,999,0,nonexistent,-0.1,93.2,-42.0,4.076,5195.8,yes,0,-1,0.6225
30,blue-collar,married,high.school,no,yes,yes,cellular,nov,thu,2,999,0,nonexistent,-0.1,93.2,-42.0,4.076,5195.8,yes,0,-1,0.6225
36,services,single,basic.9y,no,yes,no,cellular,may,fri,2,999,0,nonexistent,-1.8,92.893,-46.2,1.313,5099.1,yes,0,-1,0.6225
39,blue-collar,married,basic.6y,unknown,yes,no,cellular,jul,wed,6,999,0,nonexistent,1.4,93.918,-42.7,4.962,5228.1,yes,0,-1,0.6225
34,admin.,married,university.degree,unknown,no,no,cellular,aug,tue,2,999,0,nonexistent,1.4,93.444,-36.1,4.968,5228.1,yes,0,-1,0.6225
40,technician,single,professional.course,no,yes,no,cellular,may,fri,1,999,1,failure,-1.8,92.893,-46.2,1.259,5099.1,yes,0,-1,0.6225
32,blue-collar,married,basic.9y,no,no,no,cellular,nov,mon,2,5,1,success,-0.1,93.2,-42.0,4.191,5195.8,yes,1,5,0.6225
51,services,married,basic.6y,no,no,no,telephone,may,fri,1,999,0,nonexistent,1.1,93.994,-36.4,4.859,5191.0,yes,0,-1,0.6225
43,services,married,high.school,no,no,no,cellular,jul,mon,1,999,0,nonexistent,1.4,93.918,-42.7,4.96,5228.1,yes,0,-1,0.6225
46,admin.,married,university.degree,no,yes,no,cellular,aug,thu,1,999,1,failure,-2.9,92.201,-31.4,0.873,5076.2,yes,0,-1,0.6225
39,technician,single,professional.course,no,no,no,telephone,may,fri,5,999,0,nonexistent,1.1,93.994,-36.4,4.857,5191.0,yes,0,-1,0.6225
32,admin.,single,high.school,no,yes,no,telephone,jun,wed,1,999,0,nonexistent,1.4,94.465,-41.8,4.959,5228.1,yes,0,-1,0.6225
40,blue-collar,married,professional.course,unknown,no,no,telephone,jun,fri,2,999,0,nonexistent,1.4,94.465,-41.8,4.967,5228.1,yes,0,-1,0.6225
57,self-employed,married,university.degree,unknown,yes,no,cellular,aug,mon,2,999,0,nonexistent,1.4,93.444,-36.1,4.965,5228.1,yes,0,-1,0.6225
29,services,single,high.school,no,yes,no,telephone,jun,thu,3,999,0,nonexistent,1.4,94.465,-41.8,4.866,5228.1,yes,0,-1,0.6225
29,admin.,single,university.degree,no,yes,yes,cellular,aug,wed,1,999,0,nonexistent,1.4,93.444,-36.1,4.964,5228.1,yes,0,-1,0.6225
59,retired,married,basic.4y,unknown,no,no,cellular,aug,mon,1,999,0,nonexistent,1.4,93.444,-36.1,4.965,5228.1,yes,0,-1,0.6225
39,management,married,university.degree,no,no,no,cellular,aug,thu,6,999,0,nonexistent,1.4,93.444,-36.1,4.968,5228.1,yes,0,-1,0.6225
31,blue-collar,single,high.school,no,yes,no,telephone,jun,mon,2,999,0,nonexistent,1.4,94.465,-41.8,4.96,5228.1,yes,0,-1,0.6225
45,self-employed,married,basic.6y,unknown,no,no,telephone,may,thu,1,999,0,nonexistent,1.1,93.994,-36.4,4.86,5191.0,yes,0,-1,0.6225
38,services,married,high.school,no,yes,no,telephone,may,mon,3,999,0,nonexistent,1.1,93.994,-36.4,4.858,5191.0,yes,0,-1,0.6225
37,admin.,married,university.degree,unknown,no,no,cellular,aug,thu,1,999,0,nonexistent,1.4,93.444,-36.1,4.962,5228.1,yes,0,-1,0.6225
49,blue-collar,married,basic.4y,unknown,no,no,telephone,jun,fri,1,999,0,nonexistent,1.4,94.465,-41.8,4.959,5228.1,yes,0,-1,0.6223237908955658
49,blue-collar,married,basic.4y,unknown,no,no,telephone,jun,fri,1,999,0,nonexistent,1.4,94.465,-41.8,4.959,5228.1,no,0,-1,0.6223237908955658
35,blue-collar,divorced,basic.9y,no,no,no,cellular,jul,tue,1,999,0,nonexistent,1.4,93.918,-42.7,4.961,5228.1,yes,0,-1,0.6222184859667865
55,admin.,divorced,university.degree,unknown,yes,no,cellular,jul,mon,1,999,0,nonexistent,1.4,93.918,-42.7,4.96,5228.1,yes,0,-1,0.6222119306594154
26,self-employed,single,university.degree,no,no,no,cellular,may,wed,1,3,1,success,-1.8,92.893,-46.2,1.27,5099.1,yes,1,3,0.6221958641850129
26,self-employed,single,university.degree,no,no,no,cellular,may,wed,1,3,1,success,-1.8,92.893,-46.2,1.27,5099.1,no,1,3,0.6221958641850129
57,technician,married,professional.course,no,yes,no,cellular,apr,tue,1,999,0,nonexistent,-1.8,93.075,-47.1,1.423,5099.1,yes,0,-1,0.6219466732018906
57,technician,married,professional.course,no,yes,no,cellular,apr,tue,1,999,0,nonexistent,-1.8,93.075,-47.1,1.423,5099.1,no,0,-1,0.6219466732018906
38,blue-collar,divorced,unknown,no,no,no,cellular,nov,tue,1,999,0,nonexistent,-0.1,93.2,-42.0,4.153,5195.8,yes,0,-1,0.6218856625732684
38,blue-collar,divorced,unknown,no,no,no,cellular,nov,tue,1,999,0,nonexistent,-0.1,93.2,-42.0,4.153,5195.8,no,0,-1,0.6218856625732684
29,admin.,single,high.school,no,no,no,cellular,jul,tue,2,999,0,nonexistent,1.4,93.918,-42.7,4.962,5228.1,yes,0,-1,0.6213825760402938
38,blue-collar,divorced,basic.9y,no,no,no,cellular,jul,fri,2,999,0,nonexistent,1.4,93.918,-42.7,4.963,5228.1,no,0,-1,0.6212810516177337
38,blue-collar,divorced,basic.9y,no,no,no,cellular,jul,fri,2,999,0,nonexistent,1.4,93.918,-42.7,4.963,5228.1,yes,0,-1,0.6212810516177337
34,technician,single,university.degree,no,yes,yes,cellular,aug,wed,3,999,0,nonexistent,1.4,93.444,-36.1,4.967,5228.1,yes,0,-1,0.6212582810827645
60,admin.,married,professional.course,no,yes,no,cellular,apr,thu,1,999,0,nonexistent,-1.8,93.075,-47.1,1.365,5099.1,no,0,-1,0.6206885773317677
60,admin.,married,professional.course,no,yes,no,cellular,apr,thu,1,999,0,nonexistent,-1.8,93.075,-47.1,1.365,5099.1,yes,0,-1,0.6206885773317677
28,blue-collar,single,high.school,no,yes,no,telephone,apr,thu,1,999,0,nonexistent,-1.8,93.075,-47.1,1.483,5099.1,yes,0,-1,0.6201563409404672
28,blue-collar,single,high.school,no,yes,no,telephone,apr,thu,1,999,0,nonexistent,-1.8,93.075,-47.1,1.483,5099.1,no,0,-1,0.6201563409404672
42,blue-collar,married,basic.9y,no,no,no,cellular,jul,tue,1,999,0,nonexistent,1.4,93.918,-42.7,4.962,5228.1,yes,0,-1,0.62
27,services,married,high.school,unknown,no,no,telephone,jul,fri,1,999,0,nonexistent,1.4,93.918,-42.7,4.959,5228.1,yes,0,-1,0.62
38,self-employed,single,university.degree,no,no,no,telephone,may,mon,2,999,0,nonexistent,1.1,93.994,-36.4,4.857,5191.0,yes,0,-1,0.62
43,technician,single,university.degree,no,yes,no,telephone,may,thu,2,999,0,nonexistent,1.1,93.994,-36.4,4.855,5191.0,yes,0,-1,0.62
34,admin.,single,university.degree,no,yes,no,cellular,jul,tue,3,999,0,nonexistent,1.4,93.918,-42.7,4.962,5228.1,yes,0,-1,0.62
38,admin.,single,university.degree,no,yes,no,cellular,mar,mon,2,999,0,nonexistent,-1.8,92.843,-50.0,1.811,5099.1,yes,0,-1,0.62
34,technician,married,university.degree,no,no,no,cellular,apr,fri,1,999,0,nonexistent,-1.8,93.075,-47.1,1.405,5099.1,yes,0,-1,0.62
37,admin.,divorced,high.school,no,yes,no,cellular,apr,fri,2,999,0,nonexistent,-1.8,93.075,-47.1,1.405,5099.1,yes,0,-1,0.62
51,admin.,married,basic.9y,unknown,yes,no,cellular,jul,wed,2,999,0,nonexistent,1.4,93.918,-42.7,4.963,5228.1,yes,0,-1,0.62
38,blue-collar,married,basic.6y,unknown,no,no,telephone,jun,tue,3,999,0,nonexistent,1.4,94.465,-41.8,4.864,5228.1,yes,0,-1,0.62
30,admin.,single,university.degree,no,yes,no,cellular,nov,thu,1,999,0,nonexistent,-0.1,93.2,-42.0,4.076,5195.8,yes,0,-1,0.62
35,technician,married,unknown,unknown,no,no,telephone,may,thu,2,999,0,nonexistent,1.1,93.994,-36.4,4.86,5191.0,yes,0,-1,0.62
32,blue-collar,single,high.school,no,no,no,telephone,jun,tue,3,999,0,nonexistent,1.4,94.465,-41.8,4.864,5228.1,yes,0,-1,0.62
44,blue-collar,divorced,unknown,no,yes,yes,telephone,may,wed,1,999,0,nonexistent,1.1,93.994,-36.4,4.858,5191.0,yes,0,-1,0.62
34,blue-collar,married,basic.6y,no,yes,no,telephone,may,mon,2,999,0,nonexistent,1.1,93.994,-36.4,4.858,5191.0,yes,0,-1,0.62
39,admin.,married,high.school,no,yes,no,telephone,jun,wed,4,999,0,nonexistent,1.4,94.465,-41.8,4.864,5228.1,yes,0,-1,0.62
44,blue-collar,married,basic.9y,unknown,yes,no,cellular,apr,fri,1,999,1,failure,-1.8,93.075,-47.1,1.405,5099.1,yes,0,-1,0.62
34,admin.,married,university.degree,no,no,no,cellular,aug,mon,1,999,0,nonexistent,1.4,93.444,-36.1,4.965,5228.1,yes,0,-1,0.62
27,admin.,single,university.degree,no,yes,no,cellular,may,thu,4,999,0,nonexistent,-1.8,92.893,-46.2,1.266,5099.1,yes,0,-1,0.62
50,blue-collar,divorced,high.school,no,yes,yes,cellular,jul,mon,2,999,0,nonexistent,1.4,93.918,-42.7,4.96,5228.1,yes,0,-1,0.62
26,technician,single,high.school,no,yes,yes,cellular,jul,mon,7,999,0,nonexistent,1.4,93.918,-42.7,4.962,5228.1,yes,0,-1,0.62
35,admin.,married,high.school,unknown,no,no,cellular,jul,mon,4,999,0,nonexistent,1.4,93.918,-42.7,4.962,5228.1,yes,0,-1,0.62
33,management,married,professional.course,no,no,no,cellular,may,thu,1,999,0,nonexistent,-1.8,92.893,-46.2,1.266,5099.1,yes,0,-1,0.62
41,technician,divorced,university.degree,no,no,no,cellular,aug,fri,1,999,0,nonexistent,1.4,93.444,-36.1,4.966,5228.1,yes,0,-1,0.62
46,blue-collar,married,basic.9y,no,no,no,cellular,aug,wed,2,999,0,nonexistent,1.4,93.444,-36.1,4.967,5228.1,yes,0,-1,0.62
25,admin.,single,high.school,no,yes,no,cellular,may,thu,3,999,0,nonexistent,-1.8,92.893,-46.2,1.266,5099.1,yes,0,-1,0.62
39,technician,married,high.school,unknown,no,no,cellular,jul,wed,1,999,0,nonexistent,1.4,93.918,-42.7,4.957,5228.1,yes,0,-1,0.62
48,blue-collar,married,basic.9y,no,no,no,telephone,may,mon,1,999,0,nonexistent,1.1,93.994,-36.4,4.858,5191.0,yes,0,-1,0.62
37,blue-collar,single,basic.9y,unknown,yes,no,telephone,may,wed,1,999,0,nonexistent,1.1,93.994,-36.4,4.856,5191.0,yes,0,-1,0.62
48,services,married,high.school,no,no,no,cellular,apr,mon,3,999,0,nonexistent,-1.8,93.075,-47.1,1.405,5099.1,yes,0,-1,0.62
22,blue-collar,single,basic.9y,no,yes,yes,cellular,jul,mon,1,999,0,nonexistent,1.4,93.918,-42.7,4.96,5228.1,yes,0,-1,0.62
41,admin.,married,university.degree,no,no,no,cellular,jul,mon,3,999,0,nonexistent,1.4,93.918,-42.7,4.96,5228.1,yes,0,-1,0.62
31,blue-collar,married,professional.course,no,yes,no,cellular,jul,wed,2,999,0,nonexistent,1.4,93.918,-42.7,4.963,5228.1,yes,0,-1,0.6196929177306292
37,admin.,divorced,university.degree,no,yes,no,cellular,may,tue,1,999,0,nonexistent,-1.8,92.893,-46.2,1.291,5099.1,yes,0,-1,0.6194957212713936
43,management,married,basic.6y,no,no,no,cellular,apr,wed,1,999,1,failure,-1.8,93.075,-47.1,1.415,5099.1,yes,0,-1,0.6191427860206727
43,management,married,basic.6y,no,no,no,cellular,apr,wed,1,999,1,failure,-1.8,93.075,-47.1,1.415,5099.1,no,0,-1,0.6191427860206727
41,blue-collar,married,basic.9y,unknown,yes,no,telephone,jun,thu,1,999,0,nonexistent,1.4,94.465,-41.8,4.961,5228.1,no,0,-1,0.6189290277022337
41,blue-collar,married,basic.9y,unknown,yes,no,telephone,jun,thu,1,999,0,nonexistent,1.4,94.465,-41.8,4.961,5228.1,yes,0,-1,0.6189290277022337
38,unemployed,married,basic.4y,unknown,no,no,cellular,jul,tue,1,999,0,nonexistent,1.4,93.918,-42.7,4.961,5228.1,yes,0,-1,0.6188875604074946
38,unemployed,married,basic.4y,unknown,no,no,cellular,jul,tue,1,999,0,nonexistent,1.4,93.918,-42.7,4.961,5228.1,no,0,-1,0.6188875604074946
31,blue-collar,married,basic.4y,no,no,no,cellular,may,wed,1,999,0,nonexistent,-1.8,92.893,-46.2,1.27,5099.1,yes,0,-1,0.618711254531375
31,blue-collar,married,basic.4y,no,no,no,cellular,may,wed,1,999,0,nonexistent,-1.8,92.893,-46.2,1.27,5099.1,no,0,-1,0.618711254531375
30,blue-collar,married,basic.9y,no,yes,no,cellular,may,mon,1,999,1,failure,-1.8,92.893,-46.2,1.299,5099.1,yes,0,-1,0.6183248614236004
30,blue-collar,married,basic.9y,no,yes,no,cellular,may,mon,1,999,1,failure,-1.8,92.893,-46.2,1.299,5099.1,no,0,-1,0.6183248614236004
36,admin.,married,university.degree,no,yes,no,cellular,jul,wed,2,999,0,nonexistent,1.4,93.918,-42.7,4.962,5228.1,yes,0,-1,0.6181688239579018
36,admin.,married,university.degree,no,yes,no,cellular,jul,wed,2,999,0,nonexistent,1.4,93.918,-42.7,4.962,5228.1,no,0,-1,0.6181688239579018
33,services,married,high.school,no,yes,no,cellular,may,fri,1,999,0,nonexistent,-1.8,92.893,-46.2,1.313,5099.1,yes,0,-1,0.617694247009929
33,services,married,high.school,no,yes,no,cellular,may,fri,1,999,0,nonexistent,-1.8,92.893,-46.2,1.313,5099.1,no,0,-1,0.617694247009929
31,services,married,basic.9y,no,yes,no,cellular,jun,mon,1,999,0,nonexistent,-2.9,92.963,-40.8,1.266,5076.2,no,0,-1,0.6175248561601333
31,services,married,basic.9y,no,yes,no,cellular,jun,mon,1,999,0,nonexistent,-2.9,92.963,-40.8,1.266,5076.2,yes,0,-1,0.6175248561601333
31,admin.,divorced,high.school,no,no,no,telephone,may,thu,1,999,0,nonexistent,1.1,93.994,-36.4,4.86,5191.0,yes,0,-1,0.6175
46,admin.,married,university.degree,no,yes,no,telephone,jun,mon,5,999,0,nonexistent,1.4,94.465,-41.8,4.865,5228.1,yes,0,-1,0.6175
38,admin.,married,university.degree,no,yes,no,cellular,apr,fri,1,999,0,nonexistent,-1.8,93.075,-47.1,1.405,5099.1,yes,0,-1,0.6175
45,blue-collar,married,unknown,no,yes,yes,telephone,may,mon,2,999,0,nonexistent,1.1,93.994,-36.4,4.858,5191.0,yes,0,-1,0.6175
42,technician,married,basic.9y,no,yes,no,telephone,jun,mon,8,999,0,nonexistent,1.4,94.465,-41.8,4.961,5228.1,yes,0,-1,0.6175
40,management,single,university.degree,no,no,no,cellular,nov,thu,1,999,0,nonexistent,-0.1,93.2,-42.0,4.076,5195.8,yes,0,-1,0.6175
42,admin.,married,high.school,no,unknown,unknown,cellular,may,thu,3,999,1,failure,-1.8,92.893,-46.2,1.327,5099.1,yes,0,-1,0.6175
39,technician,single,professional.course,unknown,no,no,telephone,jun,mon,4,999,0,nonexistent,1.4,94.465,-41.8,4.865,5228.1,yes,0,-1,0.6175
44,blue-collar,married,basic.6y,no,no,no,cellular,may,fri,2,999,0,nonexistent,-1.8,92.893,-46.2,1.25,5099.1,yes,0,-1,0.6175
49,blue-collar,divorced,basic.4y,unknown,no,no,telephone,may,thu,2,999,0,nonexistent,1.1,93.994,-36.4,4.86,5191.0,yes,0,-1,0.6175
58,admin.,divorced,university.degree,no,yes,no,telephone,may,fri,2,999,0,nonexistent,1.1,93.994,-36.4,4.857,5191.0,yes,0,-1,0.6175
45,technician,married,university.degree,no,yes,yes,telephone,may,tue,1,999,0,nonexistent,1.1,93.994,-36.4,4.856,5191.0,yes,0,-1,0.6175
30,admin.,married,university.degree,no,no,no,telephone,may,fri,1,999,0,nonexistent,1.1,93.994,-36.4,4.864,5191.0,yes,0,-1,0.6175
41,admin.,married,university.degree,unknown,yes,no,cellular,aug,thu,11,999,0,nonexistent,1.4,93.444,-36.1,4.962,5228.1,yes,0,-1,0.6175
43,blue-collar,married,basic.9y,unknown,no,no,telephone,may,fri,2,999,0,nonexistent,1.1,93.994,-36.4,4.864,5191.0,yes,0,-1,0.6175
35,admin.,single,high.school,no,no,no,telephone,jun,wed,2,999,0,nonexistent,1.4,94.465,-41.8,4.864,5228.1,yes,0,-1,0.6175
30,technician,single,professional.course,no,yes,no,cellular,aug,thu,5,999,0,nonexistent,1.4,93.444,-36.1,4.968,5228.1,yes,0,-1,0.6175
36,blue-collar,married,high.school,no,no,no,cellular,jul,mon,1,999,0,nonexistent,1.4,93.918,-42.7,4.96,5228.1,yes,0,-1,0.6175
34,blue-collar,single,basic.9y,unknown,no,no,telephone,may,wed,3,999,0,nonexistent,1.1,93.994,-36.4,4.857,5191.0,yes,0,-1,0.6175
55,technician,married,professional.course,no,no,no,cellular,aug,wed,7,999,0,nonexistent,1.4,93.444,-36.1,4.964,5228.1,yes,0,-1,0.6175
41,management,married,unknown,unknown,no,yes,telephone,jun,thu,1,999,0,nonexistent,1.4,94.465,-41.8,4.866,5228.1,yes,0,-1,0.6175
34,admin.,married,university.degree,no,no,no,cellular,nov,fri,1,999,0,nonexistent,-0.1,93.2,-42.0,4.021,5195.8,yes,0,-1,0.6175
45,admin.,married,high.school,no,yes,no,telephone,may,thu,1,999,0,nonexistent,1.1,93.994,-36.4,4.86,5191.0,yes,0,-1,0.6175
24,entrepreneur,single,university.degree,no,yes,no,cellular,jul,tue,3,999,0,nonexistent,1.4,93.918,-42.7,4.961,5228.1,yes,0,-1,0.6175
42,admin.,married,university.degree,no,yes,no,cellular,nov,thu,5,999,0,nonexistent,-0.1,93.2,-42.0,4.076,5195.8,yes,0,-1,0.6175
35,self-employed,married,university.degree,no,yes,no,cellular,aug,thu,2,999,0,nonexistent,1.4,93.444,-36.1,4.964,5228.1,yes,0,-1,0.6175
50,technician,married,university.degree,no,unknown,unknown,cellular,aug,mon,2,999,0,nonexistent,1.4,93.444,-36.1,4.963,5228.1,yes,0,-1,0.6175
26,blue-collar,single,basic.6y,unknown,yes,no,cellular,jul,tue,2,999,0,nonexistent,1.4,93.918,-42.7,4.961,5228.1,yes,0,-1,0.6175
55,technician,divorced,professional.course,unknown,no,no,telephone,jun,thu,1,999,0,nonexistent,1.4,94.465,-41.8,4.958,5228.1,yes,0,-1,0.6175
30,student,single,university.degree,no,yes,no,cellular,may,tue,3,999,0,nonexistent,-1.8,92.893,-46.2,1.291,5099.1,yes,0,-1,0.6168187236747993
36,admin.,single,university.degree,no,no,no,telephone,may,thu,3,999,0,nonexistent,1.1,93.994,-36.4,4.86,5191.0,yes,0,-1,0.6167879718642877
36,admin.,single,university.degree,no,no,no,telephone,may,thu,3,999,0,nonexistent,1.1,93.994,-36.4,4.86,5191.0,no,0,-1,0.6167879718642877
45,blue-collar,married,unknown,no,yes,no,cellular,apr,thu,1,999,1,failure,-1.8,93.075,-47.1,1.41,5099.1,no,0,-1,0.6166503107884418
45,blue-collar,married,unknown,no,yes,no,cellular,apr,thu,1,999,1,failure,-1.8,93.075,-47.1,1.41,5099.1,yes,0,-1,0.6166503107884418
23,blue-collar,single,high.school,no,yes,no,cellular,jul,wed,1,999,0,nonexistent,1.4,93.918,-42.7,4.957,5228.1,yes,0,-1,0.6158051686239474
23,blue-collar,single,high.school,no,yes,no,cellular,jul,wed,1,999,0,nonexistent,1.4,93.918,-42.7,4.957,5228.1,no,0,-1,0.6158051686239474
34,admin.,married,high.school,no,yes,no,cellular,aug,thu,1,999,0,nonexistent,1.4,93.444,-36.1,4.963,5228.1,yes,0,-1,0.6152254249900451
34,admin.,married,high.school,no,yes,no,cellular,aug,thu,1,999,0,nonexistent,1.4,93.444,-36.1,4.963,5228.1,no,0,-1,0.6152254249900451
30,admin.,married,high.school,unknown,yes,yes,cellular,aug,thu,1,999,0,nonexistent,1.4,93.444,-36.1,4.964,5228.1,yes,0,-1,0.615
28,admin.,married,university.degree,no,no,yes,cellular,jul,wed,1,999,0,nonexistent,1.4,93.918,-42.7,4.963,5228.1,yes,0,-1,0.615
34,blue-collar,married,basic.9y,no,yes,yes,telephone,may,wed,4,999,0,nonexistent,1.1,93.994,-36.4,4.857,5191.0,yes,0,-1,0.615
30,services,divorced,basic.9y,no,no,no,telephone,jun,mon,1,999,0,nonexistent,1.4,94.465,-41.8,4.865,5228.1,yes,0,-1,0.615
30,self-employed,single,university.degree,no,yes,no,telephone,jun,tue,3,999,0,nonexistent,1.4,94.465,-41.8,4.961,5228.1,yes,0,-1,0.615
29,technician,married,professional.course,no,no,no,telephone,may,fri,3,999,0,nonexistent,1.1,93.994,-36.4,4.864,5191.0,yes,0,-1,0.615
52,admin.,divorced,university.degree,no,yes,no,cellular,jul,mon,2,999,0,nonexistent,1.4,93.918,-42.7,4.962,5228.1,yes,0,-1,0.615
35,management,married,university.degree,no,yes,no,cellular,nov,fri,9,999,0,nonexistent,-0.1,93.2,-42.0,4.021,5195.8,yes,0,-1,0.615
36,blue-collar,married,basic.9y,no,yes,no,telephone,jun,fri,3,999,0,nonexistent,1.4,94.465,-41.8,4.959,5228.1,yes,0,-1,0.615
32,entrepreneur,married,university.degree,no,unknown,unknown,cellular,may,fri,1,999,0,nonexistent,-1.8,92.893,-46.2,1.25,5099.1,yes,0,-1,0.615
43,blue-collar,single,basic.9y,no,yes,no,cellular,jul,thu,1,999,0,nonexistent,1.4,93.918,-42.7,4.963,5228.1,yes,0,-1,0.615
45,blue-collar,married,basic.4y,no,yes,no,cellular,jul,thu,2,999,0,nonexistent,1.4,93.918,-42.7,4.962,5228.1,yes,0,-1,0.615
30,technician,single,professional.course,no,no,yes,cellular,nov,tue,1,999,0,nonexistent,-0.1,93.2,-42.0,4.153,5195.8,yes,0,-1,0.615
57,retired,married,university.degree,no,yes,yes,cellular,nov,mon,2,999,0,nonexistent,-0.1,93.2,-42.0,4.191,5195.8,yes,0,-1,0.615
26,admin.,single,basic.9y,no,yes,yes,cellular,jul,tue,2,999,0,nonexistent,1.4,93.918,-42.7,4.962,5228.1,yes,0,-1,0.615
33,admin.,married,university.degree,no,no,no,cellular,jul,tue,1,999,0,nonexistent,1.4,93.918,-42.7,4.961,5228.1,yes,0,-1,0.615
31,blue-collar,married,basic.9y,no,no,no,telephone,may,thu,2,999,0,nonexistent,1.1,93.994,-36.4,4.86,5191.0,yes,0,-1,0.615
31,blue-collar,single,high.school,no,no,no,telephone,jul,tue,11,999,0,nonexistent,1.4,93.918,-42.7,4.961,5228.1,yes,0,-1,0.615
44,admin.,single,basic.9y,no,yes,yes,cellular,jul,mon,2,999,0,nonexistent,1.4,93.918,-42.7,4.96,5228.1,yes,0,-1,0.615
31,admin.,single,basic.9y,no,no,no,cellular,may,fri,4,999,0,nonexistent,-1.8,92.893,-46.2,1.25,5099.1,yes,0,-1,0.615
31,technician,married,university.degree,no,no,no,cellular,may,mon,2,999,0,nonexistent,-1.8,92.893,-46.2,1.299,5099.1,yes,0,-1,0.615
30,admin.,single,university.degree,no,no,no,cellular,nov,fri,2,999,0,nonexistent,-0.1,93.2,-42.0,4.021,5195.8,yes,0,-1,0.615
33,technician,married,professional.course,no,yes,no,cellular,may,mon,2,999,0,nonexistent,-1.8,92.893,-46.2,1.244,5099.1,no,0,-1,0.614883112415049
33,technician,married,professional.course,no,yes,no,cellular,may,mon,2,999,0,nonexistent,-1.8,92.893,-46.2,1.244,5099.1,yes,0,-1,0.614883112415049
30,self-employed,married,basic.9y,no,no,no,telephone,may,tue,2,999,0,nonexistent,1.1,93.994,-36.4,4.857,5191.0,yes,0,-1,0.6145732087747215
35,admin.,single,university.degree,no,no,no,cellular,nov,tue,1,999,0,nonexistent,-0.1,93.2,-42.0,4.153,5195.8,yes,0,-1,0.6145243188797656
27,services,married,university.degree,no,yes,no,cellular,may,tue,1,999,0,nonexistent,-1.8,92.893,-46.2,1.266,5099.1,no,0,-1,0.6135103240650605
27,services,married,university.degree,no,yes,no,cellular,may,tue,1,999,0,nonexistent,-1.8,92.893,-46.2,1.266,5099.1,yes,0,-1,0.6135103240650605
38,technician,single,university.degree,no,no,no,telephone,may,tue,1,999,0,nonexistent,1.1,93.994,-36.4,4.856,5191.0,no,0,-1,0.6130439206347917
38,technician,single,university.degree,no,no,no,telephone,may,tue,1,999,0,nonexistent,1.1,93.994,-36.4,4.856,5191.0,yes,0,-1,0.6130439206347917
43,management,married,university.degree,no,yes,no,cellular,may,fri,1,999,0,nonexistent,-1.8,92.893,-46.2,1.25,5099.1,yes,0,-1,0.6125
41,blue-collar,married,basic.9y,no,yes,no,cellular,may,tue,1,999,0,nonexistent,-1.8,92.893,-46.2,1.266,5099.1,yes,0,-1,0.6125
37,unemployed,married,professional.course,unknown,no,no,telephone,may,thu,1,999,0,nonexistent,1.1,93.994,-36.4,4.86,5191.0,yes,0,-1,0.6125
27,admin.,married,university.degree,no,no,yes,cellular,jul,fri,2,999,0,nonexistent,1.4,93.918,-42.7,4.962,5228.1,yes,0,-1,0.6125
50,management,divorced,university.degree,unknown,no,no,telephone,apr,mon,6,999,1,failure,-1.8,93.075,-47.1,1.466,5099.1,yes,0,-1,0.6125
26,technician,single,university.degree,no,no,no,telephone,jun,tue,3,999,0,nonexistent,1.4,94.465,-41.8,4.864,5228.1,yes,0,-1,0.6125
41,admin.,divorced,university.degree,no,yes,no,cellular,aug,wed,5,999,0,nonexistent,1.4,93.444,-36.1,4.964,5228.1,yes,0,-1,0.6125
57,management,married,university.degree,no,yes,yes,cellular,nov,tue,2,999,1,failure,-0.1,93.2,-42.0,4.153,5195.8,yes,0,-1,0.6125
56,blue-collar,married,basic.4y,unknown,yes,yes,telephone,may,fri,1,999,0,nonexistent,1.1,93.994,-36.4,4.859,5191.0,yes,0,-1,0.6125
45,admin.,divorced,university.degree,no,no,no,telephone,may,wed,3,999,0,nonexistent,1.1,93.994,-36.4,4.858,5191.0,yes,0,-1,0.6125
39,admin.,single,unknown,no,no,no,cellular,nov,fri,2,999,1,failure,-0.1,93.2,-42.0,4.021,5195.8,yes,0,-1,0.6125
49,admin.,married,university.degree,no,no,no,cellular,aug,tue,5,999,0,nonexistent,1.4,93.444,-36.1,4.965,5228.1,yes,0,-1,0.6125
58,retired,divorced,high.school,no,yes,no,cellular,jun,tue,1,999,0,nonexistent,-2.9,92.963,-40.8,1.262,5076.2,yes,0,-1,0.6125
49,blue-collar,married,basic.9y,unknown,no,no,telephone,jun,thu,2,999,0,nonexistent,1.4,94.465,-41.8,4.866,5228.1,yes,0,-1,0.6125
47,blue-collar,married,high.school,no,yes,no,cellular,may,fri,2,999,1,failure,-1.8,92.893,-46.2,1.25,5099.1,yes,0,-1,0.6125
31,management,married,university.degree,no,yes,yes,cellular,aug,wed,2,999,0,nonexistent,1.4,93.444,-36.1,4.967,5228.1,yes,0,-1,0.6125
26,blue-collar,married,basic.9y,no,no,no,telephone,jun,mon,3,999,0,nonexistent,1.4,94.465,-41.8,4.865,5228.1,yes,0,-1,0.6125
53,technician,married,professional.course,unknown,yes,no,telephone,may,thu,2,999,0,nonexistent,1.1,93.994,-36.4,4.86,5191.0,yes,0,-1,0.6125
33,services,married,high.school,unknown,yes,no,telephone,jun,tue,3,999,0,nonexistent,1.4,94.465,-41.8,4.961,5228.1,yes,0,-1,0.6125
33,management,single,university.degree,no,yes,no,cellular,jul,fri,2,999,0,nonexistent,1.4,93.918,-42.7,4.957,5228.1,yes,0,-1,0.6125
42,admin.,married,university.degree,no,yes,no,cellular,aug,tue,2,999,0,nonexistent,1.4,93.444,-36.1,4.968,5228.1,yes,0,-1,0.6123151115182687
42,admin.,married,university.degree,no,yes,no,cellular,aug,tue,2,999,0,nonexistent,1.4,93.444,-36.1,4.968,5228.1,no,0,-1,0.6123151115182687
33,technician,married,professional.course,no,no,yes,cellular,aug,tue,1,999,0,nonexistent,1.4,93.444,-36.1,4.966,5228.1,yes,0,-1,0.6122257089443527
32,admin.,single,professional.course,no,yes,yes,cellular,may,thu,1,999,0,nonexistent,-1.8,92.893,-46.2,1.327,5099.1,yes,0,-1,0.6122140550645819
26,student,single,basic.9y,no,no,no,telephone,aug,wed,1,999,0,nonexistent,-2.9,92.201,-31.4,0.879,5076.2,yes,0,-1,0.6116424486783282
26,student,single,basic.9y,no,no,no,telephone,aug,wed,1,999,0,nonexistent,-2.9,92.201,-31.4,0.879,5076.2,no,0,-1,0.6116424486783282
44,blue-collar,married,basic.4y,no,yes,no,cellular,aug,tue,2,999,0,nonexistent,1.4,93.444,-36.1,4.968,5228.1,yes,0,-1,0.6112582810827645
42,blue-collar,married,basic.4y,unknown,yes,no,telephone,jun,thu,1,999,0,nonexistent,1.4,94.465,-41.8,4.866,5228.1,no,0,-1,0.6110289577486353
42,blue-collar,married,basic.4y,unknown,yes,no,telephone,jun,thu,1,999,0,nonexistent,1.4,94.465,-41.8,4.866,5228.1,yes,0,-1,0.6110289577486353
56,blue-collar,married,basic.4y,unknown,no,no,telephone,jun,fri,2,999,0,nonexistent,1.4,94.465,-41.8,4.967,5228.1,no,0,-1,0.6108996991885041
56,blue-collar,married,basic.4y,unknown,no,no,telephone,jun,fri,2,999,0,nonexistent,1.4,94.465,-41.8,4.967,5228.1,yes,0,-1,0.6108996991885041
63,retired,married,high.school,no,no,no,cellular,oct,wed,1,999,0,nonexistent,-3.4,92.431,-26.9,0.74,5017.5,no,0,-1,0.6107083672087931
63,retired,married,high.school,no,no,no,cellular,oct,wed,1,999,0,nonexistent,-3.4,92.431,-26.9,0.74,5017.5,yes,0,-1,0.6107083672087931
34,admin.,married,university.degree,no,no,no,cellular,jul,wed,2,999,0,nonexistent,1.4,93.918,-42.7,4.957,5228.1,yes,0,-1,0.6104776664615358
34,admin.,married,university.degree,no,no,no,cellular,jul,wed,2,999,0,nonexistent,1.4,93.918,-42.7,4.957,5228.1,no,0,-1,0.6104776664615358
34,admin.,single,university.degree,no,yes,no,cellular,apr,tue,1,999,0,nonexistent,-1.8,93.075,-47.1,1.423,5099.1,no,0,-1,0.610262854120464
34,admin.,single,university.degree,no,yes,no,cellular,apr,tue,1,999,0,nonexistent,-1.8,93.075,-47.1,1.423,5099.1,yes,0,-1,0.610262854120464
32,admin.,married,high.school,no,no,no,cellular,aug,thu,1,999,0,nonexistent,1.4,93.444,-36.1,4.968,5228.1,yes,0,-1,0.61
34,entrepreneur,married,university.degree,no,yes,yes,telephone,apr,fri,1,999,0,nonexistent,-1.8,93.075,-47.1,1.405,5099.1,yes,0,-1,0.61
43,services,married,basic.6y,unknown,unknown,unknown,cellular,jul,mon,2,999,0,nonexistent,1.4,93.918,-42.7,4.962,5228.1,yes,0,-1,0.61
33,technician,married,high.school,no,yes,no,cellular,jul,fri,9,999,0,nonexistent,1.4,93.918,-42.7,4.957,5228.1,yes,0,-1,0.61
31,blue-collar,married,basic.9y,unknown,yes,no,telephone,jun,tue,3,999,0,nonexistent,1.4,94.465,-41.8,4.961,5228.1,yes,0,-1,0.61
35,technician,single,university.degree,no,yes,no,telephone,may,wed,1,999,0,nonexistent,1.1,93.994,-36.4,4.858,5191.0,yes,0,-1,0.61
55,technician,married,high.school,no,yes,no,telephone,may,tue,1,999,0,nonexistent,1.1,93.994,-36.4,4.856,5191.0,yes,0,-1,0.61
55,retired,married,university.degree,unknown,yes,no,telephone,jun,thu,1,999,0,nonexistent,1.4,94.465,-41.8,4.961,5228.1,yes,0,-1,0.61
38,services,single,high.school,unknown,no,yes,telephone,may,thu,3,999,0,nonexistent,1.1,93.994,-36.4,4.86,5191.0,yes,0,-1,0.61
52,services,married,high.school,unknown,yes,no,cellular,may,mon,1,999,0,nonexistent,-1.8,92.893,-46.2,1.299,5099.1,yes,0,-1,0.61
36,admin.,married,high.school,no,no,no,telephone,may,tue,1,999,0,nonexistent,-1.8,92.893,-46.2,1.266,5099.1,yes,0,-1,0.61
33,blue-collar,married,high.school,no,yes,no,cellular,may,tue,10,999,1,failure,-1.8,92.893,-46.2,1.291,5099.1,yes,0,-1,0.61
38,self-employed,married,professional.course,no,no,no,cellular,nov,tue,2,999,0,nonexistent,-0.1,93.2,-42.0,4.153,5195.8,yes,0,-1,0.61
34,admin.,married,university.degree,no,yes,no,cellular,may,mon,2,999,0,nonexistent,-1.8,92.893,-46.2,1.264,5099.1,yes,0,-1,0.61
35,self-employed,married,university.degree,no,no,no,cellular,jul,thu,2,999,0,nonexistent,1.4,93.918,-42.7,4.958,5228.1,yes,0,-1,0.61
50,services,divorced,basic.6y,no,no,yes,cellular,jul,wed,1,999,0,nonexistent,1.4,93.918,-42.7,4.963,5228.1,yes,0,-1,0.61
39,technician,married,university.degree,no,no,yes,cellular,nov,tue,2,999,0,nonexistent,-0.1,93.2,-42.0,4.153,5195.8,yes,0,-1,0.61
56,retired,married,basic.4y,no,no,no,cellular,aug,tue,2,999,0,nonexistent,1.4,93.444,-36.1,4.963,5228.1,yes,0,-1,0.61
41,entrepreneur,married,university.degree,no,yes,no,cellular,nov,tue,1,999,0,nonexistent,-0.1,93.2,-42.0,4.153,5195.8,yes,0,-1,0.61
31,technician,single,university.degree,no,no,no,telephone,apr,tue,17,999,0,nonexistent,-1.8,93.075,-47.1,1.405,5099.1,yes,0,-1,0.6098967934115997
43,blue-collar,married,basic.9y,no,no,no,cellular,jul,mon,6,999,0,nonexistent,1.4,93.918,-42.7,4.962,5228.1,yes,0,-1,0.6097187894532388
33,blue-collar,divorced,basic.9y,no,yes,no,cellular,jul,wed,2,999,0,nonexistent,1.4,93.918,-42.7,4.963,5228.1,yes,0,-1,0.6094917989879601
32,unemployed,married,high.school,no,yes,no,cellular,nov,thu,1,999,0,nonexistent,-0.1,93.2,-42.0,4.076,5195.8,yes,0,-1,0.6090550966100409
32,unemployed,married,high.school,no,yes,no,cellular,nov,thu,1,999,0,nonexistent,-0.1,93.2,-42.0,4.076,5195.8,no,0,-1,0.6090550966100409
39,blue-collar,divorced,basic.6y,unknown,yes,no,cellular,may,wed,1,999,0,nonexistent,-1.8,92.893,-46.2,1.281,5099.1,no,0,-1,0.6089357964405729
39,blue-collar,divorced,basic.6y,unknown,yes,no,cellular,may,wed,1,999,0,nonexistent,-1.8,92.893,-46.2,1.281,5099.1,yes,0,-1,0.6089357964405729
24,services,single,high.school,no,no,no,cellular,jul,thu,3,999,0,nonexistent,1.4,93.918,-42.7,4.958,5228.1,yes,0,-1,0.6081350489711137
24,services,single,high.school,no,no,no,cellular,jul,thu,3,999,0,nonexistent,1.4,93.918,-42.7,4.958,5228.1,no,0,-1,0.6081350489711137
32,technician,single,high.school,no,yes,no,cellular,aug,mon,3,999,0,nonexistent,1.4,93.444,-36.1,4.965,5228.1,yes,0,-1,0.608081824099234
32,technician,single,high.school,no,yes,no,cellular,aug,mon,3,999,0,nonexistent,1.4,93.444,-36.1,4.965,5228.1,no,0,-1,0.608081824099234
28,blue-collar,single,high.school,no,yes,no,cellular,may,wed,1,999,0,nonexistent,-1.8,92.893,-46.2,1.281,5099.1,no,0,-1,0.6076605918872873
28,blue-collar,single,high.school,no,yes,no,cellular,may,wed,1,999,0,nonexistent,-1.8,92.893,-46.2,1.281,5099.1,yes,0,-1,0.6076605918872873
41,services,married,high.school,no,unknown,unknown,telephone,jun,wed,1,999,0,nonexistent,1.4,94.465,-41.8,4.962,5228.1,yes,0,-1,0.6075
35,management,married,university.degree,no,no,yes,cellular,aug,fri,5,999,0,nonexistent,1.4,93.444,-36.1,4.964,5228.1,yes,0,-1,0.6075
53,blue-collar,married,basic.4y,unknown,no,no,telephone,may,tue,2,999,0,nonexistent,1.1,93.994,-36.4,4.856,5191.0,yes,0,-1,0.6075
40,housemaid,married,basic.6y,unknown,unknown,unknown,cellular,apr,fri,2,999,0,nonexistent,-1.8,93.075,-47.1,1.405,5099.1,yes,0,-1,0.6075
32,admin.,married,high.school,no,no,no,cellular,jul,thu,11,999,0,nonexistent,1.4,93.918,-42.7,4.968,5228.1,yes,0,-1,0.6075
43,admin.,divorced,high.school,no,no,no,cellular,jul,wed,4,999,0,nonexistent,1.4,93.918,-42.7,4.963,5228.1,yes,0,-1,0.6075
43,admin.,married,university.degree,no,no,no,telephone,jun,fri,3,999,0,nonexistent,1.4,94.465,-41.8,4.959,5228.1,yes,0,-1,0.6075
29,technician,married,professional.course,no,yes,no,telephone,jun,fri,1,999,0,nonexistent,1.4,94.465,-41.8,4.959,5228.1,yes,0,-1,0.6075
33,services,married,high.school,no,yes,no,cellular,jul,tue,4,999,0,nonexistent,1.4,93.918,-42.7,4.961,5228.1,yes,0,-1,0.6075
48,blue-collar,married,unknown,no,no,no,cellular,aug,mon,3,999,0,nonexistent,1.4,93.444,-36.1,4.963,5228.1,yes,0,-1,0.6075
44,admin.,single,university.degree,no,yes,no,telephone,jun,thu,17,999,0,nonexistent,1.4,94.465,-41.8,4.958,5228.1,yes,0,-1,0.6075
60,housemaid,married,high.school,unknown,no,no,telephone,may,fri,3,999,0,nonexistent,1.1,93.994,-36.4,4.855,5191.0,yes,0,-1,0.6075
51,management,married,university.degree,no,no,no,cellular,aug,thu,2,999,0,nonexistent,1.4,93.444,-36.1,4.963,5228.1,yes,0,-1,0.6075
52,blue-collar,married,high.school,unknown,no,no,telephone,jun,mon,4,999,0,nonexistent,1.4,94.465,-41.8,4.865,5228.1,yes,0,-1,0.6075
41,management,married,basic.6y,no,yes,no,telephone,may,wed,1,999,0,nonexistent,1.1,93.994,-36.4,4.857,5191.0,yes,0,-1,0.6075
37,technician,married,university.degree,no,no,no,cellular,aug,thu,1,999,0,nonexistent,1.4,93.444,-36.1,4.962,5228.1,yes,0,-1,0.6075
51,technician,married,high.school,unknown,unknown,unknown,cellular,aug,wed,1,999,0,nonexistent,1.4,93.444,-36.1,4.967,5228.1,yes,0,-1,0.6075
44,admin.,married,university.degree,unknown,yes,no,cellular,aug,wed,2,999,0,nonexistent,1.4,93.444,-36.1,4.965,5228.1,yes,0,-1,0.6070703248381961
30,services,single,high.school,no,no,no,cellular,may,mon,3,999,0,nonexistent,-1.8,92.893,-46.2,1.244,5099.1,yes,0,-1,0.6066539548534368
46,blue-collar,married,basic.4y,unknown,yes,no,cellular,aug,tue,1,999,0,nonexistent,1.4,93.444,-36.1,4.966,5228.1,yes,0,-1,0.6062582810827645
57,management,divorced,professional.course,no,yes,no,cellular,nov,fri,1,999,0,nonexistent,-0.1,93.2,-42.0,4.021,5195.8,no,0,-1,0.6059981260211997
57,management,divorced,professional.course,no,yes,no,cellular,nov,fri,1,999,0,nonexistent,-0.1,93.2,-42.0,4.021,5195.8,yes,0,-1,0.6059981260211997
33,blue-collar,single,high.school,no,no,no,cellular,may,mon,1,999,0,nonexistent,-1.8,92.893,-46.2,1.244,5099.1,no,0,-1,0.6055666104043635
33,blue-collar,single,high.school,no,no,no,cellular,may,mon,1,999,0,nonexistent,-1.8,92.893,-46.2,1.244,5099.1,yes,0,-1,0.6055666104043635
28,admin.,single,university.degree,no,no,no,cellular,mar,thu,1,999,0,nonexistent,-1.8,93.369,-34.8,0.643,5008.7,yes,0,-1,0.6051635035105568
28,admin.,single,university.degree,no,no,no,cellular,mar,thu,1,999,0,nonexistent,-1.8,93.369,-34.8,0.643,5008.7,no,0,-1,0.6051635035105568
26,blue-collar,single,basic.9y,no,no,no,telephone,may,fri,1,999,0,nonexistent,1.1,93.994,-36.4,4.859,5191.0,yes,0,-1,0.605
38,blue-collar,married,basic.6y,unknown,no,no,telephone,jun,thu,2,999,0,nonexistent,1.4,94.465,-41.8,4.961,5228.1,yes,0,-1,0.605
48,technician,married,professional.course,no,yes,no,cellular,aug,fri,8,999,0,nonexistent,1.4,93.444,-36.1,4.964,5228.1,yes,0,-1,0.605
31,blue-collar,married,basic.9y,no,no,no,cellular,apr,tue,1,999,1,failure,-1.8,93.075,-47.1,1.453,5099.1,yes,0,-1,0.605
29,services,married,high.school,no,no,yes,cellular,may,wed,2,999,1,failure,-1.8,92.893,-46.2,1.281,5099.1,yes,0,-1,0.605
39,blue-collar,married,basic.9y,no,yes,no,cellular,may,thu,3,999,0,nonexistent,-1.8,92.893,-46.2,1.266,5099.1,yes,0,-1,0.605
29,technician,single,university.degree,no,yes,yes,telephone,jun,fri,2,999,0,nonexistent,1.4,94.465,-41.8,4.959,5228.1,yes,0,-1,0.605
29,technician,married,university.degree,no,yes,no,cellular,apr,mon,1,999,1,failure,-1.8,93.749,-34.6,0.645,5008.7,yes,0,-1,0.605
41,admin.,married,university.degree,no,no,no,cellular,apr,fri,1,999,0,nonexistent,-1.8,93.075,-47.1,1.405,5099.1,yes,0,-1,0.605
39,services,married,unknown,unknown,yes,yes,cellular,jul,wed,6,999,0,nonexistent,1.4,93.918,-42.7,4.963,5228.1,yes,0,-1,0.605
49,services,married,basic.4y,unknown,no,no,cellular,aug,mon,2,999,0,nonexistent,1.4,93.444,-36.1,4.963,5228.1,yes,0,-1,0.605
52,services,divorced,high.school,unknown,yes,yes,cellular,nov,mon,2,999,1,failure,-0.1,93.2,-42.0,4.191,5195.8,yes,0,-1,0.605
41,entrepreneur,married,basic.4y,no,no,yes,cellular,may,wed,1,999,0,nonexistent,-1.8,92.893,-46.2,1.334,5099.1,yes,0,-1,0.6047286831115859
33,technician,single,university.degree,no,no,no,cellular,apr,thu,1,999,0,nonexistent,-1.8,93.075,-47.1,1.435,5099.1,no,0,-1,0.6043217323870683
33,technician,single,university.degree,no,no,no,cellular,apr,thu,1,999,0,nonexistent,-1.8,93.075,-47.1,1.435,5099.1,yes,0,-1,0.6043217323870683
48,management,married,basic.9y,no,yes,no,cellular,may,tue,1,999,0,nonexistent,-1.8,92.893,-46.2,1.291,5099.1,no,0,-1,0.6042605707363632
48,management,married,basic.9y,no,yes,no,cellular,may,tue,1,999,0,nonexistent,-1.8,92.893,-46.2,1.291,5099.1,yes,0,-1,0.6042605707363632
36,admin.,single,university.degree,no,yes,no,cellular,aug,tue,7,999,0,nonexistent,1.4,93.444,-36.1,4.966,5228.1,yes,0,-1,0.6037582810827645
33,management,divorced,university.degree,no,yes,no,cellular,jun,wed,1,999,0,nonexistent,-2.9,92.963,-40.8,1.26,5076.2,no,0,-1,0.6036839909787307
33,management,divorced,university.degree,no,yes,no,cellular,jun,wed,1,999,0,nonexistent,-2.9,92.963,-40.8,1.26,5076.2,yes,0,-1,0.6036839909787307
34,self-employed,married,illiterate,no,yes,no,cellular,nov,thu,1,999,0,nonexistent,-0.1,93.2,-42.0,4.076,5195.8,yes,0,-1,0.603545655994316
34,self-employed,married,illiterate,no,yes,no,cellular,nov,thu,1,999,0,nonexistent,-0.1,93.2,-42.0,4.076,5195.8,no,0,-1,0.603545655994316
31,admin.,single,university.degree,no,no,no,cellular,aug,tue,1,999,0,nonexistent,1.4,93.444,-36.1,4.966,5228.1,yes,0,-1,0.6032864009637032
31,admin.,single,university.degree,no,no,no,cellular,aug,tue,1,999,0,nonexistent,1.4,93.444,-36.1,4.966,5228.1,no,0,-1,0.6032864009637032
24,blue-collar,single,basic.4y,no,no,no,telephone,jun,wed,1,999,0,nonexistent,1.4,94.465,-41.8,4.962,5228.1,no,0,-1,0.603207281320483
24,blue-collar,single,basic.4y,no,no,no,telephone,jun,wed,1,999,0,nonexistent,1.4,94.465,-41.8,4.962,5228.1,yes,0,-1,0.603207281320483
30,admin.,married,university.degree,no,yes,no,cellular,nov,thu,3,999,0,nonexistent,-0.1,93.2,-42.0,4.076,5195.8,yes,0,-1,0.6025
47,services,single,basic.9y,no,unknown,unknown,telephone,jun,thu,3,999,0,nonexistent,1.4,94.465,-41.8,4.961,5228.1,yes,0,-1,0.6025
46,housemaid,married,basic.4y,no,no,no,telephone,may,wed,2,999,0,nonexistent,1.1,93.994,-36.4,4.858,5191.0,yes,0,-1,0.6025
47,technician,married,professional.course,no,yes,no,cellular,nov,thu,4,999,0,nonexistent,-0.1,93.2,-42.0,4.076,5195.8,yes,0,-1,0.6025
52,blue-collar,married,basic.4y,unknown,yes,no,telephone,may,mon,3,999,0,nonexistent,1.1,93.994,-36.4,4.857,5191.0,yes,0,-1,0.6025
26,admin.,single,high.school,no,no,no,cellular,jul,fri,2,999,0,nonexistent,1.4,93.918,-42.7,4.963,5228.1,yes,0,-1,0.6025
30,student,single,high.school,no,no,no,telephone,jun,wed,1,999,0,nonexistent,1.4,94.465,-41.8,4.864,5228.1,yes,0,-1,0.6023504020585397
37,admin.,married,basic.6y,no,yes,yes,cellular,jul,thu,6,999,0,nonexistent,1.4,93.918,-42.7,4.962,5228.1,yes,0,-1,0.6023495154377791
33,management,single,university.degree,no,yes,yes,cellular,apr,wed,1,999,0,nonexistent,-1.8,93.075,-47.1,1.498,5099.1,yes,0,-1,0.6022204894654614
33,management,single,university.degree,no,yes,yes,cellular,apr,wed,1,999,0,nonexistent,-1.8,93.075,-47.1,1.498,5099.1,no,0,-1,0.6022204894654614
30,admin.,single,university.degree,no,no,yes,cellular,aug,mon,1,999,0,nonexistent,1.4,93.444,-36.1,4.965,5228.1,yes,0,-1,0.6015070214784061
30,admin.,single,university.degree,no,no,yes,cellular,aug,mon,1,999,0,nonexistent,1.4,93.444,-36.1,4.965,5228.1,no,0,-1,0.6015070214784061
40,management,married,university.degree,no,no,no,cellular,nov,tue,2,999,1,failure,-0.1,93.2,-42.0,4.153,5195.8,no,0,-1,0.6011320171091681
40,management,married,university.degree,no,no,no,cellular,nov,tue,2,999,1,failure,-0.1,93.2,-42.0,4.153,5195.8,yes,0,-1,0.6011320171091681
29,blue-collar,married,basic.9y,no,yes,no,cellular,may,mon,1,999,0,nonexistent,-1.8,92.893,-46.2,1.299,5099.1,yes,0,-1,0.6002454231665638
29,blue-collar,married,basic.9y,no,yes,no,cellular,may,mon,1,999,0,nonexistent,-1.8,92.893,-46.2,1.299,5099.1,no,0,-1,0.6002454231665638
45,admin.,married,high.school,no,yes,no,cellular,aug,tue,4,999,0,nonexistent,1.4,93.444,-36.1,4.963,5228.1,yes,0,-1,0.6
31,admin.,single,high.school,no,no,no,cellular,nov,wed,1,999,0,nonexistent,-0.1,93.2,-42.0,4.12,5195.8,yes,0,-1,0.6
28,unknown,single,unknown,unknown,yes,yes,telephone,may,tue,1,999,0,nonexistent,1.1,93.994,-36.4,4.857,5191.0,yes,0,-1,0.6
37,blue-collar,married,basic.4y,no,no,no,cellular,may,thu,1,999,0,nonexistent,-1.8,92.893,-46.2,1.266,5099.1,yes,0,-1,0.6
40,unemployed,divorced,university.degree,no,yes,no,cellular,jul,wed,2,999,0,nonexistent,1.4,93.918,-42.7,4.963,5228.1,yes,0,-1,0.6
31,blue-collar,single,basic.9y,no,no,no,telephone,jun,wed,2,999,0,nonexistent,1.4,94.465,-41.8,4.864,5228.1,yes,0,-1,0.5999849066507078
31,blue-collar,single,basic.9y,no,no,no,telephone,jun,wed,2,999,0,nonexistent,1.4,94.465,-41.8,4.864,5228.1,no,0,-1,0.5999849066507078
29,admin.,single,university.degree,no,yes,no,cellular,aug,wed,2,999,0,nonexistent,1.4,93.444,-36.1,4.964,5228.1,no,0,-1,0.5996882655282956
29,admin.,single,university.degree,no,yes,no,cellular,aug,wed,2,999,0,nonexistent,1.4,93.444,-36.1,4.964,5228.1,yes,0,-1,0.5996882655282956
33,services,single,high.school,unknown,yes,no,cellular,jul,tue,2,999,0,nonexistent,1.4,93.918,-42.7,4.961,5228.1,yes,0,-1,0.5996220888212827
33,services,single,high.school,unknown,yes,no,cellular,jul,tue,2,999,0,nonexistent,1.4,93.918,-42.7,4.961,5228.1,no,0,-1,0.5996220888212827
38,admin.,married,unknown,no,yes,no,cellular,jul,wed,3,999,0,nonexistent,1.4,93.918,-42.7,4.963,5228.1,no,0,-1,0.5991659479512614
38,admin.,married,unknown,no,yes,no,cellular,jul,wed,3,999,0,nonexistent,1.4,93.918,-42.7,4.963,5228.1,yes,0,-1,0.5991659479512614
33,services,married,high.school,no,no,no,cellular,jul,fri,2,999,0,nonexistent,1.4,93.918,-42.7,4.963,5228.1,yes,0,-1,0.5988304259658489
33,services,married,high.school,no,no,no,cellular,jul,fri,2,999,0,nonexistent,1.4,93.918,-42.7,4.963,5228.1,no,0,-1,0.5988304259658489
36,admin.,married,university.degree,no,no,no,cellular,aug,mon,2,999,0,nonexistent,1.4,93.444,-36.1,4.965,5228.1,yes,0,-1,0.5986015752034699
36,admin.,married,university.degree,no,no,no,cellular,aug,mon,2,999,0,nonexistent,1.4,93.444,-36.1,4.965,5228.1,no,0,-1,0.5986015752034699
23,admin.,single,professional.course,no,yes,no,cellular,jul,wed,2,999,0,nonexistent,1.4,93.918,-42.7,4.963,5228.1,yes,0,-1,0.5980479089052585
23,admin.,single,professional.course,no,yes,no,cellular,jul,wed,2,999,0,nonexistent,1.4,93.918,-42.7,4.963,5228.1,no,0,-1,0.5980479089052585
29,admin.,married,university.degree,no,yes,no,cellular,aug,wed,1,999,0,nonexistent,1.4,93.444,-36.1,4.964,5228.1,no,0,-1,0.5977032189668591
29,admin.,married,university.degree,no,yes,no,cellular,aug,wed,1,999,0,nonexistent,1.4,93.444,-36.1,4.964,5228.1,yes,0,-1,0.5977032189668591
38,unemployed,divorced,high.school,no,yes,yes,cellular,apr,fri,2,999,1,failure,-1.8,93.075,-47.1,1.405,5099.1,yes,0,-1,0.5975
40,management,married,high.school,no,no,no,cellular,aug,wed,2,999,0,nonexistent,1.4,93.444,-36.1,4.965,5228.1,yes,0,-1,0.5975
42,blue-collar,married,basic.6y,no,yes,no,telephone,jun,mon,1,999,0,nonexistent,1.4,94.465,-41.8,4.865,5228.1,yes,0,-1,0.5975
30,management,married,university.degree,no,yes,no,cellular,jul,wed,3,999,0,nonexistent,1.4,93.918,-42.7,4.963,5228.1,yes,0,-1,0.5975
43,blue-collar,married,high.school,no,no,no,cellular,apr,fri,1,999,1,failure,-1.8,93.075,-47.1,1.405,5099.1,yes,0,-1,0.5975
52,services,divorced,high.school,no,no,no,telephone,may,mon,5,999,0,nonexistent,1.1,93.994,-36.4,4.858,5191.0,yes,0,-1,0.5975
33,blue-collar,married,professional.course,no,yes,no,telephone,jun,fri,11,999,0,nonexistent,1.4,94.465,-41.8,4.967,5228.1,yes,0,-1,0.5975
42,blue-collar,married,basic.4y,no,yes,no,cellular,jul,wed,4,999,0,nonexistent,1.4,93.918,-42.7,4.963,5228.1,yes,0,-1,0.5975
30,technician,single,university.degree,unknown,yes,no,telephone,may,thu,3,999,0,nonexistent,1.1,93.994,-36.4,4.86,5191.0,yes,0,-1,0.5975
46,admin.,married,university.degree,unknown,no,no,cellular,aug,mon,2,999,0,nonexistent,1.4,93.444,-36.1,4.965,5228.1,no,0,-1,0.5971738115748073
46,admin.,married,university.degree,unknown,no,no,cellular,aug,mon,2,999,0,nonexistent,1.4,93.444,-36.1,4.965,5228.1,yes,0,-1,0.5971738115748073
50,blue-collar,married,basic.4y,no,no,no,cellular,jul,mon,3,999,0,nonexistent,1.4,93.918,-42.7,4.962,5228.1,no,0,-1,0.5971509426648198
50,blue-collar,married,basic.4y,no,no,no,cellular,jul,mon,3,999,0,nonexistent,1.4,93.918,-42.7,4.962,5228.1,yes,0,-1,0.5971509426648198
32,technician,married,university.degree,no,yes,no,cellular,aug,tue,2,999,0,nonexistent,1.4,93.444,-36.1,4.966,5228.1,yes,0,-1,0.5958712893114848
32,technician,married,university.degree,no,yes,no,cellular,aug,tue,2,999,0,nonexistent,1.4,93.444,-36.1,4.966,5228.1,no,0,-1,0.5958712893114848
49,housemaid,married,basic.4y,unknown,yes,no,cellular,aug,wed,1,999,0,nonexistent,1.4,93.444,-36.1,4.967,5228.1,yes,0,-1,0.595723518814575
49,housemaid,married,basic.4y,unknown,yes,no,cellular,aug,wed,1,999,0,nonexistent,1.4,93.444,-36.1,4.967,5228.1,no,0,-1,0.595723518814575
34,admin.,divorced,university.degree,no,no,no,cellular,nov,fri,2,999,0,nonexistent,-0.1,93.2,-42.0,4.021,5195.8,yes,0,-1,0.595
31,admin.,single,high.school,no,yes,no,cellular,jul,wed,1,999,0,nonexistent,1.4,93.918,-42.7,4.963,5228.1,yes,0,-1,0.595
41,admin.,single,unknown,no,yes,yes,telephone,may,mon,3,999,0,nonexistent,1.1,93.994,-36.4,4.857,5191.0,yes,0,-1,0.595
34,technician,married,professional.course,no,no,no,cellular,aug,wed,2,999,0,nonexistent,1.4,93.444,-36.1,4.965,5228.1,yes,0,-1,0.595
36,admin.,married,university.degree,no,yes,yes,cellular,jul,mon,2,999,0,nonexistent,1.4,93.918,-42.7,4.962,5228.1,yes,0,-1,0.5945526168268109
36,admin.,married,university.degree,no,yes,yes,cellular,jul,mon,2,999,0,nonexistent,1.4,93.918,-42.7,4.962,5228.1,no,0,-1,0.5945526168268109
35,technician,single,university.degree,no,yes,no,cellular,aug,fri,4,999,0,nonexistent,1.4,93.444,-36.1,4.964,5228.1,yes,0,-1,0.5944945438673068
24,services,single,high.school,no,no,no,telephone,may,mon,2,999,0,nonexistent,1.1,93.994,-36.4,4.857,5191.0,yes,0,-1,0.594484951435167
43,admin.,divorced,university.degree,no,no,no,cellular,nov,wed,1,999,0,nonexistent,-0.1,93.2,-42.0,4.12,5195.8,yes,0,-1,0.5938794066232884
32,admin.,single,university.degree,no,yes,no,cellular,dec,tue,2,999,0,nonexistent,-3.0,92.713,-33.0,0.707,5023.5,yes,0,-1,0.5936107668586663
32,admin.,single,university.degree,no,yes,no,cellular,dec,tue,2,999,0,nonexistent,-3.0,92.713,-33.0,0.707,5023.5,no,0,-1,0.5936107668586663
29,technician,single,professional.course,no,no,no,cellular,nov,fri,3,999,0,nonexistent,-0.1,93.2,-42.0,4.021,5195.8,yes,0,-1,0.5932002877549712
29,technician,single,professional.course,no,no,no,cellular,nov,fri,3,999,0,nonexistent,-0.1,93.2,-42.0,4.021,5195.8,no,0,-1,0.5932002877549712
31,blue-collar,married,basic.9y,no,no,no,telephone,may,tue,1,999,0,nonexistent,1.1,93.994,-36.4,4.857,5191.0,yes,0,-1,0.5930641765947966
31,blue-collar,married,basic.9y,no,no,no,telephone,may,tue,1,999,0,nonexistent,1.1,93.994,-36.4,4.857,5191.0,no,0,-1,0.5930641765947966
32,admin.,single,university.degree,no,no,no,cellular,aug,wed,1,999,0,nonexistent,1.4,93.444,-36.1,4.965,5228.1,yes,0,-1,0.592785821833318
32,admin.,single,university.degree,no,no,no,cellular,aug,wed,1,999,0,nonexistent,1.4,93.444,-36.1,4.965,5228.1,no,0,-1,0.592785821833318
39,blue-collar,married,basic.6y,no,yes,no,cellular,may,thu,1,999,0,nonexistent,-1.8,92.893,-46.2,1.327,5099.1,yes,0,-1,0.5925
44,management,single,university.degree,unknown,no,no,cellular,nov,fri,2,999,0,nonexistent,-0.1,93.2,-42.0,4.021,5195.8,yes,0,-1,0.5925
31,services,married,high.school,no,no,no,telephone,may,fri,1,999,0,nonexistent,1.1,93.994,-36.4,4.864,5191.0,yes,0,-1,0.5925
32,admin.,single,high.school,no,yes,no,telephone,may,fri,4,999,0,nonexistent,1.1,93.994,-36.4,4.864,5191.0,yes,0,-1,0.5925
50,blue-collar,married,basic.9y,no,yes,no,cellular,apr,mon,1,999,0,nonexistent,-1.8,93.075,-47.1,1.405,5099.1,yes,0,-1,0.5925
38,services,married,high.school,no,no,no,cellular,jul,thu,2,999,0,nonexistent,1.4,93.918,-42.7,4.968,5228.1,yes,0,-1,0.5921114143736933
38,services,married,high.school,no,no,no,cellular,jul,thu,2,999,0,nonexistent,1.4,93.918,-42.7,4.968,5228.1,no,0,-1,0.5921114143736933
36,blue-collar,married,unknown,no,no,no,cellular,apr,thu,1,999,0,nonexistent,-1.8,93.075,-47.1,1.41,5099.1,yes,0,-1,0.5920003387163743
44,blue-collar,married,basic.9y,unknown,yes,no,cellular,jul,mon,1,999,0,nonexistent,1.4,93.918,-42.7,4.96,5228.1,yes,0,-1,0.5914962677362068
44,blue-collar,married,basic.9y,unknown,yes,no,cellular,jul,mon,1,999,0,nonexistent,1.4,93.918,-42.7,4.96,5228.1,no,0,-1,0.5914962677362068
35,admin.,single,university.degree,unknown,no,no,cellular,jul,thu,1,999,0,nonexistent,1.4,93.918,-42.7,4.963,5228.1,yes,0,-1,0.5913672725462671
35,admin.,single,university.degree,unknown,no,no,cellular,jul,thu,1,999,0,nonexistent,1.4,93.918,-42.7,4.963,5228.1,no,0,-1,0.5913672725462671
27,services,single,high.school,no,no,no,cellular,jul,mon,3,999,0,nonexistent,1.4,93.918,-42.7,4.962,5228.1,no,0,-1,0.5907551590499227
27,services,single,high.school,no,no,no,cellular,jul,mon,3,999,0,nonexistent,1.4,93.918,-42.7,4.962,5228.1,yes,0,-1,0.5907551590499227
30,technician,single,professional.course,no,yes,no,cellular,may,thu,1,999,0,nonexistent,-1.8,92.893,-46.2,1.266,5099.1,no,0,-1,0.5905993047217766
30,technician,single,professional.course,no,yes,no,cellular,may,thu,1,999,0,nonexistent,-1.8,92.893,-46.2,1.266,5099.1,yes,0,-1,0.5905993047217766
31,blue-collar,single,basic.9y,no,no,no,cellular,may,thu,1,999,1,failure,-1.8,92.893,-46.2,1.266,5099.1,no,0,-1,0.5905723968927188
31,blue-collar,single,basic.9y,no,no,no,cellular,may,thu,1,999,1,failure,-1.8,92.893,-46.2,1.266,5099.1,yes,0,-1,0.5905723968927188
35,blue-collar,married,basic.9y,no,yes,no,cellular,jul,mon,2,999,0,nonexistent,1.4,93.918,-42.7,4.962,5228.1,yes,0,-1,0.5905390487640086
35,blue-collar,married,basic.9y,no,yes,no,cellular,jul,mon,2,999,0,nonexistent,1.4,93.918,-42.7,4.962,5228.1,no,0,-1,0.5905390487640086
48,admin.,married,basic.9y,no,yes,no,cellular,aug,tue,2,999,0,nonexistent,1.4,93.444,-36.1,4.966,5228.1,no,0,-1,0.5902528984864602
48,admin.,married,basic.9y,no,yes,no,cellular,aug,tue,2,999,0,nonexistent,1.4,93.444,-36.1,4.966,5228.1,yes,0,-1,0.5902528984864602
49,admin.,married,high.school,no,yes,no,cellular,may,tue,1,999,1,failure,-1.8,92.893,-46.2,1.344,5099.1,yes,0,-1,0.59
54,technician,married,university.degree,no,yes,no,telephone,aug,mon,2,999,0,nonexistent,1.4,93.444,-36.1,4.97,5228.1,yes,0,-1,0.59
42,management,married,university.degree,no,no,no,telephone,may,tue,1,999,0,nonexistent,1.1,93.994,-36.4,4.857,5191.0,yes,0,-1,0.59
33,admin.,single,university.degree,no,yes,no,cellular,aug,thu,4,999,0,nonexistent,1.4,93.444,-36.1,4.963,5228.1,yes,0,-1,0.59
59,retired,married,basic.9y,no,yes,no,telephone,jun,wed,1,999,0,nonexistent,1.4,94.465,-41.8,4.962,5228.1,yes,0,-1,0.59
33,services,single,high.school,no,no,no,telephone,may,fri,2,999,0,nonexistent,1.1,93.994,-36.4,4.857,5191.0,yes,0,-1,0.59
35,admin.,married,high.school,unknown,yes,no,cellular,jul,fri,1,999,0,nonexistent,1.4,93.918,-42.7,4.963,5228.1,no,0,-1,0.5896578599062757
35,admin.,married,high.school,unknown,yes,no,cellular,jul,fri,1,999,0,nonexistent,1.4,93.918,-42.7,4.963,5228.1,yes,0,-1,0.5896578599062757
40,admin.,divorced,high.school,no,no,no,cellular,jul,mon,2,999,0,nonexistent,1.4,93.918,-42.7,4.962,5228.1,yes,0,-1,0.5893378262514011
34,self-employed,single,university.degree,no,no,no,cellular,jul,wed,1,999,0,nonexistent,1.4,93.918,-42.7,4.963,5228.1,no,0,-1,0.5883188237382787
34,self-employed,single,university.degree,no,no,no,cellular,jul,wed,1,999,0,nonexistent,1.4,93.918,-42.7,4.963,5228.1,yes,0,-1,0.5883188237382787
34,blue-collar,married,basic.6y,unknown,no,no,cellular,jul,wed,3,999,0,nonexistent,1.4,93.918,-42.7,4.962,5228.1,yes,0,-1,0.5875
33,technician,married,high.school,no,no,no,cellular,aug,wed,1,999,0,nonexistent,1.4,93.444,-36.1,4.965,5228.1,yes,0,-1,0.5875
49,technician,married,professional.course,no,no,no,telephone,may,fri,2,999,0,nonexistent,1.1,93.994,-36.4,4.857,5191.0,yes,0,-1,0.5875
36,blue-collar,married,basic.6y,no,yes,no,cellular,jul,tue,4,999,0,nonexistent,1.4,93.918,-42.7,4.961,5228.1,yes,0,-1,0.5875
52,technician,divorced,university.degree,no,no,yes,cellular,aug,tue,1,999,0,nonexistent,1.4,93.444,-36.1,4.968,5228.1,yes,0,-1,0.5874080565865768
52,technician,divorced,university.degree,no,no,yes,cellular,aug,tue,1,999,0,nonexistent,1.4,93.444,-36.1,4.968,5228.1,no,0,-1,0.5874080565865768
31,student,single,unknown,unknown,yes,no,cellular,apr,thu,1,999,1,failure,-1.8,93.075,-47.1,1.41,5099.1,no,0,-1,0.5860607513496386
31,student,single,unknown,unknown,yes,no,cellular,apr,thu,1,999,1,failure,-1.8,93.075,-47.1,1.41,5099.1,yes,0,-1,0.5860607513496386
82,retired,married,university.degree,no,yes,no,cellular,oct,tue,1,999,0,nonexistent,-3.4,92.431,-26.9,0.744,5017.5,yes,0,-1,0.5859490637162064
82,retired,married,university.degree,no,yes,no,cellular,oct,tue,1,999,0,nonexistent,-3.4,92.431,-26.9,0.744,5017.5,no,0,-1,0.5859490637162064
35,management,married,university.degree,no,no,no,cellular,apr,thu,1,999,0,nonexistent,-1.8,93.075,-47.1,1.365,5099.1,yes,0,-1,0.5851874139802579
35,management,married,university.degree,no,no,no,cellular,apr,thu,1,999,0,nonexistent,-1.8,93.075,-47.1,1.365,5099.1,no,0,-1,0.5851874139802579
34,blue-collar,married,basic.9y,no,no,no,telephone,may,tue,1,999,0,nonexistent,1.1,93.994,-36.4,4.857,5191.0,yes,0,-1,0.5851691739917527
34,blue-collar,married,basic.9y,no,no,no,telephone,may,tue,1,999,0,nonexistent,1.1,93.994,-36.4,4.857,5191.0,no,0,-1,0.5851691739917527
31,admin.,married,high.school,no,no,no,telephone,jun,thu,4,999,0,nonexistent,1.4,94.465,-41.8,4.961,5228.1,yes,0,-1,0.585
31,services,single,high.school,no,no,no,telephone,jun,fri,6,999,0,nonexistent,1.4,94.465,-41.8,4.947,5228.1,yes,0,-1,0.585
26,student,single,high.school,no,no,no,telephone,jun,mon,1,999,0,nonexistent,1.4,94.465,-41.8,4.961,5228.1,no,0,-1,0.5844559560471703
26,student,single,high.school,no,no,no,telephone,jun,mon,1,999,0,nonexistent,1.4,94.465,-41.8,4.961,5228.1,yes,0,-1,0.5844559560471703
34,technician,married,university.degree,no,no,no,cellular,aug,mon,1,999,0,nonexistent,-2.9,92.201,-31.4,0.861,5076.2,yes,0,-1,0.584345705068194
34,technician,married,university.degree,no,no,no,cellular,aug,mon,1,999,0,nonexistent,-2.9,92.201,-31.4,0.861,5076.2,no,0,-1,0.584345705068194
48,blue-collar,married,unknown,no,yes,yes,cellular,aug,wed,1,999,0,nonexistent,1.4,93.444,-36.1,4.967,5228.1,yes,0,-1,0.5837582810827645
41,blue-collar,married,basic.4y,no,yes,no,cellular,may,tue,1,999,0,nonexistent,-1.8,92.893,-46.2,1.344,5099.1,yes,0,-1,0.5830984119817453
41,blue-collar,married,basic.4y,no,yes,no,cellular,may,tue,1,999,0,nonexistent,-1.8,92.893,-46.2,1.344,5099.1,no,0,-1,0.5830984119817453
24,services,single,high.school,no,yes,no,telephone,may,fri,1,999,0,nonexistent,1.1,93.994,-36.4,4.855,5191.0,no,0,-1,0.5827478641289723
24,services,single,high.school,no,yes,no,telephone,may,fri,1,999,0,nonexistent,1.1,93.994,-36.4,4.855,5191.0,yes,0,-1,0.5827478641289723
43,blue-collar,married,basic.4y,no,yes,no,cellular,may,tue,1,999,1,failure,-1.8,92.893,-46.2,1.291,5099.1,yes,0,-1,0.5825
33,student,divorced,professional.course,no,no,no,cellular,aug,mon,1,999,0,nonexistent,1.4,93.444,-36.1,4.97,5228.1,yes,0,-1,0.5825
35,blue-collar,married,basic.6y,unknown,no,no,cellular,may,fri,1,999,0,nonexistent,-1.8,92.893,-46.2,1.313,5099.1,yes,0,-1,0.5823686871612843
35,blue-collar,married,basic.6y,unknown,no,no,cellular,may,fri,1,999,0,nonexistent,-1.8,92.893,-46.2,1.313,5099.1,no,0,-1,0.5823686871612843
45,blue-collar,married,basic.9y,no,yes,no,cellular,aug,thu,5,999,0,nonexistent,1.4,93.444,-36.1,4.968,5228.1,yes,0,-1,0.5821138170049062
45,blue-collar,married,basic.9y,no,yes,no,cellular,aug,thu,5,999,0,nonexistent,1.4,93.444,-36.1,4.968,5228.1,no,0,-1,0.5821138170049062
43,services,divorced,high.school,no,no,no,cellular,nov,wed,1,999,0,nonexistent,-0.1,93.2,-42.0,4.12,5195.8,yes,0,-1,0.5816680820101591
43,services,divorced,high.school,no,no,no,cellular,nov,wed,1,999,0,nonexistent,-0.1,93.2,-42.0,4.12,5195.8,no,0,-1,0.5816680820101591
31,admin.,single,university.degree,no,yes,no,cellular,aug,tue,2,999,0,nonexistent,1.4,93.444,-36.1,4.963,5228.1,no,0,-1,0.5813404064342089
31,admin.,single,university.degree,no,yes,no,cellular,aug,tue,2,999,0,nonexistent,1.4,93.444,-36.1,4.963,5228.1,yes,0,-1,0.5813404064342089
46,housemaid,married,basic.4y,unknown,no,no,cellular,jul,fri,2,999,0,nonexistent,1.4,93.918,-42.7,4.963,5228.1,no,0,-1,0.5805330020493
46,housemaid,married,basic.4y,unknown,no,no,cellular,jul,fri,2,999,0,nonexistent,1.4,93.918,-42.7,4.963,5228.1,yes,0,-1,0.5805330020493
25,admin.,single,high.school,no,yes,no,cellular,jul,thu,4,999,0,nonexistent,1.4,93.918,-42.7,4.963,5228.1,yes,0,-1,0.5803733727771598
25,admin.,single,high.school,no,yes,no,cellular,jul,thu,4,999,0,nonexistent,1.4,93.918,-42.7,4.963,5228.1,no,0,-1,0.5803733727771598
29,technician,single,professional.course,no,yes,no,cellular,may,mon,1,999,0,nonexistent,-1.8,92.893,-46.2,1.244,5099.1,no,0,-1,0.5801496838093828
29,technician,single,professional.course,no,yes,no,cellular,may,mon,1,999,0,nonexistent,-1.8,92.893,-46.2,1.244,5099.1,yes,0,-1,0.5801496838093828
60,retired,married,unknown,no,yes,no,cellular,aug,mon,2,999,0,nonexistent,1.4,93.444,-36.1,4.965,5228.1,yes,0,-1,0.58
30,admin.,married,university.degree,no,yes,no,telephone,may,thu,2,999,0,nonexistent,1.1,93.994,-36.4,4.86,5191.0,no,0,-1,0.5789169231399841
30,admin.,married,university.degree,no,yes,no,telephone,may,thu,2,999,0,nonexistent,1.1,93.994,-36.4,4.86,5191.0,yes,0,-1,0.5789169231399841
28,self-employed,married,basic.9y,no,yes,no,cellular,may,fri,5,999,0,nonexistent,-1.8,92.893,-46.2,1.25,5099.1,yes,0,-1,0.5782481352739429
28,self-employed,married,basic.9y,no,yes,no,cellular,may,fri,5,999,0,nonexistent,-1.8,92.893,-46.2,1.25,5099.1,no,0,-1,0.5782481352739429
30,admin.,single,university.degree,no,no,no,cellular,aug,thu,4,999,0,nonexistent,1.4,93.444,-36.1,4.968,5228.1,yes,0,-1,0.5776266356533942
30,admin.,single,university.degree,no,no,no,cellular,aug,thu,4,999,0,nonexistent,1.4,93.444,-36.1,4.968,5228.1,no,0,-1,0.5776266356533942
29,blue-collar,married,basic.9y,no,no,no,cellular,may,wed,1,999,0,nonexistent,-1.8,92.893,-46.2,1.281,5099.1,no,0,-1,0.5775644443624683
29,blue-collar,married,basic.9y,no,no,no,cellular,may,wed,1,999,0,nonexistent,-1.8,92.893,-46.2,1.281,5099.1,yes,0,-1,0.5775644443624683
43,blue-collar,married,basic.4y,unknown,yes,no,cellular,may,thu,1,999,0,nonexistent,-1.8,92.893,-46.2,1.327,5099.1,yes,0,-1,0.5775
55,admin.,married,professional.course,unknown,yes,yes,telephone,nov,tue,2,999,0,nonexistent,-0.1,93.2,-42.0,4.153,5195.8,yes,0,-1,0.5775
42,housemaid,married,university.degree,no,yes,yes,cellular,aug,thu,3,999,0,nonexistent,1.4,93.444,-36.1,4.962,5228.1,yes,0,-1,0.5775
38,admin.,married,high.school,no,yes,yes,telephone,jun,thu,1,999,0,nonexistent,1.4,94.465,-41.8,4.961,5228.1,yes,0,-1,0.5775
32,admin.,single,university.degree,no,yes,no,cellular,apr,thu,1,999,0,nonexistent,-1.8,93.075,-47.1,1.41,5099.1,yes,0,-1,0.5755247364616907
32,admin.,single,university.degree,no,yes,no,cellular,apr,thu,1,999,0,nonexistent,-1.8,93.075,-47.1,1.41,5099.1,no,0,-1,0.5755247364616907
24,admin.,married,basic.9y,no,yes,no,telephone,may,mon,2,999,0,nonexistent,1.1,93.994,-36.4,4.857,5191.0,yes,0,-1,0.575
30,admin.,divorced,university.degree,no,no,no,cellular,nov,tue,1,999,0,nonexistent,-0.1,93.2,-42.0,4.153,5195.8,yes,0,-1,0.5739443702004994
30,admin.,divorced,university.degree,no,no,no,cellular,nov,tue,1,999,0,nonexistent,-0.1,93.2,-42.0,4.153,5195.8,no,0,-1,0.5739443702004994
45,admin.,married,unknown,unknown,yes,no,cellular,jul,thu,1,999,0,nonexistent,1.4,93.918,-42.7,4.962,5228.1,yes,0,-1,0.5738512168455693
45,admin.,married,unknown,unknown,yes,no,cellular,jul,thu,1,999,0,nonexistent,1.4,93.918,-42.7,4.962,5228.1,no,0,-1,0.5738512168455693
53,self-employed,married,university.degree,no,yes,no,cellular,nov,fri,1,999,0,nonexistent,-0.1,93.2,-42.0,4.021,5195.8,no,0,-1,0.5732220389876815
53,self-employed,married,university.degree,no,yes,no,cellular,nov,fri,1,999,0,nonexistent,-0.1,93.2,-42.0,4.021,5195.8,yes,0,-1,0.5732220389876815
49,retired,married,high.school,no,yes,no,cellular,jul,wed,1,999,0,nonexistent,1.4,93.918,-42.7,4.957,5228.1,yes,0,-1,0.5720035597517554
49,retired,married,high.school,no,yes,no,cellular,jul,wed,1,999,0,nonexistent,1.4,93.918,-42.7,4.957,5228.1,no,0,-1,0.5720035597517554
27,blue-collar,single,basic.9y,unknown,yes,yes,cellular,may,thu,1,999,0,nonexistent,-1.8,92.893,-46.2,1.327,5099.1,no,0,-1,0.5714436935878117
27,blue-collar,single,basic.9y,unknown,yes,yes,cellular,may,thu,1,999,0,nonexistent,-1.8,92.893,-46.2,1.327,5099.1,yes,0,-1,0.5714436935878117
31,technician,married,professional.course,no,yes,no,cellular,aug,thu,1,999,0,nonexistent,1.4,93.444,-36.1,4.964,5228.1,no,0,-1,0.5711233717171256
31,technician,married,professional.course,no,yes,no,cellular,aug,thu,1,999,0,nonexistent,1.4,93.444,-36.1,4.964,5228.1,no,0,-1,0.5711233717171256
31,technician,married,professional.course,no,yes,no,cellular,aug,thu,1,999,0,nonexistent,1.4,93.444,-36.1,4.964,5228.1,yes,0,-1,0.5711233717171256
24,technician,single,university.degree,no,yes,no,cellular,apr,thu,1,999,0,nonexistent,-1.8,93.075,-47.1,1.365,5099.1,yes,0,-1,0.5704775256084612
24,technician,single,university.degree,no,yes,no,cellular,apr,thu,1,999,0,nonexistent,-1.8,93.075,-47.1,1.365,5099.1,no,0,-1,0.5704775256084612
24,technician,single,university.degree,no,yes,no,cellular,apr,thu,1,999,0,nonexistent,-1.8,93.075,-47.1,1.365,5099.1,no,0,-1,0.5704775256084612
58,blue-collar,married,basic.9y,no,yes,no,cellular,aug,mon,1,999,0,nonexistent,1.4,93.444,-36.1,4.97,5228.1,yes,0,-1,0.5696796640672228
58,blue-collar,married,basic.9y,no,yes,no,cellular,aug,mon,1,999,0,nonexistent,1.4,93.444,-36.1,4.97,5228.1,no,0,-1,0.5696796640672228
40,blue-collar,divorced,basic.9y,no,yes,no,cellular,nov,fri,1,999,0,nonexistent,-0.1,93.2,-42.0,4.021,5195.8,yes,0,-1,0.5691869168787522
40,blue-collar,divorced,basic.9y,no,yes,no,cellular,nov,fri,1,999,0,nonexistent,-0.1,93.2,-42.0,4.021,5195.8,no,0,-1,0.5691869168787522
41,blue-collar,married,basic.9y,no,no,no,telephone,may,thu,1,999,0,nonexistent,1.1,93.994,-36.4,4.86,5191.0,no,0,-1,0.5691447405070612
41,blue-collar,married,basic.9y,no,no,no,telephone,may,thu,1,999,0,nonexistent,1.1,93.994,-36.4,4.86,5191.0,yes,0,-1,0.5691447405070612
44,blue-collar,married,basic.4y,no,yes,no,telephone,may,wed,1,999,0,nonexistent,1.1,93.994,-36.4,4.856,5191.0,yes,0,-1,0.5691397407215212
44,blue-collar,married,basic.4y,no,yes,no,telephone,may,wed,1,999,0,nonexistent,1.1,93.994,-36.4,4.856,5191.0,no,0,-1,0.5691397407215212
29,admin.,married,university.degree,no,yes,no,cellular,may,mon,1,999,0,nonexistent,-1.8,92.893,-46.2,1.244,5099.1,yes,0,-1,0.5690988791240776
29,admin.,married,university.degree,no,yes,no,cellular,may,mon,1,999,0,nonexistent,-1.8,92.893,-46.2,1.244,5099.1,no,0,-1,0.5690988791240776
49,self-employed,married,high.school,no,no,no,cellular,may,fri,3,999,0,nonexistent,-1.8,92.893,-46.2,1.25,5099.1,no,0,-1,0.5684642626075254
49,self-employed,married,high.school,no,no,no,cellular,may,fri,3,999,0,nonexistent,-1.8,92.893,-46.2,1.25,5099.1,yes,0,-1,0.5684642626075254
39,technician,single,professional.course,no,no,no,cellular,jul,mon,2,999,0,nonexistent,1.4,93.918,-42.7,4.96,5228.1,no,0,-1,0.566786791693469
39,technician,single,professional.course,no,no,no,cellular,jul,mon,2,999,0,nonexistent,1.4,93.918,-42.7,4.96,5228.1,yes,0,-1,0.566786791693469
53,retired,married,basic.9y,unknown,yes,no,cellular,jul,fri,2,999,0,nonexistent,1.4,93.918,-42.7,4.963,5228.1,yes,0,-1,0.5665779248658864
53,retired,married,basic.9y,unknown,yes,no,cellular,jul,fri,2,999,0,nonexistent,1.4,93.918,-42.7,4.963,5228.1,no,0,-1,0.5665779248658864
52,blue-collar,married,basic.4y,unknown,yes,no,cellular,jul,fri,1,999,0,nonexistent,1.4,93.918,-42.7,4.962,5228.1,yes,0,-1,0.5648685124038406
52,blue-collar,married,basic.4y,unknown,yes,no,cellular,jul,fri,1,999,0,nonexistent,1.4,93.918,-42.7,4.962,5228.1,no,0,-1,0.5648685124038406
41,blue-collar,divorced,basic.4y,unknown,yes,no,telephone,may,mon,1,999,0,nonexistent,1.1,93.994,-36.4,4.857,5191.0,yes,0,-1,0.5647898578955138
41,blue-collar,divorced,basic.4y,unknown,yes,no,telephone,may,mon,1,999,0,nonexistent,1.1,93.994,-36.4,4.857,5191.0,no,0,-1,0.5647898578955138
60,retired,married,basic.4y,no,no,no,cellular,oct,mon,1,999,0,nonexistent,-3.4,92.431,-26.9,0.739,5017.5,yes,0,-1,0.564206830199832
60,retired,married,basic.4y,no,no,no,cellular,oct,mon,1,999,0,nonexistent,-3.4,92.431,-26.9,0.739,5017.5,no,0,-1,0.564206830199832
31,admin.,married,university.degree,no,yes,no,cellular,may,tue,1,999,0,nonexistent,-1.8,92.893,-46.2,1.266,5099.1,yes,0,-1,0.5641980505532445
31,admin.,married,university.degree,no,yes,no,cellular,may,tue,1,999,0,nonexistent,-1.8,92.893,-46.2,1.266,5099.1,no,0,-1,0.5641980505532445
34,admin.,single,university.degree,no,yes,no,cellular,aug,thu,1,999,0,nonexistent,1.4,93.444,-36.1,4.964,5228.1,no,0,-1,0.563519899714049
34,admin.,single,university.degree,no,yes,no,cellular,aug,thu,1,999,0,nonexistent,1.4,93.444,-36.1,4.964,5228.1,yes,0,-1,0.563519899714049
42,technician,married,professional.course,no,yes,no,cellular,aug,wed,1,999,0,nonexistent,1.4,93.444,-36.1,4.964,5228.1,no,0,-1,0.5634751961338871
42,technician,married,professional.course,no,yes,no,cellular,aug,wed,1,999,0,nonexistent,1.4,93.444,-36.1,4.964,5228.1,yes,0,-1,0.5634751961338871
31,services,single,high.school,no,yes,no,cellular,may,tue,2,999,0,nonexistent,-1.8,92.893,-46.2,1.291,5099.1,yes,0,-1,0.5622667871687379
31,services,single,high.school,no,yes,no,cellular,may,tue,2,999,0,nonexistent,-1.8,92.893,-46.2,1.291,5099.1,no,0,-1,0.5622667871687379
45,management,married,university.degree,unknown,yes,no,cellular,apr,thu,1,999,0,nonexistent,-1.8,93.075,-47.1,1.365,5099.1,no,0,-1,0.5602010816160253
45,management,married,university.degree,unknown,yes,no,cellular,apr,thu,1,999,0,nonexistent,-1.8,93.075,-47.1,1.365,5099.1,yes,0,-1,0.5602010816160253
39,technician,single,professional.course,no,no,no,cellular,may,tue,1,999,0,nonexistent,-1.8,92.893,-46.2,1.291,5099.1,yes,0,-1,0.5600687318978701
39,technician,single,professional.course,no,no,no,cellular,may,tue,1,999,0,nonexistent,-1.8,92.893,-46.2,1.291,5099.1,no,0,-1,0.5600687318978701
29,admin.,single,university.degree,no,yes,yes,cellular,nov,thu,1,999,0,nonexistent,-0.1,93.2,-42.0,4.076,5195.8,yes,0,-1,0.5587733273787258
29,admin.,single,university.degree,no,yes,yes,cellular,nov,thu,1,999,0,nonexistent,-0.1,93.2,-42.0,4.076,5195.8,no,0,-1,0.5587733273787258
47,admin.,divorced,high.school,no,no,no,cellular,jul,mon,1,999,0,nonexistent,1.4,93.918,-42.7,4.96,5228.1,no,0,-1,0.558336370113185
47,admin.,divorced,high.school,no,no,no,cellular,jul,mon,1,999,0,nonexistent,1.4,93.918,-42.7,4.96,5228.1,yes,0,-1,0.558336370113185
38,admin.,married,university.degree,no,no,no,cellular,aug,thu,1,999,0,nonexistent,1.4,93.444,-36.1,4.968,5228.1,no,0,-1,0.5552058691467276
38,admin.,married,university.degree,no,no,no,cellular,aug,thu,1,999,0,nonexistent,1.4,93.444,-36.1,4.968,5228.1,yes,0,-1,0.5552058691467276
35,admin.,married,high.school,no,no,no,cellular,jul,wed,1,999,0,nonexistent,1.4,93.918,-42.7,4.963,5228.1,yes,0,-1,0.5546925334472863
35,admin.,married,high.school,no,no,no,cellular,jul,wed,1,999,0,nonexistent,1.4,93.918,-42.7,4.963,5228.1,no,0,-1,0.5546925334472863
31,admin.,married,high.school,no,no,no,cellular,jul,thu,1,999,0,nonexistent,1.4,93.918,-42.7,4.963,5228.1,no,0,-1,0.5543979312017675
31,admin.,married,high.school,no,no,no,cellular,jul,thu,1,999,0,nonexistent,1.4,93.918,-42.7,4.963,5228.1,yes,0,-1,0.5543979312017675
31,admin.,married,high.school,no,no,no,cellular,jul,thu,1,999,0,nonexistent,1.4,93.918,-42.7,4.963,5228.1,no,0,-1,0.5543979312017675
54,technician,divorced,professional.course,unknown,yes,no,cellular,aug,thu,1,999,0,nonexistent,1.4,93.444,-36.1,4.963,5228.1,no,0,-1,0.5539814285894591
54,technician,divorced,professional.course,unknown,yes,no,cellular,aug,thu,1,999,0,nonexistent,1.4,93.444,-36.1,4.963,5228.1,yes,0,-1,0.5539814285894591
45,admin.,married,university.degree,no,no,no,cellular,sep,mon,1,999,0,nonexistent,-3.4,92.379,-29.8,0.797,5017.5,no,0,-1,0.5527545028130301
45,admin.,married,university.degree,no,no,no,cellular,sep,mon,1,999,0,nonexistent,-3.4,92.379,-29.8,0.797,5017.5,yes,0,-1,0.5527545028130301
45,admin.,married,university.degree,no,no,no,cellular,aug,mon,1,999,0,nonexistent,1.4,93.444,-36.1,4.965,5228.1,no,0,-1,0.550188679005063
45,admin.,married,university.degree,no,no,no,cellular,aug,mon,1,999,0,nonexistent,1.4,93.444,-36.1,4.965,5228.1,no,0,-1,0.550188679005063
45,admin.,married,university.degree,no,no,no,cellular,aug,mon,1,999,0,nonexistent,1.4,93.444,-36.1,4.965,5228.1,yes,0,-1,0.550188679005063
38,blue-collar,married,basic.9y,no,no,no,cellular,jul,fri,1,999,0,nonexistent,1.4,93.918,-42.7,4.957,5228.1,yes,0,-1,0.5500042063100192
38,blue-collar,married,basic.9y,no,no,no,cellular,jul,fri,1,999,0,nonexistent,1.4,93.918,-42.7,4.957,5228.1,no,0,-1,0.5500042063100192
30,admin.,married,university.degree,no,yes,no,cellular,aug,mon,3,999,0,nonexistent,1.4,93.444,-36.1,4.963,5228.1,no,0,-1,0.5487317963933046
30,admin.,married,university.degree,no,yes,no,cellular,aug,mon,3,999,0,nonexistent,1.4,93.444,-36.1,4.963,5228.1,yes,0,-1,0.5487317963933046
56,entrepreneur,married,university.degree,no,yes,no,cellular,apr,thu,1,999,0,nonexistent,-1.8,93.075,-47.1,1.365,5099.1,no,0,-1,0.5481225540051285
56,entrepreneur,married,university.degree,no,yes,no,cellular,apr,thu,1,999,0,nonexistent,-1.8,93.075,-47.1,1.365,5099.1,yes,0,-1,0.5481225540051285
56,entrepreneur,married,university.degree,no,yes,no,cellular,apr,thu,1,999,0,nonexistent,-1.8,93.075,-47.1,1.365,5099.1,no,0,-1,0.5481225540051285
34,technician,married,university.degree,no,yes,no,cellular,nov,wed,1,999,0,nonexistent,-0.1,93.2,-42.0,4.12,5195.8,yes,0,-1,0.5478892886321064
34,technician,married,university.degree,no,yes,no,cellular,nov,wed,1,999,0,nonexistent,-0.1,93.2,-42.0,4.12,5195.8,no,0,-1,0.5478892886321064
49,housemaid,married,basic.4y,unknown,no,yes,telephone,may,wed,1,999,0,nonexistent,1.1,93.994,-36.4,4.858,5191.0,yes,0,-1,0.5475
32,management,single,university.degree,no,yes,no,cellular,mar,tue,1,999,0,nonexistent,-1.8,92.843,-50.0,1.687,5099.1,yes,0,-1,0.5473564499477154
32,management,single,university.degree,no,yes,no,cellular,mar,tue,1,999,0,nonexistent,-1.8,92.843,-50.0,1.687,5099.1,no,0,-1,0.5473564499477154
32,management,single,university.degree,no,yes,no,cellular,mar,tue,1,999,0,nonexistent,-1.8,92.843,-50.0,1.687,5099.1,no,0,-1,0.5473564499477154
38,blue-collar,married,basic.6y,unknown,no,no,cellular,jul,thu,1,999,0,nonexistent,1.4,93.918,-42.7,4.963,5228.1,no,0,-1,0.5468898214467142
38,blue-collar,married,basic.6y,unknown,no,no,cellular,jul,thu,1,999,0,nonexistent,1.4,93.918,-42.7,4.963,5228.1,yes,0,-1,0.5468898214467142
38,blue-collar,married,basic.6y,unknown,no,no,cellular,jul,thu,1,999,0,nonexistent,1.4,93.918,-42.7,4.963,5228.1,no,0,-1,0.5468898214467142
35,admin.,single,university.degree,no,yes,no,cellular,jul,fri,2,999,0,nonexistent,1.4,93.918,-42.7,4.963,5228.1,yes,0,-1,0.5458868739444671
35,admin.,single,university.degree,no,yes,no,cellular,jul,fri,2,999,0,nonexistent,1.4,93.918,-42.7,4.963,5228.1,no,0,-1,0.5458868739444671
35,admin.,single,university.degree,no,yes,no,cellular,jul,fri,2,999,0,nonexistent,1.4,93.918,-42.7,4.963,5228.1,no,0,-1,0.5458868739444671
28,admin.,single,university.degree,no,no,no,cellular,aug,wed,1,999,0,nonexistent,-2.9,92.201,-31.4,0.879,5076.2,no,0,-1,0.5446361866160491
28,admin.,single,university.degree,no,no,no,cellular,aug,wed,1,999,0,nonexistent,-2.9,92.201,-31.4,0.879,5076.2,yes,0,-1,0.5446361866160491
28,admin.,single,university.degree,no,no,no,cellular,aug,wed,1,999,0,nonexistent,-2.9,92.201,-31.4,0.879,5076.2,no,0,-1,0.5446361866160491
38,admin.,married,university.degree,no,yes,no,cellular,aug,mon,1,999,0,nonexistent,1.4,93.444,-36.1,4.965,5228.1,no,0,-1,0.5443474156434907
38,admin.,married,university.degree,no,yes,no,cellular,aug,mon,1,999,0,nonexistent,1.4,93.444,-36.1,4.965,5228.1,yes,0,-1,0.5443474156434907
38,admin.,married,university.degree,no,yes,no,cellular,aug,mon,1,999,0,nonexistent,1.4,93.444,-36.1,4.965,5228.1,no,0,-1,0.5443474156434907
29,technician,single,university.degree,no,yes,no,cellular,jun,wed,1,999,0,nonexistent,-2.9,92.963,-40.8,1.26,5076.2,yes,0,-1,0.5431183837391399
29,technician,single,university.degree,no,yes,no,cellular,jun,wed,1,999,0,nonexistent,-2.9,92.963,-40.8,1.26,5076.2,no,0,-1,0.5431183837391399
29,technician,single,university.degree,no,yes,no,cellular,jun,wed,1,999,0,nonexistent,-2.9,92.963,-40.8,1.26,5076.2,no,0,-1,0.5431183837391399
34,admin.,single,university.degree,no,yes,no,cellular,aug,wed,1,999,0,nonexistent,1.4,93.444,-36.1,4.965,5228.1,no,0,-1,0.5395518572299688
34,admin.,single,university.degree,no,yes,no,cellular,aug,wed,1,999,0,nonexistent,1.4,93.444,-36.1,4.965,5228.1,no,0,-1,0.5395518572299688
34,admin.,single,university.degree,no,yes,no,cellular,aug,wed,1,999,0,nonexistent,1.4,93.444,-36.1,4.965,5228.1,yes,0,-1,0.5395518572299688
56,services,married,basic.4y,unknown,no,no,cellular,jul,tue,1,999,0,nonexistent,1.4,93.918,-42.7,4.962,5228.1,yes,0,-1,0.5391744176423299
56,services,married,basic.4y,unknown,no,no,cellular,jul,tue,1,999,0,nonexistent,1.4,93.918,-42.7,4.962,5228.1,no,0,-1,0.5391744176423299
28,blue-collar,single,unknown,no,no,no,cellular,jul,thu,1,999,0,nonexistent,1.4,93.918,-42.7,4.958,5228.1,yes,0,-1,0.537087763591329
28,blue-collar,single,unknown,no,no,no,cellular,jul,thu,1,999,0,nonexistent,1.4,93.918,-42.7,4.958,5228.1,no,0,-1,0.537087763591329
29,admin.,single,university.degree,no,no,no,cellular,aug,mon,2,999,0,nonexistent,1.4,93.444,-36.1,4.965,5228.1,yes,0,-1,0.5363619382387719
29,admin.,single,university.degree,no,no,no,cellular,aug,mon,2,999,0,nonexistent,1.4,93.444,-36.1,4.965,5228.1,no,0,-1,0.5363619382387719
29,admin.,single,university.degree,no,no,no,cellular,aug,mon,2,999,0,nonexistent,1.4,93.444,-36.1,4.965,5228.1,no,0,-1,0.5363619382387719
31,blue-collar,single,high.school,no,yes,yes,cellular,jul,wed,1,999,0,nonexistent,1.4,93.918,-42.7,4.963,5228.1,yes,0,-1,0.5331023487727492
31,blue-collar,single,high.school,no,yes,yes,cellular,jul,wed,1,999,0,nonexistent,1.4,93.918,-42.7,4.963,5228.1,no,0,-1,0.5331023487727492
29,blue-collar,single,basic.9y,no,no,no,cellular,jul,fri,2,999,0,nonexistent,1.4,93.918,-42.7,4.963,5228.1,yes,0,-1,0.5325318379943943
29,blue-collar,single,basic.9y,no,no,no,cellular,jul,fri,2,999,0,nonexistent,1.4,93.918,-42.7,4.963,5228.1,no,0,-1,0.5325318379943943
29,blue-collar,single,basic.9y,no,no,no,cellular,jul,fri,2,999,0,nonexistent,1.4,93.918,-42.7,4.963,5228.1,no,0,-1,0.5325318379943943
27,blue-collar,married,basic.9y,no,no,no,cellular,jul,wed,1,999,0,nonexistent,1.4,93.918,-42.7,4.957,5228.1,no,0,-1,0.5316348744677807
27,blue-collar,married,basic.9y,no,no,no,cellular,jul,wed,1,999,0,nonexistent,1.4,93.918,-42.7,4.957,5228.1,yes,0,-1,0.5316348744677807
27,blue-collar,married,basic.9y,no,no,no,cellular,jul,wed,1,999,0,nonexistent,1.4,93.918,-42.7,4.957,5228.1,no,0,-1,0.5316348744677807
41,admin.,single,high.school,no,no,no,cellular,may,mon,4,999,0,nonexistent,-1.8,92.893,-46.2,1.244,5099.1,yes,0,-1,0.5309858510499499
41,admin.,single,high.school,no,no,no,cellular,may,mon,4,999,0,nonexistent,-1.8,92.893,-46.2,1.244,5099.1,no,0,-1,0.5309858510499499
29,admin.,single,university.degree,no,yes,no,cellular,aug,fri,1,999,0,nonexistent,1.4,93.444,-36.1,4.964,5228.1,no,0,-1,0.5292010419246403
29,admin.,single,university.degree,no,yes,no,cellular,aug,fri,1,999,0,nonexistent,1.4,93.444,-36.1,4.964,5228.1,yes,0,-1,0.5292010419246403
29,admin.,single,university.degree,no,yes,no,cellular,aug,fri,1,999,0,nonexistent,1.4,93.444,-36.1,4.964,5228.1,no,0,-1,0.5292010419246403
29,admin.,single,university.degree,no,yes,no,cellular,aug,fri,1,999,0,nonexistent,1.4,93.444,-36.1,4.964,5228.1,no,0,-1,0.5292010419246403
35,admin.,single,university.degree,no,no,no,cellular,jul,fri,1,999,0,nonexistent,1.4,93.918,-42.7,4.957,5228.1,no,0,-1,0.5269883691739796
35,admin.,single,university.degree,no,no,no,cellular,jul,fri,1,999,0,nonexistent,1.4,93.918,-42.7,4.957,5228.1,yes,0,-1,0.5269883691739796
35,admin.,single,university.degree,no,no,no,cellular,jul,fri,1,999,0,nonexistent,1.4,93.918,-42.7,4.957,5228.1,no,0,-1,0.5269883691739796
31,services,single,high.school,no,yes,no,cellular,nov,thu,2,999,0,nonexistent,-0.1,93.2,-42.0,4.076,5195.8,yes,0,-1,0.5230960519074377
31,services,single,high.school,no,yes,no,cellular,nov,thu,2,999,0,nonexistent,-0.1,93.2,-42.0,4.076,5195.8,no,0,-1,0.5230960519074377
31,services,single,high.school,no,yes,no,cellular,nov,thu,2,999,0,nonexistent,-0.1,93.2,-42.0,4.076,5195.8,no,0,-1,0.5230960519074377
31,services,single,high.school,no,yes,no,cellular,nov,thu,2,999,0,nonexistent,-0.1,93.2,-42.0,4.076,5195.8,no,0,-1,0.5230960519074377
28,blue-collar,married,basic.4y,no,no,no,cellular,may,tue,1,999,0,nonexistent,-1.8,92.893,-46.2,1.291,5099.1,no,0,-1,0.521668043744837
28,blue-collar,married,basic.4y,no,no,no,cellular,may,tue,1,999,0,nonexistent,-1.8,92.893,-46.2,1.291,5099.1,no,0,-1,0.521668043744837
28,blue-collar,married,basic.4y,no,no,no,cellular,may,tue,1,999,0,nonexistent,-1.8,92.893,-46.2,1.291,5099.1,yes,0,-1,0.521668043744837
29,management,single,university.degree,no,no,no,cellular,nov,wed,1,999,0,nonexistent,-0.1,93.2,-42.0,4.12,5195.8,no,0,-1,0.5212918055766675
29,management,single,university.degree,no,no,no,cellular,nov,wed,1,999,0,nonexistent,-0.1,93.2,-42.0,4.12,5195.8,no,0,-1,0.5212918055766675
29,management,single,university.degree,no,no,no,cellular,nov,wed,1,999,0,nonexistent,-0.1,93.2,-42.0,4.12,5195.8,yes,0,-1,0.5212918055766675
48,management,married,high.school,no,no,no,cellular,jul,tue,1,999,0,nonexistent,1.4,93.918,-42.7,4.962,5228.1,yes,0,-1,0.5210759299238181
48,management,married,high.school,no,no,no,cellular,jul,tue,1,999,0,nonexistent,1.4,93.918,-42.7,4.962,5228.1,no,0,-1,0.5210759299238181
48,management,married,high.school,no,no,no,cellular,jul,tue,1,999,0,nonexistent,1.4,93.918,-42.7,4.962,5228.1,no,0,-1,0.5210759299238181
46,services,married,unknown,no,no,no,cellular,aug,fri,1,999,0,nonexistent,1.4,93.444,-36.1,4.964,5228.1,no,0,-1,0.5199623244942623
46,services,married,unknown,no,no,no,cellular,aug,fri,1,999,0,nonexistent,1.4,93.444,-36.1,4.964,5228.1,no,0,-1,0.5199623244942623
46,services,married,unknown,no,no,no,cellular,aug,fri,1,999,0,nonexistent,1.4,93.444,-36.1,4.964,5228.1,yes,0,-1,0.5199623244942623
41,technician,married,professional.course,no,yes,no,cellular,aug,tue,1,999,0,nonexistent,1.4,93.444,-36.1,4.966,5228.1,yes,0,-1,0.5166590638850591
41,technician,married,professional.course,no,yes,no,cellular,aug,tue,1,999,0,nonexistent,1.4,93.444,-36.1,4.966,5228.1,no,0,-1,0.5166590638850591
41,technician,married,professional.course,no,yes,no,cellular,aug,tue,1,999,0,nonexistent,1.4,93.444,-36.1,4.966,5228.1,no,0,-1,0.5166590638850591
25,services,single,basic.9y,no,yes,no,cellular,jul,wed,1,999,0,nonexistent,1.4,93.918,-42.7,4.963,5228.1,no,0,-1,0.5149709550670694
25,services,single,basic.9y,no,yes,no,cellular,jul,wed,1,999,0,nonexistent,1.4,93.918,-42.7,4.963,5228.1,no,0,-1,0.5149709550670694
25,services,single,basic.9y,no,yes,no,cellular,jul,wed,1,999,0,nonexistent,1.4,93.918,-42.7,4.963,5228.1,yes,0,-1,0.5149709550670694
52,housemaid,married,basic.6y,no,yes,no,cellular,aug,tue,1,999,0,nonexistent,1.4,93.444,-36.1,4.966,5228.1,yes,0,-1,0.5110167506739328
52,housemaid,married,basic.6y,no,yes,no,cellular,aug,tue,1,999,0,nonexistent,1.4,93.444,-36.1,4.966,5228.1,no,0,-1,0.5110167506739328
52,housemaid,married,basic.6y,no,yes,no,cellular,aug,tue,1,999,0,nonexistent,1.4,93.444,-36.1,4.966,5228.1,no,0,-1,0.5110167506739328
52,housemaid,married,basic.6y,no,yes,no,cellular,aug,tue,1,999,0,nonexistent,1.4,93.444,-36.1,4.966,5228.1,no,0,-1,0.5110167506739328
27,admin.,single,university.degree,no,yes,no,cellular,may,fri,1,999,0,nonexistent,-1.8,92.893,-46.2,1.259,5099.1,no,0,-1,0.5103481937380543
27,admin.,single,university.degree,no,yes,no,cellular,may,fri,1,999,0,nonexistent,-1.8,92.893,-46.2,1.259,5099.1,no,0,-1,0.5103481937380543
27,admin.,single,university.degree,no,yes,no,cellular,may,fri,1,999,0,nonexistent,-1.8,92.893,-46.2,1.259,5099.1,yes,0,-1,0.5103481937380543
36,admin.,single,university.degree,no,no,no,cellular,nov,wed,1,999,0,nonexistent,-0.1,93.2,-42.0,4.12,5195.8,no,0,-1,0.5085816026674401
36,admin.,single,university.degree,no,no,no,cellular,nov,wed,1,999,0,nonexistent,-0.1,93.2,-42.0,4.12,5195.8,yes,0,-1,0.5085816026674401
36,admin.,single,university.degree,no,no,no,cellular,nov,wed,1,999,0,nonexistent,-0.1,93.2,-42.0,4.12,5195.8,no,0,-1,0.5085816026674401
31,admin.,married,high.school,no,yes,no,cellular,jul,thu,1,999,0,nonexistent,1.4,93.918,-42.7,4.963,5228.1,yes,0,-1,0.5058315922907333
31,admin.,married,high.school,no,yes,no,cellular,jul,thu,1,999,0,nonexistent,1.4,93.918,-42.7,4.963,5228.1,no,0,-1,0.5058315922907333
31,admin.,married,high.school,no,yes,no,cellular,jul,thu,1,999,0,nonexistent,1.4,93.918,-42.7,4.963,5228.1,no,0,-1,0.5058315922907333
30,admin.,single,university.degree,no,no,no,cellular,aug,fri,1,999,0,nonexistent,1.4,93.444,-36.1,4.966,5228.1,no,0,-1,0.5045987063668383
30,admin.,single,university.degree,no,no,no,cellular,aug,fri,1,999,0,nonexistent,1.4,93.444,-36.1,4.966,5228.1,no,0,-1,0.5045987063668383
30,admin.,single,university.degree,no,no,no,cellular,aug,fri,1,999,0,nonexistent,1.4,93.444,-36.1,4.966,5228.1,yes,0,-1,0.5045987063668383
34,technician,single,university.degree,no,yes,no,cellular,aug,thu,1,999,0,nonexistent,1.4,93.444,-36.1,4.964,5228.1,yes,0,-1,0.5038827371185592
34,technician,single,university.degree,no,yes,no,cellular,aug,thu,1,999,0,nonexistent,1.4,93.444,-36.1,4.964,5228.1,no,0,-1,0.5038827371185592
34,technician,single,university.degree,no,yes,no,cellular,aug,thu,1,999,0,nonexistent,1.4,93.444,-36.1,4.964,5228.1,no,0,-1,0.5038827371185592
34,technician,single,university.degree,no,yes,no,cellular,aug,thu,1,999,0,nonexistent,1.4,93.444,-36.1,4.964,5228.1,no,0,-1,0.5038827371185592
53,blue-collar,married,basic.9y,no,yes,no,cellular,aug,fri,1,999,0,nonexistent,1.4,93.444,-36.1,4.964,5228.1,no,0,-1,0.5025759923866184
53,blue-collar,married,basic.9y,no,yes,no,cellular,aug,fri,1,999,0,nonexistent,1.4,93.444,-36.1,4.964,5228.1,no,0,-1,0.5025759923866184
53,blue-collar,married,basic.9y,no,yes,no,cellular,aug,fri,1,999,0,nonexistent,1.4,93.444,-36.1,4.964,5228.1,yes,0,-1,0.5025759923866184
34,technician,single,university.degree,no,yes,no,cellular,jul,thu,1,999,0,nonexistent,1.4,93.918,-42.7,4.963,5228.1,no,0,-1,0.5013032360954321
34,technician,single,university.degree,no,yes,no,cellular,jul,thu,1,999,0,nonexistent,1.4,93.918,-42.7,4.963,5228.1,yes,0,-1,0.5013032360954321
34,technician,single,university.degree,no,yes,no,cellular,jul,thu,1,999,0,nonexistent,1.4,93.918,-42.7,4.963,5228.1,no,0,-1,0.5013032360954321
41,services,married,high.school,no,yes,no,cellular,may,wed,2,999,0,nonexistent,-1.8,92.893,-46.2,1.281,5099.1,no,0,-1,0.4908783880123358
41,services,married,high.school,no,yes,no,cellular,may,wed,2,999,0,nonexistent,-1.8,92.893,-46.2,1.281,5099.1,no,0,-1,0.4908783880123358
41,services,married,high.school,no,yes,no,cellular,may,wed,2,999,0,nonexistent,-1.8,92.893,-46.2,1.281,5099.1,yes,0,-1,0.4908783880123358
41,services,married,high.school,no,yes,no,cellular,may,wed,2,999,0,nonexistent,-1.8,92.893,-46.2,1.281,5099.1,no,0,-1,0.4908783880123358
38,technician,married,professional.course,no,no,no,cellular,mar,thu,1,999,0,nonexistent,-1.8,92.843,-50.0,1.757,5099.1,no,0,-1,0.4907747244948567
38,technician,married,professional.course,no,no,no,cellular,mar,thu,1,999,0,nonexistent,-1.8,92.843,-50.0,1.757,5099.1,no,0,-1,0.4907747244948567
38,technician,married,professional.course,no,no,no,cellular,mar,thu,1,999,0,nonexistent,-1.8,92.843,-50.0,1.757,5099.1,no,0,-1,0.4907747244948567
38,technician,married,professional.course,no,no,no,cellular,mar,thu,1,999,0,nonexistent,-1.8,92.843,-50.0,1.757,5099.1,yes,0,-1,0.4907747244948567
30,self-employed,single,university.degree,no,no,no,cellular,apr,thu,1,999,0,nonexistent,-1.8,93.075,-47.1,1.435,5099.1,no,0,-1,0.4860529793466133
30,self-employed,single,university.degree,no,no,no,cellular,apr,thu,1,999,0,nonexistent,-1.8,93.075,-47.1,1.435,5099.1,no,0,-1,0.4860529793466133
30,self-employed,single,university.degree,no,no,no,cellular,apr,thu,1,999,0,nonexistent,-1.8,93.075,-47.1,1.435,5099.1,no,0,-1,0.4860529793466133
30,self-employed,single,university.degree,no,no,no,cellular,apr,thu,1,999,0,nonexistent,-1.8,93.075,-47.1,1.435,5099.1,yes,0,-1,0.4860529793466133
50,blue-collar,married,unknown,unknown,no,no,cellular,jul,thu,1,999,0,nonexistent,1.4,93.918,-42.7,4.958,5228.1,no,0,-1,0.4251405937773364
50,blue-collar,married,unknown,unknown,no,no,cellular,jul,thu,1,999,0,nonexistent,1.4,93.918,-42.7,4.958,5228.1,no,0,-1,0.4251405937773364
50,blue-collar,married,unknown,unknown,no,no,cellular,jul,thu,1,999,0,nonexistent,1.4,93.918,-42.7,4.958,5228.1,no,0,-1,0.4251405937773364
50,blue-collar,married,unknown,unknown,no,no,cellular,jul,thu,1,999,0,nonexistent,1.4,93.918,-42.7,4.958,5228.1,no,0,-1,0.4251405937773364
50,blue-collar,married,unknown,unknown,no,no,cellular,jul,thu,1,999,0,nonexistent,1.4,93.918,-42.7,4.958,5228.1,no,0,-1,0.4251405937773364
50,blue-collar,married,unknown,unknown,no,no,cellular,jul,thu,1,999,0,nonexistent,1.4,93.918,-42.7,4.958,5228.1,yes,0,-1,0.4251405937773364
50,admin.,married,high.school,no,no,no,cellular,may,wed,2,3,5,success,-1.8,93.876,-40.0,0.682,5008.7,no,1,3,0.39
64,retired,married,university.degree,no,no,no,cellular,mar,fri,1,3,2,success,-1.8,93.369,-34.8,0.653,5008.7,no,1,3,0.3675
88,retired,divorced,basic.4y,no,yes,no,cellular,mar,wed,6,999,0,nonexistent,-1.8,92.843,-50.0,1.663,5099.1,no,0,-1,0.3634633780482163
35,management,married,university.degree,no,no,no,cellular,nov,tue,1,3,2,success,-3.4,92.649,-30.1,0.716,5017.5,no,1,3,0.355
32,student,single,high.school,no,no,no,cellular,sep,tue,2,3,1,success,-1.1,94.199,-37.5,0.877,4963.6,no,1,3,0.3525
62,technician,married,unknown,no,no,no,cellular,mar,mon,3,6,1,success,-1.8,93.369,-34.8,0.646,5008.7,no,1,6,0.3525
29,admin.,single,university.degree,no,no,no,cellular,sep,fri,4,6,1,success,-1.1,94.199,-37.5,0.878,4963.6,no,1,6,0.35
27,admin.,single,university.degree,no,yes,yes,cellular,oct,tue,1,3,2,success,-1.1,94.601,-49.5,0.982,4963.6,no,1,3,0.35
18,student,single,unknown,no,yes,no,cellular,may,thu,1,7,2,success,-1.8,93.876,-40.0,0.677,5008.7,no,1,7,0.35
56,technician,married,high.school,no,no,no,cellular,apr,mon,2,999,0,nonexistent,-1.8,93.749,-34.6,0.642,5008.7,no,0,-1,0.3475
29,admin.,single,university.degree,no,yes,no,cellular,sep,thu,2,8,2,success,-1.1,94.199,-37.5,0.878,4963.6,no,1,8,0.345
31,technician,married,professional.course,no,yes,no,cellular,jun,tue,4,3,2,success,-1.7,94.055,-39.8,0.723,4991.6,no,1,3,0.345
38,student,single,unknown,no,yes,no,cellular,mar,mon,1,11,1,success,-1.8,93.369,-34.8,0.639,5008.7,no,1,11,0.3425
62,housemaid,married,university.degree,no,yes,no,cellular,nov,thu,1,3,3,success,-3.4,92.649,-30.1,0.714,5017.5,no,1,3,0.3425
33,admin.,married,university.degree,no,no,no,telephone,oct,wed,1,999,0,nonexistent,-0.1,93.798,-40.4,4.827,5195.8,no,0,-1,0.34
24,student,single,high.school,no,yes,no,cellular,may,wed,1,1,2,success,-1.8,93.876,-40.0,0.672,5008.7,no,1,1,0.34
30,admin.,single,university.degree,no,yes,no,cellular,jun,wed,1,999,0,nonexistent,-2.9,92.963,-40.8,1.26,5076.2,no,0,-1,0.3385224286596857
78,retired,divorced,basic.4y,no,yes,no,cellular,may,fri,2,7,2,success,-1.8,93.876,-40.0,0.682,5008.7,no,1,7,0.3375
58,technician,married,basic.4y,no,no,yes,cellular,oct,wed,2,4,2,success,-3.4,92.431,-26.9,0.74,5017.5,no,1,4,0.3375
35,admin.,married,university.degree,no,no,no,cellular,jul,mon,2,3,4,success,-1.7,94.215,-40.3,0.889,4991.6,no,1,3,0.3375
24,admin.,single,university.degree,no,yes,yes,cellular,aug,fri,5,6,2,success,-1.7,94.027,-38.3,0.905,4991.6,no,1,6,0.3375
63,retired,divorced,basic.4y,no,no,no,cellular,mar,wed,1,999,0,nonexistent,-1.8,92.843,-50.0,1.548,5099.1,no,0,-1,0.3357408139485687
45,unemployed,married,high.school,no,no,no,cellular,sep,wed,4,6,2,success,-1.1,94.199,-37.5,0.88,4963.6,no,1,6,0.335
28,technician,single,professional.course,no,yes,no,cellular,jul,tue,2,6,1,success,-1.7,94.215,-40.3,0.893,4991.6,no,1,6,0.33471696853452465
53,admin.,married,university.degree,no,no,no,cellular,dec,thu,1,6,1,success,-3.0,92.713,-33.0,0.72,5023.5,no,1,6,0.3325
41,admin.,divorced,university.degree,no,no,no,cellular,jul,mon,3,999,0,nonexistent,-1.7,94.215,-40.3,0.793,4991.6,no,0,-1,0.3325
47,management,married,university.degree,no,yes,no,cellular,aug,mon,3,3,2,success,-1.7,94.027,-38.3,0.904,4991.6,no,1,3,0.3325
49,blue-collar,married,basic.9y,unknown,no,no,cellular,mar,mon,3,7,2,success,-1.8,93.369,-34.8,0.652,5008.7,no,1,7,0.33
24,student,single,high.school,no,no,no,cellular,jun,wed,2,14,2,success,-1.7,94.055,-39.8,0.739,4991.6,no,1,14,0.33
74,retired,married,professional.course,no,yes,no,cellular,oct,thu,2,3,1,success,-3.4,92.431,-26.9,0.74,5017.5,no,1,3,0.33
66,retired,married,basic.4y,no,yes,no,cellular,apr,wed,2,999,0,nonexistent,-1.8,93.075,-47.1,1.415,5099.1,no,0,-1,0.3297131446052248
47,management,married,university.degree,no,yes,no,telephone,may,wed,2,3,3,success,-1.8,93.876,-40.0,0.682,5008.7,no,1,3,0.3275
34,admin.,married,university.degree,no,no,no,cellular,nov,wed,1,3,3,success,-1.1,94.767,-50.8,1.048,4963.6,no,1,3,0.3275
78,retired,divorced,basic.4y,no,yes,no,cellular,nov,thu,1,3,1,success,-3.4,92.649,-30.1,0.714,5017.5,no,1,3,0.325
92,retired,married,unknown,no,yes,no,cellular,may,thu,1,6,2,success,-1.8,93.876,-40.0,0.683,5008.7,no,1,6,0.3225
26,student,single,high.school,no,no,no,cellular,mar,wed,2,999,0,nonexistent,-1.8,92.843,-50.0,1.602,5099.1,no,0,-1,0.3201519704843248
52,admin.,married,university.degree,no,no,no,cellular,may,tue,1,3,2,success,-1.8,93.876,-40.0,0.668,5008.7,no,1,3,0.32
29,technician,single,professional.course,no,no,no,cellular,apr,thu,2,2,1,success,-1.8,93.075,-47.1,1.365,5099.1,no,1,2,0.3197184859667864
28,admin.,single,high.school,no,yes,no,cellular,mar,fri,2,999,0,nonexistent,-1.8,92.843,-50.0,1.531,5099.1,no,0,-1,0.31885213393417916
33,admin.,married,university.degree,no,yes,no,cellular,sep,thu,1,999,0,nonexistent,-1.1,94.199,-37.5,0.879,4963.6,no,0,-1,0.3175
34,admin.,single,university.degree,no,yes,no,cellular,mar,tue,2,999,0,nonexistent,-1.8,93.369,-34.8,0.652,5008.7,no,0,-1,0.315
37,admin.,married,high.school,no,yes,no,cellular,jul,thu,2,999,0,nonexistent,-1.7,94.215,-40.3,0.81,4991.6,no,0,-1,0.315
34,technician,married,university.degree,no,yes,no,cellular,apr,thu,2,8,1,success,-1.8,93.075,-47.1,1.365,5099.1,no,1,8,0.315
26,admin.,married,university.degree,no,yes,no,cellular,mar,mon,2,999,0,nonexistent,-1.8,92.843,-50.0,1.811,5099.1,no,0,-1,0.3145725451570249
34,admin.,married,high.school,no,no,yes,cellular,sep,wed,2,999,0,nonexistent,-1.1,94.199,-37.5,0.876,4963.6,no,0,-1,0.3125
41,admin.,single,high.school,no,no,no,telephone,oct,tue,1,999,0,nonexistent,-0.1,93.798,-40.4,4.968,5195.8,no,0,-1,0.3125
57,retired,married,basic.4y,no,yes,no,cellular,nov,wed,1,3,2,success,-3.4,92.649,-30.1,0.716,5017.5,no,1,3,0.3125
27,blue-collar,single,professional.course,no,yes,no,telephone,oct,mon,1,999,0,nonexistent,-0.1,93.798,-40.4,4.912,5195.8,no,0,-1,0.3122252233660289
34,admin.,married,high.school,no,yes,no,cellular,jun,wed,1,5,1,success,-1.7,94.055,-39.8,0.704,4991.6,no,1,5,0.31
35,admin.,married,high.school,no,no,no,cellular,oct,thu,1,4,2,success,-3.4,92.431,-26.9,0.754,5017.5,no,1,4,0.31
20,student,single,unknown,no,yes,yes,cellular,apr,tue,2,999,0,nonexistent,-1.8,93.075,-47.1,1.405,5099.1,no,0,-1,0.30967207855989987
60,retired,married,basic.4y,no,no,no,cellular,aug,mon,2,15,2,failure,-1.7,94.027,-38.3,0.896,4991.6,no,1,15,0.3075
21,student,single,high.school,no,no,no,cellular,nov,tue,1,7,2,failure,-3.4,92.649,-30.1,0.715,5017.5,no,1,7,0.3075
24,student,single,unknown,no,yes,yes,telephone,sep,wed,1,10,1,success,-1.1,94.199,-37.5,0.886,4963.6,no,1,10,0.3075
47,admin.,married,university.degree,no,yes,no,cellular,aug,tue,1,999,1,failure,-2.9,92.201,-31.4,0.883,5076.2,no,0,-1,0.3075
54,admin.,divorced,university.degree,no,yes,no,cellular,oct,wed,2,6,2,success,-3.4,92.431,-26.9,0.735,5017.5,no,1,6,0.3075
37,admin.,married,high.school,no,yes,no,cellular,apr,thu,1,2,1,success,-1.8,93.075,-47.1,1.365,5099.1,no,1,2,0.305
52,admin.,married,university.degree,no,yes,no,cellular,may,thu,2,999,0,nonexistent,-1.8,93.876,-40.0,0.677,5008.7,no,0,-1,0.305
47,admin.,divorced,high.school,no,yes,no,cellular,sep,tue,1,3,1,success,-3.4,92.379,-29.8,0.77,5017.5,no,1,3,0.305
21,student,single,university.degree,no,yes,no,cellular,nov,fri,3,3,1,success,-3.4,92.649,-30.1,0.714,5017.5,no,1,3,0.305
28,technician,single,professional.course,no,yes,no,cellular,aug,thu,1,999,0,nonexistent,-2.9,92.201,-31.4,0.851,5076.2,no,0,-1,0.305
45,admin.,divorced,university.degree,no,no,yes,cellular,jun,wed,1,3,2,success,-1.7,94.055,-39.8,0.739,4991.6,no,1,3,0.3025
29,management,married,university.degree,no,no,no,telephone,jun,wed,2,999,0,nonexistent,1.4,94.465,-41.8,4.962,5228.1,no,0,-1,0.3025
59,management,married,university.degree,no,yes,no,cellular,dec,thu,3,6,1,success,-3.0,92.713,-33.0,0.7,5023.5,no,1,6,0.3025
28,admin.,single,university.degree,no,yes,no,cellular,oct,mon,1,6,2,success,-1.1,94.601,-49.5,1.032,4963.6,no,1,6,0.3025
54,unknown,married,basic.9y,no,yes,no,cellular,jul,tue,2,13,2,success,-1.7,94.215,-40.3,0.876,4991.6,no,1,13,0.3022501277926433
47,management,married,basic.9y,no,yes,no,cellular,jun,tue,2,3,1,success,-2.9,92.963,-40.8,1.262,5076.2,no,1,3,0.3017030954483034
33,services,single,high.school,no,yes,no,cellular,mar,fri,2,6,1,success,-1.8,93.369,-34.8,0.636,5008.7,no,1,6,0.3
40,management,divorced,university.degree,no,no,no,cellular,aug,fri,1,999,0,nonexistent,-1.7,94.027,-38.3,0.898,4991.6,no,0,-1,0.3
