StockCode,Description,Ma_cum,Ten_cum
10002,INFLATABLE POLITICAL GLOBE ,3,Hàng chủ lực - bán chạy đều
10080,GROOVY CACTUS INFLATABLE,1,Hàng giá rẻ - số lượng lớn
10120,DOGGY RUBBER,1,Hàng giá rẻ - số lượng lớn
10123C,HEARTS WRAPPING TAPE ,1,Hàng giá rẻ - số lượng lớn
10123G,ARMY CAMO WRAPPING TAPE,1,Hàng giá rẻ - số lượng lớn
10124A,SPOTS ON RED BOOKCOVER TAPE,4,Hàng bán chậm - ít khách
10124G,ARMY CAMO BOOKCOVER TAPE,4,Hàng bán chậm - ít khách
10125,MINI FUNKY DESIGN TAPES,1,Hàng giá rẻ - số lượng lớn
10133,COLOURING PENCILS BROWN TUBE,3,Hàng chủ lực - bán chạy đều
10134,COLOURING PENCILS BROWN TUBE,1,Hàng giá rẻ - số lượng lớn
10135,COLOURING PENCILS BROWN TUBE,3,Hàng chủ lực - bán chạy đều
10138,ASSORTED COLOUR JUMBO PEN,1,Hàng giá rẻ - số lượng lớn
11001,ASSTD DESIGN RACING CAR PEN,3,Hàng chủ lực - bán chạy đều
15030,FAN BLACK FRAME ,1,Hàng giá rẻ - số lượng lớn
15034,PAPER POCKET TRAVELING FAN ,1,Hàng giá rẻ - số lượng lớn
15036,ASSORTED COLOURS SILK FAN,3,Hàng chủ lực - bán chạy đều
15039,SANDALWOOD FAN,3,Hàng chủ lực - bán chạy đều
15044A,PINK PAPER PARASOL ,3,Hàng chủ lực - bán chạy đều
15044B,BLUE PAPER PARASOL ,3,Hàng chủ lực - bán chạy đều
15044C,PURPLE PAPER PARASOL,0,Hàng giá trị cao - ổn định
15044D,RED PAPER PARASOL,3,Hàng chủ lực - bán chạy đều
15056BL,EDWARDIAN PARASOL BLACK,3,Hàng chủ lực - bán chạy đều
15056N,EDWARDIAN PARASOL NATURAL,3,Hàng chủ lực - bán chạy đều
15056P,EDWARDIAN PARASOL PINK,3,Hàng chủ lực - bán chạy đều
15058A,BLUE POLKADOT GARDEN PARASOL,0,Hàng giá trị cao - ổn định
15058B,PINK POLKADOT GARDEN PARASOL,0,Hàng giá trị cao - ổn định
15058C,ICE CREAM DESIGN GARDEN PARASOL,0,Hàng giá trị cao - ổn định
15060B,FAIRY CAKE DESIGN UMBRELLA,0,Hàng giá trị cao - ổn định
16008,SMALL FOLDING SCISSOR(POINTED EDGE),1,Hàng giá rẻ - số lượng lớn
16011,ANIMAL STICKERS,1,Hàng giá rẻ - số lượng lớn
16012,FOOD/DRINK SPONGE STICKERS,1,Hàng giá rẻ - số lượng lớn
16014,SMALL CHINESE STYLE SCISSOR,1,Hàng giá rẻ - số lượng lớn
16015,MEDIUM CHINESE STYLE SCISSOR,1,Hàng giá rẻ - số lượng lớn
16016,LARGE CHINESE STYLE SCISSOR,1,Hàng giá rẻ - số lượng lớn
16020C,CLEAR STATIONERY BOX SET ,4,Hàng bán chậm - ít khách
16033,MINI HIGHLIGHTER PENS,1,Hàng giá rẻ - số lượng lớn
16043,POP ART PUSH DOWN RUBBER ,1,Hàng giá rẻ - số lượng lớn
16045,POPART WOODEN PENCILS ASST,1,Hàng giá rẻ - số lượng lớn
16046,TEATIME PEN CASE & PENS,1,Hàng giá rẻ - số lượng lớn
16047,POP ART PEN CASE & PENS,1,Hàng giá rẻ - số lượng lớn
16048,TEATIME ROUND PENCIL SHARPENER ,1,Hàng giá rẻ - số lượng lớn
16049,TEATIME GEL PENS ASST,1,Hàng giá rẻ - số lượng lớn
16050,TEATIME PENCIL WITH RUBBER,1,Hàng giá rẻ - số lượng lớn
16052,TEATIME PUSH DOWN RUBBER,1,Hàng giá rẻ - số lượng lớn
16053,POPART COL BALLPOINT PEN ASST,1,Hàng giá rẻ - số lượng lớn
16054,POPART RECT PENCIL SHARPENER ASST,1,Hàng giá rẻ - số lượng lớn
16119,FUNKY GIRL ADDRESS BOOK,1,Hàng giá rẻ - số lượng lớn
16151A,FLOWERS HANDBAG blue and orange,4,Hàng bán chậm - ít khách
16156L,"WRAP, CAROUSEL",1,Hàng giá rẻ - số lượng lớn
16156N,"WRAP, FRIENDSHIP ON GREEN",1,Hàng giá rẻ - số lượng lớn
16156S,WRAP PINK FAIRY CAKES ,3,Hàng chủ lực - bán chạy đều
16161E,WRAP BOUDOIR ,1,Hàng giá rẻ - số lượng lớn
16161G,WRAP BAD HAIR DAY,1,Hàng giá rẻ - số lượng lớn
16161M,WRAP  PINK FLOCK,1,Hàng giá rẻ - số lượng lớn
16161P,WRAP ENGLISH ROSE ,3,Hàng chủ lực - bán chạy đều
16161U,WRAP SUKI AND FRIENDS,3,Hàng chủ lực - bán chạy đều
16162L,THE KING GIFT BAG,1,Hàng giá rẻ - số lượng lớn
16162M,THE KING GIFT BAG 25x24x12cm,4,Hàng bán chậm - ít khách
16168M,FUNKY MONKEY GIFT BAG MEDIUM,1,Hàng giá rẻ - số lượng lớn
16168S,FUNKY MONKEY GIFT BAG SMALL,1,Hàng giá rẻ - số lượng lớn
16169C,WRAP BLUE REINDEER,1,Hàng giá rẻ - số lượng lớn
16169D,WRAP WINTER FOREST,1,Hàng giá rẻ - số lượng lớn
16169E,WRAP 50'S  CHRISTMAS,1,Hàng giá rẻ - số lượng lớn
16169F,WRAP BLIZZARD,1,Hàng giá rẻ - số lượng lớn
16169K,WRAP FOLK ART,1,Hàng giá rẻ - số lượng lớn
16169M,WRAP DAISY CARPET ,1,Hàng giá rẻ - số lượng lớn
16169N,WRAP BLUE RUSSIAN FOLKART,1,Hàng giá rẻ - số lượng lớn
16169P,WRAP GREEN RUSSIAN FOLKART ,1,Hàng giá rẻ - số lượng lớn
16201A,PASTEL PINK PHOTO ALBUM,4,Hàng bán chậm - ít khách
16201B,PASTEL BLUE PHOTO ALBUM,4,Hàng bán chậm - ít khách
16202A,PASTEL PINK PHOTO ALBUM ,1,Hàng giá rẻ - số lượng lớn
16202B,PASTEL BLUE PHOTO ALBUM ,1,Hàng giá rẻ - số lượng lớn
16202C,BEIGE PHOTO ALBUM,4,Hàng bán chậm - ít khách
16202E,BLACK PHOTO ALBUM ,4,Hàng bán chậm - ít khách
16206B,RED PURSE WITH PINK HEART,4,Hàng bán chậm - ít khách
16207A,PINK STRAWBERRY HANDBAG ,2,Hàng ngách - khách quen mua lại
16207B,PINK HEART RED HANDBAG,2,Hàng ngách - khách quen mua lại
16212,FUNKY GIRLZ ASST MAGNETIC MEMO PAD,1,Hàng giá rẻ - số lượng lớn
16216,LETTER SHAPE PENCIL SHARPENER,1,Hàng giá rẻ - số lượng lớn
16218,CARTOON  PENCIL SHARPENERS,1,Hàng giá rẻ - số lượng lớn
16219,HOUSE SHAPE PENCIL SHARPENER,1,Hàng giá rẻ - số lượng lớn
16225,RATTLE SNAKE EGGS,1,Hàng giá rẻ - số lượng lớn
16235,RECYCLED PENCIL WITH RABBIT ERASER,3,Hàng chủ lực - bán chạy đều
16236,KITTY PENCIL ERASERS,3,Hàng chủ lực - bán chạy đều
16237,SLEEPING CAT ERASERS,3,Hàng chủ lực - bán chạy đều
16238,PARTY TIME PENCIL ERASERS,3,Hàng chủ lực - bán chạy đều
16239,BALLERINA HEART DECORATION.,1,Hàng giá rẻ - số lượng lớn
16243B,BROWN COZY SQUARE PHOTO ALBUM,2,Hàng ngách - khách quen mua lại
16244A,MAXWELL 2 TONE PINK 60 PAGE PHOTO A,2,Hàng ngách - khách quen mua lại
16244B,MAXWELL 2 TONE BLUE 60 PAGE PHOTO A,1,Hàng giá rẻ - số lượng lớn
16245A,PINK MINI STATIONERY SET W CASE,4,Hàng bán chậm - ít khách
16248B,BLUE HOLE PUNCH,4,Hàng bán chậm - ít khách
16254,TRANSPARENT ACRYLIC TAPE DISPENSER,1,Hàng giá rẻ - số lượng lớn
16256B,FLOWER PENCIL/RUBBER+5 MINI PENCILS,1,Hàng giá rẻ - số lượng lớn
16256C,HEARTS PENCIL/RUBBER+5 MINI PENCILS,1,Hàng giá rẻ - số lượng lớn
16258A,SWIRLY CIRCULAR RUBBERS IN BAG,1,Hàng giá rẻ - số lượng lớn
16258B,DAISY ERASERS IN BAG,1,Hàng giá rẻ - số lượng lớn
16259,PIECE OF CAMO STATIONERY SET,1,Hàng giá rẻ - số lượng lớn
17001,HEAVENS SCENT FRAGRANCE OILS ASSTD,1,Hàng giá rẻ - số lượng lớn
17003,BROCADE RING PURSE ,3,Hàng chủ lực - bán chạy đều
17007B,S/3 POT POURI CUSHIONS BLUE COLOURS,4,Hàng bán chậm - ít khách
17011A,ORIGAMI VANILLA INCENSE+FLOWER ,1,Hàng giá rẻ - số lượng lớn
17011F,ORIGAMI SANDLEWOOD INCENSE+FLOWER,1,Hàng giá rẻ - số lượng lớn
17012A,ORIGAMI VANILLA INCENSE/CANDLE SET ,1,Hàng giá rẻ - số lượng lớn
17012B,ORIGAMI JASMINE INCENSE/CANDLE SET,0,Hàng giá trị cao - ổn định
17012C,ORIGAMI LAVENDER INCENSE/CANDL SET ,1,Hàng giá rẻ - số lượng lớn
17012D,ORIGAMI ROSE INCENSE/CANDLE SET ,0,Hàng giá trị cao - ổn định
17012E,ORIGAMI OPIUM INCENSE/CANDLE SET ,1,Hàng giá rẻ - số lượng lớn
17012F,ORIGAMI SANDLEWOOD INCENSE/CAND SET,0,Hàng giá trị cao - ổn định
17013D,ORIGAMI ROSE INCENSE IN TUBE,1,Hàng giá rẻ - số lượng lớn
17013F,ORIGAMI SANDLEWOOD INCENSE IN TUBE,4,Hàng bán chậm - ít khách
17014A,ORIGAMI VANILLA INCENSE CONES,1,Hàng giá rẻ - số lượng lớn
17014D,ORIGAMI ROSE INCENSE CONES,1,Hàng giá rẻ - số lượng lớn
17014E,ORIGAMI OPIUM INCENSE CONES,1,Hàng giá rẻ - số lượng lớn
17021,NAMASTE SWAGAT INCENSE,1,Hàng giá rẻ - số lượng lớn
17033,"BROCADE PURSE,SMALL ARCH BUTTON",1,Hàng giá rẻ - số lượng lớn
17038,PORCELAIN BUDAH INCENSE HOLDER,1,Hàng giá rẻ - số lượng lớn
17039,INLAID WOOD INCENSE HOLDER,1,Hàng giá rẻ - số lượng lớn
17084A,TRANQUILITY MASALA INCENSE,1,Hàng giá rẻ - số lượng lớn
17084J,LOVE POTION MASALA INCENSE,1,Hàng giá rẻ - số lượng lớn
17084N,FAIRY DREAMS INCENSE ,1,Hàng giá rẻ - số lượng lớn
17084P,DRAGONS BLOOD INCENSE,1,Hàng giá rẻ - số lượng lớn
17084R,ASSORTED INCENSE PACK,1,Hàng giá rẻ - số lượng lớn
17090A,LAVENDER INCENSE 40 CONES IN TIN,1,Hàng giá rẻ - số lượng lớn
17090D,VANILLA INCENSE 40 CONES IN TIN,4,Hàng bán chậm - ít khách
17091A,LAVENDER INCENSE IN TIN,1,Hàng giá rẻ - số lượng lớn
17091B,JASMINE TEA INCENSE IN TIN,1,Hàng giá rẻ - số lượng lớn
17091F,SANDALWOOD INCENSE IN TIN,4,Hàng bán chậm - ít khách
17091J,VANILLA INCENSE IN TIN,1,Hàng giá rẻ - số lượng lớn
17096,ASSORTED LAQUERED INCENSE HOLDERS,1,Hàng giá rẻ - số lượng lớn
17107D,"FLOWER FAIRY,5 SUMMER B'DRAW LINERS",0,Hàng giá trị cao - ổn định
17108D,FLOWER FAIRY SUMMER BOUQUET SACHET,1,Hàng giá rẻ - số lượng lớn
17109A,FLOWER FAIRY INCENSE LILY,1,Hàng giá rẻ - số lượng lớn
17109B,FLOWER FAIRY INCENSE LAVENDER,1,Hàng giá rẻ - số lượng lớn
17109C,FLOWER FAIRY INCENSE ROSE,1,Hàng giá rẻ - số lượng lớn
17109D,FLOWER FAIRY INCENSE BOUQUET,1,Hàng giá rẻ - số lượng lớn
17129C,SKY BLUE COLOUR GLASS GEMS IN BAG,4,Hàng bán chậm - ít khách
17129D,CLEAR COLOUR GLASS GEMS IN BAG,1,Hàng giá rẻ - số lượng lớn
17129F,BLUE GLASS GEMS IN BAG,2,Hàng ngách - khách quen mua lại
17136A,BLUE STONES ON WIRE FOR CANDLE,1,Hàng giá rẻ - số lượng lớn
17164B,ASS COL SMALL SAND GECKO P'WEIGHT,1,Hàng giá rẻ - số lượng lớn
17164D,ASS COL SMALL SAND FROG P'WEIGHT,1,Hàng giá rẻ - số lượng lớn
17165B,ASS COL LARGE SAND GECKO P'WEIGHT,1,Hàng giá rẻ - số lượng lớn
17165D,ASS COL LARGE SAND FROG P'WEIGHT,1,Hàng giá rẻ - số lượng lớn
17174,ASSTD RASTA KEY-CHAINS,4,Hàng bán chậm - ít khách
17178,FLAT PALM T-LIGHT HOLDER,4,Hàng bán chậm - ít khách
17181,CIRCLE OF FRIENDS CANDLE HOLDER,0,Hàng giá trị cao - ổn định
17191A,ROSE FLOWER CANDLE+INCENSE 16X16CM,4,Hàng bán chậm - ít khách
18007,ESSENTIAL BALM 3.5g TIN IN ENVELOPE,1,Hàng giá rẻ - số lượng lớn
18010,ASSORTED FRAGRANCE BATH CONFETTI,4,Hàng bán chậm - ít khách
18094C,WHITE AND BLUE CERAMIC OIL BURNER,2,Hàng ngách - khách quen mua lại
18096C,WHITE ROUND PORCELAIN TLIGHT HOLDER,4,Hàng bán chậm - ít khách
18097A,PINK TALL PORCELAIN T-LIGHT HOLDER ,4,Hàng bán chậm - ít khách
18097C,WHITE TALL PORCELAIN T-LIGHT HOLDER,3,Hàng chủ lực - bán chạy đều
18098C,PORCELAIN BUTTERFLY OIL BURNER,0,Hàng giá trị cao - ổn định
20615,BLUE POLKADOT PASSPORT COVER,0,Hàng giá trị cao - ổn định
20616,CHERRY BLOSSOM PASSPORT COVER,2,Hàng ngách - khách quen mua lại
20617,FIRST CLASS PASSPORT COVER ,0,Hàng giá trị cao - ổn định
20618,QUEEN OF THE SKIES PASSPORT COVER ,0,Hàng giá trị cao - ổn định
20619,TROPICAL PASSPORT COVER ,0,Hàng giá trị cao - ổn định
20620,RED SPOTTY PASSPORT COVER,2,Hàng ngách - khách quen mua lại
20621,ECONOMY PASSPORT COVER ,1,Hàng giá rẻ - số lượng lớn
20622,VIPPASSPORT COVER ,0,Hàng giá trị cao - ổn định
20652,BLUE POLKADOT LUGGAGE TAG ,1,Hàng giá rẻ - số lượng lớn
20653,CHERRY BLOSSOM LUGGAGE TAG,1,Hàng giá rẻ - số lượng lớn
20654,FIRST CLASS LUGGAGE TAG ,0,Hàng giá trị cao - ổn định
20655,QUEEN OF SKIES LUGGAGE TAG,0,Hàng giá trị cao - ổn định
20657,TROPICAL LUGGAGE TAG,1,Hàng giá rẻ - số lượng lớn
20658,RED SPOTTY LUGGAGE TAG,3,Hàng chủ lực - bán chạy đều
20659,ECONOMY LUGGAGE TAG,0,Hàng giá trị cao - ổn định
20660,VIP LUGGAGE TAG ,4,Hàng bán chậm - ít khách
20661,BLUE SPOTTY PURSE ,1,Hàng giá rẻ - số lượng lớn
20662,FIRST CLASS HOLIDAY PURSE ,1,Hàng giá rẻ - số lượng lớn
20663,QUEEN OF THE SKIES HOLIDAY PURSE ,1,Hàng giá rẻ - số lượng lớn
20664,TROPICAL HOLIDAY PURSE ,4,Hàng bán chậm - ít khách
20665,RED RETROSPOT PURSE ,0,Hàng giá trị cao - ổn định
20666,ECONOMY HOLIDAY PURSE,1,Hàng giá rẻ - số lượng lớn
20667,CHERRY BLOSSOM PURSE,2,Hàng ngách - khách quen mua lại
20668,DISCO BALL CHRISTMAS DECORATION,3,Hàng chủ lực - bán chạy đều
20669,RED HEART LUGGAGE TAG,0,Hàng giá trị cao - ổn định
20670,VIP HOLIDAY PURSE,1,Hàng giá rẻ - số lượng lớn
20671,BLUE TEATIME PRINT BOWL ,0,Hàng giá trị cao - ổn định
20672,PINK TEATIME PRINT BOWL,4,Hàng bán chậm - ít khách
20674,GREEN POLKADOT BOWL,3,Hàng chủ lực - bán chạy đều
20675,BLUE POLKADOT BOWL,3,Hàng chủ lực - bán chạy đều
20676,RED RETROSPOT BOWL,3,Hàng chủ lực - bán chạy đều
20677,PINK POLKADOT BOWL,3,Hàng chủ lực - bán chạy đều
20679,EDWARDIAN PARASOL RED,3,Hàng chủ lực - bán chạy đều
20681,PINK SPOTTY CHILDS UMBRELLA,0,Hàng giá trị cao - ổn định
20682,RED RETROSPOT CHILDRENS UMBRELLA,3,Hàng chủ lực - bán chạy đều
20684,STRAWBERRY DREAM CHILDS UMBRELLA,0,Hàng giá trị cao - ổn định
20685,DOORMAT RED RETROSPOT,3,Hàng chủ lực - bán chạy đều
20686,DOLLY MIXTURE CHILDREN'S UMBRELLA,0,Hàng giá trị cao - ổn định
20688,BEAUTY SPEED EXPRESSO CUPS,1,Hàng giá rẻ - số lượng lớn
20689,RETRO SISTERS EXPRESSO CUPS,1,Hàng giá rẻ - số lượng lớn
20692,FLORAL ELEPHANT SOFT TOY,0,Hàng giá trị cao - ổn định
20693,FLORAL DINOSAUR GREEN,4,Hàng bán chậm - ít khách
20694,FLORAL PINK MONSTER,0,Hàng giá trị cao - ổn định
20695,FLORAL BLUE MONSTER,0,Hàng giá trị cao - ổn định
20696,FLORAL SOFT CAR TOY,0,Hàng giá trị cao - ổn định
20697,LITTLE GREEN MONSTER SOFT TOY,4,Hàng bán chậm - ít khách
20698,LITTLE PINK MONSTER SOFT TOY,4,Hàng bán chậm - ít khách
20699,MOUSEY LONG LEGS SOFT TOY,0,Hàng giá trị cao - ổn định
20700,GREEN CAT FLORAL CUSHION COVER ,2,Hàng ngách - khách quen mua lại
20701,PINK CAT FLORAL CUSHION COVER ,2,Hàng ngách - khách quen mua lại
20702,PINK PADDED MOBILE,0,Hàng giá trị cao - ổn định
20703,BLUE PADDED SOFT MOBILE,0,Hàng giá trị cao - ổn định
20704,MR ROBOT SOFT TOY,0,Hàng giá trị cao - ổn định
20705,MRS ROBOT SOFT TOY,0,Hàng giá trị cao - ổn định
20707,CRAZY DAISY HEART DECORATION,3,Hàng chủ lực - bán chạy đều
20711,JUMBO BAG TOYS ,3,Hàng chủ lực - bán chạy đều
20712,JUMBO BAG WOODLAND ANIMALS,3,Hàng chủ lực - bán chạy đều
20713,JUMBO BAG OWLS,3,Hàng chủ lực - bán chạy đều
20714,POSY SHOPPER BAG,1,Hàng giá rẻ - số lượng lớn
20716,PARTY FOOD SHOPPER BAG,3,Hàng chủ lực - bán chạy đều
20717,STRAWBERRY SHOPPER BAG,3,Hàng chủ lực - bán chạy đều
20718,RED RETROSPOT SHOPPER BAG,3,Hàng chủ lực - bán chạy đều
20719,WOODLAND CHARLOTTE BAG,3,Hàng chủ lực - bán chạy đều
20723,STRAWBERRY CHARLOTTE BAG,3,Hàng chủ lực - bán chạy đều
20724,RED RETROSPOT CHARLOTTE BAG,3,Hàng chủ lực - bán chạy đều
20725,LUNCH BAG RED RETROSPOT,3,Hàng chủ lực - bán chạy đều
20726,LUNCH BAG WOODLAND,3,Hàng chủ lực - bán chạy đều
20727,LUNCH BAG  BLACK SKULL.,3,Hàng chủ lực - bán chạy đều
20728,LUNCH BAG CARS BLUE,3,Hàng chủ lực - bán chạy đều
20729,RED SPOTTY CANDY BAG,1,Hàng giá rẻ - số lượng lớn
20730,STRAWBERRY CANDY BAG,1,Hàng giá rẻ - số lượng lớn
20731,POSY CANDY BAG,1,Hàng giá rẻ - số lượng lớn
20733,GOLD MINI TAPE MEASURE ,3,Hàng chủ lực - bán chạy đều
20734,SILVER MINI TAPE MEASURE ,1,Hàng giá rẻ - số lượng lớn
20735,BLACK MINI TAPE MEASURE ,2,Hàng ngách - khách quen mua lại
20736,PINK MINI TAPE MEASURE ,1,Hàng giá rẻ - số lượng lớn
20738,GREEN MINI TAPE MEASURE ,1,Hàng giá rẻ - số lượng lớn
20747,PICCADILLY TEA SET,0,Hàng giá trị cao - ổn định
20748,KENSINGTON COFFEE SET,0,Hàng giá trị cao - ổn định
20749,ASSORTED COLOUR MINI CASES,3,Hàng chủ lực - bán chạy đều
20750,RED RETROSPOT MINI CASES,3,Hàng chủ lực - bán chạy đều
20751,FUNKY WASHING UP GLOVES ASSORTED,3,Hàng chủ lực - bán chạy đều
20752,BLUE POLKADOT WASHING UP GLOVES,3,Hàng chủ lực - bán chạy đều
20753,RETRO PINK SPOT WASHING UP GLOVES,0,Hàng giá trị cao - ổn định
20754,RETROSPOT RED WASHING UP GLOVES,3,Hàng chủ lực - bán chạy đều
20755,BLUE PAISLEY POCKET BOOK,1,Hàng giá rẻ - số lượng lớn
20756,GREEN FERN POCKET BOOK,1,Hàng giá rẻ - số lượng lớn
20757,RED DAISY POCKET BOOK ,1,Hàng giá rẻ - số lượng lớn
20758,ABSTRACT CIRCLES POCKET BOOK,1,Hàng giá rẻ - số lượng lớn
20759,CHRYSANTHEMUM POCKET BOOK ,1,Hàng giá rẻ - số lượng lớn
20760,GARDEN PATH POCKET BOOK,1,Hàng giá rẻ - số lượng lớn
20761,BLUE PAISLEY SKETCHBOOK,0,Hàng giá trị cao - ổn định
20762,GREEN FERN SKETCHBOOK ,0,Hàng giá trị cao - ổn định
20763,DAISY SKETCHBOOK ,0,Hàng giá trị cao - ổn định
20764,ABSTRACT CIRCLES SKETCHBOOK ,0,Hàng giá trị cao - ổn định
20765,CHRYSANTHEMUM SKETCHBOOK ,0,Hàng giá trị cao - ổn định
20766,GARDEN PATH SKETCHBOOK,0,Hàng giá trị cao - ổn định
20767,BLUE PAISLEY JOURNAL ,0,Hàng giá trị cao - ổn định
20768,GREEN FERN JOURNAL ,0,Hàng giá trị cao - ổn định
20769,DAISY JOURNAL ,0,Hàng giá trị cao - ổn định
20770,ABSTRACT CIRCLE JOURNAL ,0,Hàng giá trị cao - ổn định
20771,CHRYSANTHEMUM  JOURNAL,0,Hàng giá trị cao - ổn định
20772,GARDEN PATH JOURNAL,0,Hàng giá trị cao - ổn định
20773,BLUE PAISLEY NOTEBOOK,1,Hàng giá rẻ - số lượng lớn
20774,GREEN FERN NOTEBOOK,1,Hàng giá rẻ - số lượng lớn
20775,DAISY NOTEBOOK ,1,Hàng giá rẻ - số lượng lớn
20776,ABSTRACT CIRCLES NOTEBOOK,1,Hàng giá rẻ - số lượng lớn
20777,CHRYSANTHEMUM NOTEBOOK,1,Hàng giá rẻ - số lượng lớn
20778,GARDEN PATH NOTEBOOK ,1,Hàng giá rẻ - số lượng lớn
20780,BLACK EAR MUFF HEADPHONES,0,Hàng giá trị cao - ổn định
20781,GOLD EAR MUFF HEADPHONES,0,Hàng giá trị cao - ổn định
20782,CAMOUFLAGE EAR MUFF HEADPHONES,0,Hàng giá trị cao - ổn định
20783,HEART EAR MUFF HEADPHONES,0,Hàng giá trị cao - ổn định
20784,RED RETRO BAR STOOL,2,Hàng ngách - khách quen mua lại
20785,FUSCHIA RETRO BAR STOOL,0,Hàng giá trị cao - ổn định
20786,BLACK RETRO BAR STOOL,0,Hàng giá trị cao - ổn định
20787,BLUE RETRO BAR STOOL,2,Hàng ngách - khách quen mua lại
20793,BLUE TILED TRAY,1,Hàng giá rẻ - số lượng lớn
20794,BLUE  TILE HOOK,0,Hàng giá trị cao - ổn định
20795,LARGE BLUE PROVENCAL CERAMIC BALL,4,Hàng bán chậm - ít khách
20796,SMALL BLUE PROVENCAL CERAMIC BALL,4,Hàng bán chậm - ít khách
20798,CLEAR MILKSHAKE GLASS,0,Hàng giá trị cao - ổn định
20799,PINK MILKSHAKE GLASS,1,Hàng giá rẻ - số lượng lớn
20800,LARGE GLASS SUNDAE DISH CLEAR,1,Hàng giá rẻ - số lượng lớn
20801,LARGE PINK GLASS SUNDAE DISH,0,Hàng giá trị cao - ổn định
20802,SMALL GLASS SUNDAE DISH CLEAR,0,Hàng giá trị cao - ổn định
20803,SMALL PINK GLASS SUNDAE DISH,1,Hàng giá rẻ - số lượng lớn
20804,GLASS CHICKEN BUTTER DISH,0,Hàng giá trị cao - ổn định
20814,SILVER FINCH DECORATION,1,Hàng giá rẻ - số lượng lớn
20816,GOLD FLOWER CUSHION COVER ,4,Hàng bán chậm - ít khách
20818,GOLD TEDDY BEAR,4,Hàng bán chậm - ít khách
20819,SILVER TEDDY BEAR,0,Hàng giá trị cao - ổn định
20820,SILVER LOOKING MIRROR,4,Hàng bán chậm - ít khách
20821,GOLDIE LOOKING MIRROR,4,Hàng bán chậm - ít khách
20823,GOLD WINE GOBLET,1,Hàng giá rẻ - số lượng lớn
20825,GOLD WINE GLASS,1,Hàng giá rẻ - số lượng lớn
20826,SILVER APERITIF GLASS,1,Hàng giá rẻ - số lượng lớn
20827,GOLD APERITIF GLASS,1,Hàng giá rẻ - số lượng lớn
20828,GLITTER BUTTERFLY CLIPS,3,Hàng chủ lực - bán chạy đều
20829,GLITTER HANGING BUTTERFLY STRING,3,Hàng chủ lực - bán chạy đều
20830,SILVER PHOTO FRAME,0,Hàng giá trị cao - ổn định
20831,GOLD PHOTO FRAME,0,Hàng giá trị cao - ổn định
20832,RED FLOCK LOVE HEART PHOTO FRAME,1,Hàng giá rẻ - số lượng lớn
20833,SHAKER THROW  QUILTED,4,Hàng bán chậm - ít khách
20835,FRENCH LATTICE CUSHION COVER ,4,Hàng bán chậm - ít khách
20836,FRENCH PAISLEY CUSHION COVER,4,Hàng bán chậm - ít khách
20837,FRENCH FLORAL CUSHION COVER ,4,Hàng bán chậm - ít khách
20838,FRENCH LATTICE CUSHION COVER ,0,Hàng giá trị cao - ổn định
20839,FRENCH PAISLEY CUSHION COVER ,0,Hàng giá trị cao - ổn định
20840,FRENCH FLORAL CUSHION COVER ,1,Hàng giá rẻ - số lượng lớn
20845,ZINC HEART LATTICE 2 WALL PLANTER,4,Hàng bán chậm - ít khách
20846,ZINC HEART LATTICE T-LIGHT HOLDER,3,Hàng chủ lực - bán chạy đều
20847,ZINC HEART LATTICE CHARGER LARGE,4,Hàng bán chậm - ít khách
20848,ZINC HEART LATTICE CHARGER SMALL,4,Hàng bán chậm - ít khách
20849,ZINC HEART LATTICE DOUBLE PLANTER,1,Hàng giá rẻ - số lượng lớn
20850,ZINC HEART LATTICE PLANTER BOWL,1,Hàng giá rẻ - số lượng lớn
20851,ZINC HEART LATTICE TRAY OVAL ,1,Hàng giá rẻ - số lượng lớn
20854,BLUE PATCH PURSE PINK HEART,0,Hàng giá trị cao - ổn định
20855,PINK PATCH PURSE BLUE HEART,4,Hàng bán chậm - ít khách
20856,DENIM PATCH PURSE PINK BUTTERFLY,0,Hàng giá trị cao - ổn định
20857,BLUE ROSE PATCH PURSE PINK BUTTERFL,0,Hàng giá trị cao - ổn định
20860,GOLD COSMETICS BAG WITH BUTTERFLY,4,Hàng bán chậm - ít khách
20861,GOLD COSMETIC BAG PINK STAR,4,Hàng bán chậm - ít khách
20862,PINK PATCH PENCIL CASE BLUE HEART,1,Hàng giá rẻ - số lượng lớn
20863,BLUE PATCH PENCIL CASE PINK HEART,0,Hàng giá trị cao - ổn định
20864,DENIM PATCH PENCIL CASE BUTTERFLY,1,Hàng giá rẻ - số lượng lớn
20865,PATCHWORK PENCIL CASE BUTTERFLY ,1,Hàng giá rẻ - số lượng lớn
20866,BLUE ROSE FABRIC MIRROR,3,Hàng chủ lực - bán chạy đều
20867,PINK ROSE FABRIC MIRROR,1,Hàng giá rẻ - số lượng lớn
20868,SILVER FABRIC MIRROR,1,Hàng giá rẻ - số lượng lớn
20869,GOLD FABRIC MIRROR,1,Hàng giá rẻ - số lượng lớn
20870,OPULENT VELVET CANDLE IN BOX,4,Hàng bán chậm - ít khách
20871,OPULENT VELVET SET/3 CANDLES,1,Hàng giá rẻ - số lượng lớn
20877,MODERN CHRISTMAS BAUBLE CANDLE ,4,Hàng bán chậm - ít khách
20878,SET/9 CHRISTMAS T-LIGHTS SCENTED ,1,Hàng giá rẻ - số lượng lớn
20879,TREE OF NOAH FESTIVE SCENTED CANDLE,4,Hàng bán chậm - ít khách
20886,BOX OF 9 PEBBLE CANDLES,3,Hàng chủ lực - bán chạy đều
20887,BOX OF 6 PEBBLE CANDLES,4,Hàng bán chậm - ít khách
20888,SET 3 JARDIN DE FEMME SCENT CANDLES,1,Hàng giá rẻ - số lượng lớn
20889,JARDIN DE FEMME SCENTED CANDLE,1,Hàng giá rẻ - số lượng lớn
20892,SET/3 TALL GLASS CANDLE HOLDER PINK,0,Hàng giá trị cao - ổn định
20893,HANGING BAUBLE T-LIGHT HOLDER SMALL,1,Hàng giá rẻ - số lượng lớn
20894,HANGING BAUBLE T-LIGHT HOLDER LARGE,0,Hàng giá trị cao - ổn định
20896,VINTAGE NOTEBOOK PINK FLOWER,4,Hàng bán chậm - ít khách
20897,VINTAGE NOTEBOOK PARIS DAYS,0,Hàng giá trị cao - ổn định
20898,VINTAGE NOTEBOOK TRAVELOGUE,0,Hàng giá trị cao - ổn định
20899,VINTAGE NOTEBOOK RED ROSE,4,Hàng bán chậm - ít khách
20901,VINTAGE KEEPSAKE BOX PINK FLOWER,2,Hàng ngách - khách quen mua lại
20902,VINTAGE KEEPSAKE BOX PARIS DAYS,2,Hàng ngách - khách quen mua lại
20903,VINTAGE KEEPSAKE BOX TRAVELOGUE,2,Hàng ngách - khách quen mua lại
20906,VINTAGE NOTEBOOK BEAUTY GIRL,4,Hàng bán chậm - ít khách
20910,VINTAGE PHOTO ALBUM PARIS DAYS,2,Hàng ngách - khách quen mua lại
20913,SET/5 BLUE SPOTTY LID GLASS BOWLS,1,Hàng giá rẻ - số lượng lớn
20914,SET/5 RED RETROSPOT LID GLASS BOWLS,3,Hàng chủ lực - bán chạy đều
20931,BLUE POT PLANT CANDLE ,0,Hàng giá trị cao - ổn định
20932,PINK POT PLANT CANDLE,0,Hàng giá trị cao - ổn định
20933,YELLOW POT PLANT CANDLE,1,Hàng giá rẻ - số lượng lớn
20934,SET/3 POT PLANT CANDLES,0,Hàng giá trị cao - ổn định
20935,ROUND CACTUS CANDLE,0,Hàng giá trị cao - ổn định
20936,FORKED CACTUS CANDLE,0,Hàng giá trị cao - ổn định
20940,SET/6 GARDEN GNOME T-LIGHT CANDLES,4,Hàng bán chậm - ít khách
20941,FROG CANDLE,1,Hàng giá rẻ - số lượng lớn
20943,SET/6 GINGERBREAD STAR T-LIGHTS,0,Hàng giá trị cao - ổn định
20950,SET/6  ANGEL T-LIGHTS WHITE/GOLD,1,Hàng giá rẻ - số lượng lớn
20952,PORCELAIN CHERUB BELL SMALL,1,Hàng giá rẻ - số lượng lớn
20953,PORCELAIN CHERUB BELL LARGE,4,Hàng bán chậm - ít khách
20956,PORCELAIN T-LIGHT HOLDERS ASSORTED,3,Hàng chủ lực - bán chạy đều
20957,PORCELAIN HANGING BELL SMALL,4,Hàng bán chậm - ít khách
20958,PORCELAIN HANGING BELL LARGE,4,Hàng bán chậm - ít khách
20960,WATERMELON BATH SPONGE,3,Hàng chủ lực - bán chạy đều
20961,STRAWBERRY BATH SPONGE ,3,Hàng chủ lực - bán chạy đều
20963,APPLE BATH SPONGE,3,Hàng chủ lực - bán chạy đều
20964,POLYESTER FILLER PAD 60x40cm,4,Hàng bán chậm - ít khách
20966,SANDWICH BATH SPONGE,3,Hàng chủ lực - bán chạy đều
20967,GREY FLORAL FELTCRAFT SHOULDER BAG,0,Hàng giá trị cao - ổn định
20968,GREEN FLORAL FELTCRAFT SHOULDER BAG,4,Hàng bán chậm - ít khách
20969,RED FLORAL FELTCRAFT SHOULDER BAG,3,Hàng chủ lực - bán chạy đều
20970,PINK FLORAL FELTCRAFT SHOULDER BAG,3,Hàng chủ lực - bán chạy đều
20971,PINK BLUE FELT CRAFT TRINKET BOX,3,Hàng chủ lực - bán chạy đều
20972,PINK CREAM FELT CRAFT TRINKET BOX ,3,Hàng chủ lực - bán chạy đều
20973,12 PENCIL SMALL TUBE WOODLAND,3,Hàng chủ lực - bán chạy đều
20974,12 PENCILS SMALL TUBE SKULL,3,Hàng chủ lực - bán chạy đều
20975,12 PENCILS SMALL TUBE RED RETROSPOT,3,Hàng chủ lực - bán chạy đều
20976,12 PENCILS SMALL TUBE POSY,1,Hàng giá rẻ - số lượng lớn
20977,36 PENCILS TUBE WOODLAND,3,Hàng chủ lực - bán chạy đều
20978,36 PENCILS TUBE SKULLS,3,Hàng chủ lực - bán chạy đều
20979,36 PENCILS TUBE RED RETROSPOT,3,Hàng chủ lực - bán chạy đều
20980,36 PENCILS TUBE POSY,4,Hàng bán chậm - ít khách
20981,12 PENCILS TALL TUBE WOODLAND,3,Hàng chủ lực - bán chạy đều
20982,12 PENCILS TALL TUBE SKULLS,3,Hàng chủ lực - bán chạy đều
20983,12 PENCILS TALL TUBE RED RETROSPOT,3,Hàng chủ lực - bán chạy đều
20984,12 PENCILS TALL TUBE POSY,3,Hàng chủ lực - bán chạy đều
20985,HEART CALCULATOR,3,Hàng chủ lực - bán chạy đều
20986,BLUE CALCULATOR RULER,3,Hàng chủ lực - bán chạy đều
20987,GEISHA GIRL CHOPSTICKS SET/5,4,Hàng bán chậm - ít khách
20988,TRELLIS FLOWER CHOPSTICKS SET/5,4,Hàng bán chậm - ít khách
20989,URBAN CHIC CHOPSTICKS SET/5,1,Hàng giá rẻ - số lượng lớn
20990,SPRING FLOWER CHOPSTICKS SET/5,1,Hàng giá rẻ - số lượng lớn
20991,JAZZ HEARTS MAGNETIC MEMO PAD,1,Hàng giá rẻ - số lượng lớn
20992,JAZZ HEARTS PURSE NOTEBOOK,3,Hàng chủ lực - bán chạy đều
20993,JAZZ HEARTS MEMO PAD,1,Hàng giá rẻ - số lượng lớn
20994,JAZZ HEARTS SPIRAL NOTEPAD,4,Hàng bán chậm - ít khách
20996,JAZZ HEARTS ADDRESS BOOK,3,Hàng chủ lực - bán chạy đều
20997,ROSE DU SUD CUSHION COVER ,2,Hàng ngách - khách quen mua lại
20998,ROSE DU SUD OVEN GLOVE,0,Hàng giá trị cao - ổn định
21000,ROSE DU SUD COSMETICS BAG,1,Hàng giá rẻ - số lượng lớn
21001,ROSE DU SUD WASHBAG ,2,Hàng ngách - khách quen mua lại
21002,ROSE DU SUD DRAWSTRING BAG,2,Hàng ngách - khách quen mua lại
21003,ROSE DU SUD CUSHION COVER,2,Hàng ngách - khách quen mua lại
21004,ROSE DU SUD CHILDS APRON,0,Hàng giá trị cao - ổn định
21007,ETCHED GLASS DROPLET DECORATION,1,Hàng giá rẻ - số lượng lớn
21009,ETCHED GLASS STAR TREE DECORATION,1,Hàng giá rẻ - số lượng lớn
21010,ETCHED GLASS BIRD TREE DECORATION,1,Hàng giá rẻ - số lượng lớn
21011,GLITTER SNOW PEAR TREE DECORATION,1,Hàng giá rẻ - số lượng lớn
21012,ANTIQUE ALL GLASS CANDLESTICK,3,Hàng chủ lực - bán chạy đều
21014,SWISS CHALET TREE DECORATION ,3,Hàng chủ lực - bán chạy đều
21015,DARK BIRD HOUSE TREE DECORATION,1,Hàng giá rẻ - số lượng lớn
21016,LIGHT BIRD HOUSE TREE DECORATION,1,Hàng giá rẻ - số lượng lớn
21017,RED BIRD HOUSE TREE DECORATION,1,Hàng giá rẻ - số lượng lớn
21018,BIRD BOX CHRISTMAS TREE DECORATION,4,Hàng bán chậm - ít khách
21025,SPACE FROG,0,Hàng giá trị cao - ổn định
21026,SPACE OWL,0,Hàng giá trị cao - ổn định
21027,NINJA RABBIT PINK,0,Hàng giá trị cao - ổn định
21028,NINJA RABBIT BLACK,0,Hàng giá trị cao - ổn định
21030,SPACE CADET RED,4,Hàng bán chậm - ít khách
21031,SPACE CADET BLACK,4,Hàng bán chậm - ít khách
21032,SPACE CADET WHITE,4,Hàng bán chậm - ít khách
21033,JUMBO BAG CHARLIE AND LOLA TOYS,3,Hàng chủ lực - bán chạy đều
21034,REX CASH+CARRY JUMBO SHOPPER,3,Hàng chủ lực - bán chạy đều
21035,SET/2 RED RETROSPOT TEA TOWELS ,3,Hàng chủ lực - bán chạy đều
21038,SET/4 MODERN VINTAGE COTTON NAPKINS,4,Hàng bán chậm - ít khách
21039,RED RETROSPOT SHOPPING BAG,0,Hàng giá trị cao - ổn định
21040,MODERN VINTAGE COTTON SHOPPING BAG,1,Hàng giá rẻ - số lượng lớn
21041,RED RETROSPOT OVEN GLOVE DOUBLE,3,Hàng chủ lực - bán chạy đều
21042,RED RETROSPOT APRON ,0,Hàng giá trị cao - ổn định
21043,APRON MODERN VINTAGE COTTON,0,Hàng giá trị cao - ổn định
21051,RIBBONS PURSE ,0,Hàng giá trị cao - ổn định
21054,NURSE'S BAG SOFT TOY,0,Hàng giá trị cao - ổn định
21055,TOOL BOX SOFT TOY ,0,Hàng giá trị cao - ổn định
21056,DOCTOR'S BAG SOFT TOY,0,Hàng giá trị cao - ổn định
21058,PARTY INVITES WOODLAND,3,Hàng chủ lực - bán chạy đều
21059,PARTY INVITES DINOSAURS,3,Hàng chủ lực - bán chạy đều
21060,PARTY INVITES BALLOON GIRL,1,Hàng giá rẻ - số lượng lớn
21061,PARTY INVITES FOOTBALL,1,Hàng giá rẻ - số lượng lớn
21062,PARTY INVITES SPACEMAN,1,Hàng giá rẻ - số lượng lớn
21063,PARTY INVITES JAZZ HEARTS,3,Hàng chủ lực - bán chạy đều
21064,BOOM BOX SPEAKER BOYS,0,Hàng giá trị cao - ổn định
21065,BOOM BOX SPEAKER GIRLS,0,Hàng giá trị cao - ổn định
21066,VINTAGE RED MUG,1,Hàng giá rẻ - số lượng lớn
21067,VINTAGE RED TEATIME MUG,3,Hàng chủ lực - bán chạy đều
21068,VINTAGE BILLBOARD LOVE/HATE MUG,3,Hàng chủ lực - bán chạy đều
21069,VINTAGE BILLBOARD TEA MUG,3,Hàng chủ lực - bán chạy đều
21070,VINTAGE BILLBOARD MUG ,3,Hàng chủ lực - bán chạy đều
21071,VINTAGE BILLBOARD DRINK ME MUG,3,Hàng chủ lực - bán chạy đều
21076,SET/20 COLLAGE PAPER NAPKIN ,1,Hàng giá rẻ - số lượng lớn
21077,SET/20 WOODLAND PAPER NAPKINS ,3,Hàng chủ lực - bán chạy đều
21078,SET/20 STRAWBERRY PAPER NAPKINS ,3,Hàng chủ lực - bán chạy đều
21080,SET/20 RED RETROSPOT PAPER NAPKINS ,3,Hàng chủ lực - bán chạy đều
21082,SET/20 FRUIT SALAD PAPER NAPKINS ,1,Hàng giá rẻ - số lượng lớn
21084,SET/6 COLLAGE PAPER CUPS,3,Hàng chủ lực - bán chạy đều
21085,SET/6 WOODLAND PAPER CUPS,1,Hàng giá rẻ - số lượng lớn
21086,SET/6 RED SPOTTY PAPER CUPS,3,Hàng chủ lực - bán chạy đều
21087,SET/6 POSIES PAPER CUPS,1,Hàng giá rẻ - số lượng lớn
21088,SET/6 FRUIT SALAD PAPER CUPS,1,Hàng giá rẻ - số lượng lớn
21089,SET/6 GREEN SPRING PAPER CUPS,1,Hàng giá rẻ - số lượng lớn
21090,SET/6 COLLAGE PAPER PLATES,3,Hàng chủ lực - bán chạy đều
21091,SET/6 WOODLAND PAPER PLATES,1,Hàng giá rẻ - số lượng lớn
21092,SET/6 STRAWBERRY PAPER PLATES,1,Hàng giá rẻ - số lượng lớn
21094,SET/6 RED SPOTTY PAPER PLATES,3,Hàng chủ lực - bán chạy đều
21095,SET/6 POSIES PAPER PLATES,1,Hàng giá rẻ - số lượng lớn
21096,SET/6 FRUIT SALAD  PAPER PLATES,1,Hàng giá rẻ - số lượng lớn
21097,SET/6 GREEN SPRING  PAPER PLATE,4,Hàng bán chậm - ít khách
21098,CHRISTMAS TOILET ROLL,3,Hàng chủ lực - bán chạy đều
21099,SET/6 STRAWBERRY PAPER CUPS,1,Hàng giá rẻ - số lượng lớn
21100,CHARLIE AND LOLA CHARLOTTE BAG,3,Hàng chủ lực - bán chạy đều
21102,"CANDLE IN JAR COLLAGE , VANILLA",4,Hàng bán chậm - ít khách
21106,CREAM SLICE FLANNEL CHOCOLATE SPOT ,0,Hàng giá trị cao - ổn định
21107,CREAM SLICE FLANNEL PINK SPOT ,3,Hàng chủ lực - bán chạy đều
21108,FAIRY CAKE FLANNEL ASSORTED COLOUR,3,Hàng chủ lực - bán chạy đều
21109,"LARGE CAKE TOWEL, CHOCOLATE SPOTS",0,Hàng giá trị cao - ổn định
21110,LARGE CAKE TOWEL PINK SPOTS,0,Hàng giá trị cao - ổn định
21111,"SWISS ROLL TOWEL, CHOCOLATE  SPOTS",0,Hàng giá trị cao - ổn định
21112,"SWISS ROLL TOWEL, PINK  SPOTS",3,Hàng chủ lực - bán chạy đều
21114,LAVENDER SCENTED FABRIC HEART,3,Hàng chủ lực - bán chạy đều
21115,ROSE CARAVAN DOORSTOP,0,Hàng giá trị cao - ổn định
21116,OWL DOORSTOP,0,Hàng giá trị cao - ổn định
21117,BLOND DOLL DOORSTOP,1,Hàng giá rẻ - số lượng lớn
21118,SHOPPING BAG DOORSTOP,4,Hàng bán chậm - ít khách
21121,SET/10 RED POLKADOT PARTY CANDLES,3,Hàng chủ lực - bán chạy đều
21122,SET/10 PINK POLKADOT PARTY CANDLES,3,Hàng chủ lực - bán chạy đều
21123,SET/10 IVORY POLKADOT PARTY CANDLES,3,Hàng chủ lực - bán chạy đều
21124,SET/10 BLUE SPOTTY PARTY CANDLES,3,Hàng chủ lực - bán chạy đều
21125,SET 6 FOOTBALL CELEBRATION CANDLES,3,Hàng chủ lực - bán chạy đều
21126,SET OF 6 GIRLS CELEBRATION CANDLES,3,Hàng chủ lực - bán chạy đều
21127,COLOURFUL FISHING GNOME,0,Hàng giá trị cao - ổn định
21128,GOLD FISHING GNOME,0,Hàng giá trị cao - ổn định
21129,SILVER FISHING GNOME ,0,Hàng giá trị cao - ổn định
21130,COLOURFUL STANDING GNOME,1,Hàng giá rẻ - số lượng lớn
21131,GOLD STANDING GNOME,0,Hàng giá trị cao - ổn định
21132,SILVER STANDING GNOME   ,4,Hàng bán chậm - ít khách
21133,PAINTED BIRD ASSORTED CHRISTMAS,1,Hàng giá rẻ - số lượng lớn
21134,VICTORIAN METAL POSTCARD CHRISTMAS,1,Hàng giá rẻ - số lượng lớn
21135,VICTORIAN  METAL POSTCARD SPRING,3,Hàng chủ lực - bán chạy đều
21136,PAINTED METAL PEARS ASSORTED,3,Hàng chủ lực - bán chạy đều
21137,BLACK RECORD COVER FRAME,3,Hàng chủ lực - bán chạy đều
21143,ANTIQUE GLASS HEART DECORATION ,3,Hàng chủ lực - bán chạy đều
21144,PINK POODLE HANGING DECORATION ,1,Hàng giá rẻ - số lượng lớn
21145,ANTIQUE GLASS PLACE SETTING,1,Hàng giá rẻ - số lượng lớn
21146,ANTIQUE GLASS RIDGED HANGING BALL,1,Hàng giá rẻ - số lượng lớn
21147,JINGLE BELLS TREE DECORATION,0,Hàng giá trị cao - ổn định
21153,RED SPOTTY TABLECLOTH ,0,Hàng giá trị cao - ổn định
21154,RED RETROSPOT OVEN GLOVE ,3,Hàng chủ lực - bán chạy đều
21155,RED RETROSPOT PEG BAG,3,Hàng chủ lực - bán chạy đều
21156,RETROSPOT CHILDRENS APRON,3,Hàng chủ lực - bán chạy đều
21157,RED SPOTTY WASHBAG,0,Hàng giá trị cao - ổn định
21158,MOODY GIRL DOOR HANGER ,3,Hàng chủ lực - bán chạy đều
21159,MOODY BOY  DOOR HANGER ,3,Hàng chủ lực - bán chạy đều
21160,KEEP OUT GIRLS DOOR HANGER ,1,Hàng giá rẻ - số lượng lớn
21161,KEEP OUT BOYS DOOR HANGER ,3,Hàng chủ lực - bán chạy đều
21162,TOXIC AREA  DOOR HANGER ,3,Hàng chủ lực - bán chạy đều
21163,DO NOT TOUCH MY STUFF DOOR HANGER ,3,Hàng chủ lực - bán chạy đều
21164,HOME SWEET HOME METAL SIGN ,3,Hàng chủ lực - bán chạy đều
21165,BEWARE OF THE CAT METAL SIGN ,3,Hàng chủ lực - bán chạy đều
21166,COOK WITH WINE METAL SIGN ,3,Hàng chủ lực - bán chạy đều
21167,WHITE SAGE INCENSE,1,Hàng giá rẻ - số lượng lớn
21169,YOU'RE CONFUSING ME METAL SIGN ,3,Hàng chủ lực - bán chạy đều
21171,BATHROOM METAL SIGN ,3,Hàng chủ lực - bán chạy đều
21172,PARTY METAL SIGN ,3,Hàng chủ lực - bán chạy đều
21173,LOO ROLL  METAL SIGN ,0,Hàng giá trị cao - ổn định
21174,POTTERING IN THE SHED METAL SIGN,3,Hàng chủ lực - bán chạy đều
21175,GIN + TONIC DIET METAL SIGN,3,Hàng chủ lực - bán chạy đều
21179,NO JUNK MAIL METAL SIGN,3,Hàng chủ lực - bán chạy đều
21181,PLEASE ONE PERSON METAL SIGN,3,Hàng chủ lực - bán chạy đều
21185, HOME SWEET HOME  BLACKBOARD,0,Hàng giá trị cao - ổn định
21186,WHITE DOVE HONEYCOMB PAPER GARLAND,3,Hàng chủ lực - bán chạy đều
21187,WHITE BELL HONEYCOMB PAPER GARLAND ,1,Hàng giá rẻ - số lượng lớn
21188,3D HEARTS  HONEYCOMB PAPER GARLAND,0,Hàng giá trị cao - ổn định
21189,WHITE HONEYCOMB PAPER GARLAND ,0,Hàng giá trị cao - ổn định
21190,PINK HEARTS PAPER GARLAND,1,Hàng giá rẻ - số lượng lớn
21191,LARGE WHITE HONEYCOMB PAPER BELL  ,3,Hàng chủ lực - bán chạy đều
21192,WHITE BELL HONEYCOMB PAPER ,3,Hàng chủ lực - bán chạy đều
21193,WHITE HONEYCOMB PAPER FAN ,4,Hàng bán chậm - ít khách
21194,PINK  HONEYCOMB PAPER FAN,0,Hàng giá trị cao - ổn định
21195,PINK  HONEYCOMB PAPER BALL ,0,Hàng giá trị cao - ổn định
21196,ROUND WHITE CONFETTI IN TUBE,4,Hàng bán chậm - ít khách
21197,MULTICOLOUR  CONFETTI IN TUBE,1,Hàng giá rẻ - số lượng lớn
21198,WHITE HEART CONFETTI IN TUBE,1,Hàng giá rẻ - số lượng lớn
21199,PINK  HEART CONFETTI IN TUBE,0,Hàng giá trị cao - ổn định
21200,MULTICOLOUR HONEYCOMB PAPER GARLAND,1,Hàng giá rẻ - số lượng lớn
21201,TROPICAL  HONEYCOMB PAPER GARLAND ,3,Hàng chủ lực - bán chạy đều
21202,DOLLY HONEYCOMB GARLAND,1,Hàng giá rẻ - số lượng lớn
21203,BUTTERFLIES  HONEYCOMB GARLAND,1,Hàng giá rẻ - số lượng lớn
21204,DAISIES  HONEYCOMB GARLAND ,3,Hàng chủ lực - bán chạy đều
21205,MULTICOLOUR 3D BALLS GARLAND,0,Hàng giá trị cao - ổn định
21206,STRAWBERRY HONEYCOMB  GARLAND ,3,Hàng chủ lực - bán chạy đều
21207,SKULL AND CROSSBONES  GARLAND ,3,Hàng chủ lực - bán chạy đều
21208,PASTEL COLOUR HONEYCOMB FAN,1,Hàng giá rẻ - số lượng lớn
21209,MULTICOLOUR HONEYCOMB FAN,1,Hàng giá rẻ - số lượng lớn
21210,SET OF 72 RETROSPOT PAPER  DOILIES,3,Hàng chủ lực - bán chạy đều
21211,SET OF 72 SKULL PAPER  DOILIES,3,Hàng chủ lực - bán chạy đều
21212,PACK OF 72 RETROSPOT CAKE CASES,3,Hàng chủ lực - bán chạy đều
21213,PACK OF 72 SKULL CAKE CASES,3,Hàng chủ lực - bán chạy đều
21214,SET OF 72 IVORY PAPER DOILIES,3,Hàng chủ lực - bán chạy đều
21215,IVORY PAPER CUP CAKE CASES ,3,Hàng chủ lực - bán chạy đều
21216,"SET 3 RETROSPOT TEA,COFFEE,SUGAR",3,Hàng chủ lực - bán chạy đều
21217,RED RETROSPOT ROUND CAKE TINS,3,Hàng chủ lực - bán chạy đều
21218,RED SPOTTY BISCUIT TIN,3,Hàng chủ lực - bán chạy đều
21219,SET/4 BADGES BALLOON GIRL,0,Hàng giá trị cao - ổn định
21220,SET/4 BADGES DOGS,0,Hàng giá trị cao - ổn định
21221,SET/4 BADGES CUTE CREATURES,0,Hàng giá trị cao - ổn định
21222,SET/4 BADGES BEETLES,0,Hàng giá trị cao - ổn định
21223,SET/4 BADGES WOODLAND ANIMAL,1,Hàng giá rẻ - số lượng lớn
21224,SET/4 SKULL BADGES,3,Hàng chủ lực - bán chạy đều
21226,POCKET MIRROR WOODLAND,4,Hàng bán chậm - ít khách
21228,"POCKET MIRROR ""GLAMOROUS""",4,Hàng bán chậm - ít khách
21231,SWEETHEART CERAMIC TRINKET BOX,3,Hàng chủ lực - bán chạy đều
21232,STRAWBERRY CERAMIC TRINKET BOX,3,Hàng chủ lực - bán chạy đều
21238,RED RETROSPOT CUP,3,Hàng chủ lực - bán chạy đều
21239,PINK  POLKADOT CUP,3,Hàng chủ lực - bán chạy đều
21240,BLUE POLKADOT CUP,3,Hàng chủ lực - bán chạy đều
21241,GREEN SPOTTY CUP,3,Hàng chủ lực - bán chạy đều
21242,RED RETROSPOT PLATE ,3,Hàng chủ lực - bán chạy đều
21243,PINK  POLKADOT PLATE ,3,Hàng chủ lực - bán chạy đều
21244,BLUE POLKADOT PLATE ,3,Hàng chủ lực - bán chạy đều
21245,GREEN POLKADOT PLATE ,3,Hàng chủ lực - bán chạy đều
21246,RED RETROSPOT BIG BOWL,0,Hàng giá trị cao - ổn định
21247,SET OF RED SALAD SERVERS ,0,Hàng giá trị cao - ổn định
21248,DOOR HANGER  MUM + DADS ROOM,0,Hàng giá trị cao - ổn định
21249,WOODLAND  HEIGHT CHART STICKERS ,3,Hàng chủ lực - bán chạy đều
21250,SET OF SKULL WALL STICKERS,0,Hàng giá trị cao - ổn định
21251,DINOSAUR HEIGHT CHART STICKER SET,0,Hàng giá trị cao - ổn định
21252,SET OF MEADOW  FLOWER STICKERS,4,Hàng bán chậm - ít khách
21253,SET OF PICTURE FRAME  STICKERS,0,Hàng giá trị cao - ổn định
21255,"FRENCH BOTTLE , LAVENDER",0,Hàng giá trị cao - ổn định
21256,"FRENCH BOTTLE, BRASSERIE DES ARTIST",0,Hàng giá trị cao - ổn định
21257,VICTORIAN SEWING BOX MEDIUM,0,Hàng giá trị cao - ổn định
21258,VICTORIAN SEWING BOX LARGE,0,Hàng giá trị cao - ổn định
21259,VICTORIAN SEWING BOX SMALL ,3,Hàng chủ lực - bán chạy đều
21260,FIRST AID TIN,3,Hàng chủ lực - bán chạy đều
21261,GREEN GOOSE FEATHER CHRISTMAS TREE ,0,Hàng giá trị cao - ổn định
21262,WHITE GOOSE FEATHER CHRISTMAS TREE ,0,Hàng giá trị cao - ổn định
21263,GREEN GOOSE FEATHER TREE 60CM,0,Hàng giá trị cao - ổn định
21264,WHITE GOOSE FEATHER TREE 60CM ,0,Hàng giá trị cao - ổn định
21265,PINK GOOSE FEATHER TREE 60CM,1,Hàng giá rẻ - số lượng lớn
21266,VINTAGE SILVER TINSEL REEL,4,Hàng bán chậm - ít khách
21267,VINTAGE PINK TINSEL REEL ,2,Hàng ngách - khách quen mua lại
21268,VINTAGE BLUE TINSEL REEL,1,Hàng giá rẻ - số lượng lớn
21269,ANTIQUE CREAM CUTLERY SHELF ,0,Hàng giá trị cao - ổn định
21270,ANTIQUE CREAM CUTLERY CUPBOARD,4,Hàng bán chậm - ít khách
21272,SALLE DE BAIN HOOK,3,Hàng chủ lực - bán chạy đều
21274,EMBOSSED HEART 3 DRAWER SHELF,0,Hàng giá trị cao - ổn định
21275,ZINC TOP  2 DOOR WOODEN SHELF ,0,Hàng giá trị cao - ổn định
21276,TWO EMBOSSED HEART MINI DRAWERS,1,Hàng giá rẻ - số lượng lớn
21277,FRENCH STYLE EMBOSSED HEART CABINET,0,Hàng giá trị cao - ổn định
21278,VINTAGE KITCHEN PRINT PUDDINGS,1,Hàng giá rẻ - số lượng lớn
21279,VINTAGE KITCHEN PRINT FRUITS,1,Hàng giá rẻ - số lượng lớn
21280,VINTAGE KITCHEN PRINT VEGETABLES,1,Hàng giá rẻ - số lượng lớn
21281,VINTAGE KITCHEN PRINT SEAFOOD,1,Hàng giá rẻ - số lượng lớn
21282,NATURAL BARK CANDLE LARGE,0,Hàng giá trị cao - ổn định
21283,NATURAL BARK CANDLE SMALL,0,Hàng giá trị cao - ổn định
21284,RETROSPOT CANDLE  SMALL,1,Hàng giá rẻ - số lượng lớn
21285,RETROSPOT CANDLE  MEDIUM,1,Hàng giá rẻ - số lượng lớn
21286,RETROSPOT CANDLE  LARGE,0,Hàng giá trị cao - ổn định
21287,SCENTED VELVET LOUNGE CANDLE ,1,Hàng giá rẻ - số lượng lớn
21288,STRIPEY CHOCOLATE NESTING BOXES,0,Hàng giá trị cao - ổn định
21289,LARGE STRIPES CHOCOLATE GIFT BAG,1,Hàng giá rẻ - số lượng lớn
21291,SMALL POLKADOT CHOCOLATE GIFT BAG ,1,Hàng giá rẻ - số lượng lớn
21292,SMALL STRIPES CHOCOLATE GIFT BAG ,1,Hàng giá rẻ - số lượng lớn
21293,MIRRORED DOVE WALL DECORATION,0,Hàng giá trị cao - ổn định
21294,ETCHED GLASS COASTER,1,Hàng giá rẻ - số lượng lớn
21298,EDWARDIAN 2 DRAWER WALL CABINET ,4,Hàng bán chậm - ít khách
21299,EDWARDIAN TOILET ROLL UNIT ,0,Hàng giá trị cao - ổn định
21300,ANTIQUE EDWARDIAN DRESSER,4,Hàng bán chậm - ít khách
21303,FILIGREE WALL MIRROR  ANTIQUE WHITE,4,Hàng bán chậm - ít khách
21304,ARCHED GREY MIRROR,4,Hàng bán chậm - ít khách
21306,SET/4 DAISY MIRROR MAGNETS,1,Hàng giá rẻ - số lượng lớn
21307,SET/4 BUTTERFLY MIRROR MAGNETS,1,Hàng giá rẻ - số lượng lớn
21308,LOUVRE VANITY MIRROR,1,Hàng giá rẻ - số lượng lớn
21309,LOUVRE CHALKBOARD,4,Hàng bán chậm - ít khách
21311,SET/4 BIRD MIRROR MAGNETS ,1,Hàng giá rẻ - số lượng lớn
21312,LARGE CHUNKY GLASS ROMAN BOWL,1,Hàng giá rẻ - số lượng lớn
21313,GLASS HEART T-LIGHT HOLDER ,3,Hàng chủ lực - bán chạy đều
21314,SMALL GLASS HEART TRINKET POT,3,Hàng chủ lực - bán chạy đều
21316,SMALL CHUNKY GLASS ROMAN  BOWL,1,Hàng giá rẻ - số lượng lớn
21317,GLASS SPHERE CANDLE STAND MEDIUM,0,Hàng giá trị cao - ổn định
21318,GLASS CHALICE BLUE SMALL ,1,Hàng giá rẻ - số lượng lớn
21319,GLASS CHALICE GREEN  SMALL ,1,Hàng giá rẻ - số lượng lớn
21320,GLASS CHALICE GREEN  LARGE ,0,Hàng giá trị cao - ổn định
21321,GLASS CHALICE BLUE  LARGE ,4,Hàng bán chậm - ít khách
21322,GLASS SPHERE CANDLE STAND LARGE ,1,Hàng giá rẻ - số lượng lớn
21323,HANGING MEDINA LANTERN LARGE,0,Hàng giá trị cao - ổn định
21324,HANGING MEDINA LANTERN SMALL,0,Hàng giá trị cao - ổn định
21326,AGED GLASS SILVER T-LIGHT HOLDER,3,Hàng chủ lực - bán chạy đều
21327,SKULLS WRITING SET ,3,Hàng chủ lực - bán chạy đều
21328,BALLOONS  WRITING SET ,3,Hàng chủ lực - bán chạy đều
21329,DINOSAURS  WRITING SET ,3,Hàng chủ lực - bán chạy đều
21330,WOODLAND ANIMAL  WRITING SET ,3,Hàng chủ lực - bán chạy đều
21331,MOROCCAN BEATEN METAL DISH LARGE,0,Hàng giá trị cao - ổn định
21332,MOROCCAN BEATEN METAL MIRROR,0,Hàng giá trị cao - ổn định
21333,CLASSIC WHITE FRAME,0,Hàng giá trị cao - ổn định
21335,LIBRARY LAMP,4,Hàng bán chậm - ít khách
21336,GOLD WASHBAG,1,Hàng giá rẻ - số lượng lớn
21337,SILVER WASHBAG,4,Hàng bán chậm - ít khách
21338,MARAKESH LANTERN SMALL ,1,Hàng giá rẻ - số lượng lớn
21339,MARAKESH LANTERN LARGE,4,Hàng bán chậm - ít khách
21340,CLASSIC METAL BIRDCAGE PLANT HOLDER,0,Hàng giá trị cao - ổn định
21341,KASBAH LANTERN WITH GLASS ,4,Hàng bán chậm - ít khách
21344,MOROCCAN BEATEN METAL DISH,0,Hàng giá trị cao - ổn định
21348,PINK SPOTS CHOCOLATE NESTING BOXES ,0,Hàng giá trị cao - ổn định
21349,IVY HEART WREATH,0,Hàng giá trị cao - ổn định
21350,GINGHAM HEART WREATH,0,Hàng giá trị cao - ổn định
21351,CINAMMON & ORANGE WREATH,0,Hàng giá trị cao - ổn định
21352,EUCALYPTUS & PINECONE  WREATH,0,Hàng giá trị cao - ổn định
21353,SILVER SLEIGHBELL  WREATH,4,Hàng bán chậm - ít khách
21354,TOAST ITS - BEST MUM,3,Hàng chủ lực - bán chạy đều
21355,TOAST ITS - I LOVE YOU ,3,Hàng chủ lực - bán chạy đều
21356,TOAST ITS - FAIRY FLOWER,3,Hàng chủ lực - bán chạy đều
21357,TOAST ITS - DINOSAUR,3,Hàng chủ lực - bán chạy đều
21358,TOAST ITS - HAPPY BIRTHDAY,0,Hàng giá trị cao - ổn định
21359,RELAX LARGE WOOD LETTERS,0,Hàng giá trị cao - ổn định
21360,JOY LARGE WOOD LETTERS,0,Hàng giá trị cao - ổn định
21361,LOVE LARGE WOOD LETTERS ,0,Hàng giá trị cao - ổn định
21363,HOME SMALL WOOD LETTERS,0,Hàng giá trị cao - ổn định
21364,PEACE SMALL WOOD LETTERS,0,Hàng giá trị cao - ổn định
21365,MIRRORED WALL ART STARS,0,Hàng giá trị cao - ổn định
21366,MIRRORED WALL ART PHOTO FRAMES,0,Hàng giá trị cao - ổn định
21367,MIRRORED WALL ART GENTS,0,Hàng giá trị cao - ổn định
21368,MIRRORED WALL ART LADIES,4,Hàng bán chậm - ít khách
21369,MIRRORED WALL ART SPLODGES,4,Hàng bán chậm - ít khách
21370,MIRRORED WALL ART FOXY,4,Hàng bán chậm - ít khách
21371,MIRRORED WALL ART POPPIES,0,Hàng giá trị cao - ổn định
21372,MIRRORED WALL ART TABLE LAMP,4,Hàng bán chậm - ít khách
21373,MIRRORED WALL ART SNOWFLAKES,1,Hàng giá rẻ - số lượng lớn
21374,MIRRORED WALL ART SKULLS,0,Hàng giá trị cao - ổn định
21375,LARGE CAMPHOR WOOD FIELD MUSHROOM ,0,Hàng giá trị cao - ổn định
21376,LARGE  TALL CAMPHOR WOOD TOADSTOOL ,0,Hàng giá trị cao - ổn định
21377,SMALL CAMPHOR WOOD FIELD  MUSHROOM,0,Hàng giá trị cao - ổn định
21378,SMALL TALL CAMPHOR WOOD TOADSTOOL,0,Hàng giá trị cao - ổn định
21379,CAMPHOR WOOD PORTOBELLO MUSHROOM,0,Hàng giá trị cao - ổn định
21380,WOODEN HAPPY BIRTHDAY GARLAND,3,Hàng chủ lực - bán chạy đều
21381,MINI WOODEN HAPPY BIRTHDAY GARLAND,3,Hàng chủ lực - bán chạy đều
21382,SET/4 SPRING FLOWER DECORATION,0,Hàng giá trị cao - ổn định
21383,PACK OF 12 STICKY BUNNIES,3,Hàng chủ lực - bán chạy đều
21384,IVORY HANGING DECORATION  BUTTERFLY,1,Hàng giá rẻ - số lượng lớn
21385,IVORY HANGING DECORATION  HEART,3,Hàng chủ lực - bán chạy đều
21386,IVORY HANGING DECORATION  EGG,1,Hàng giá rẻ - số lượng lớn
21388,IVORY HANGING DECORATION  CHICKEN,1,Hàng giá rẻ - số lượng lớn
21389,IVORY HANGING DECORATION  BIRD,3,Hàng chủ lực - bán chạy đều
21390,FILIGRIS HEART WITH BUTTERFLY,3,Hàng chủ lực - bán chạy đều
21391,FRENCH LAVENDER SCENT HEART,0,Hàng giá trị cao - ổn định
21392,RED SPOTTY PUDDING BOWL,1,Hàng giá rẻ - số lượng lớn
21393,BLUE  SPOTTY PUDDING BOWL,1,Hàng giá rẻ - số lượng lớn
21394,RED POLKADOT BEAKER ,1,Hàng giá rẻ - số lượng lớn
21395,BLUE POLKADOT BEAKER ,1,Hàng giá rẻ - số lượng lớn
21396,RED SPOTTY EGG CUP ,1,Hàng giá rẻ - số lượng lớn
21397,BLUE  SPOTTY EGG CUP ,3,Hàng chủ lực - bán chạy đều
21398,RED POLKADOT COFFEE  MUG,1,Hàng giá rẻ - số lượng lớn
21399,BLUE POLKADOT COFFEE MUG,1,Hàng giá rẻ - số lượng lớn
21400,RED PUDDING SPOON,1,Hàng giá rẻ - số lượng lớn
21401,BLUE PUDDING SPOON,1,Hàng giá rẻ - số lượng lớn
21402,RED  EGG  SPOON,1,Hàng giá rẻ - số lượng lớn
21403,BLUE EGG  SPOON,1,Hàng giá rẻ - số lượng lớn
21407,BROWN CHECK CAT DOORSTOP ,0,Hàng giá trị cao - ổn định
21408,SPOTTY PINK DUCK DOORSTOP,0,Hàng giá trị cao - ổn định
21410,COUNTRY COTTAGE  DOORSTOP GREEN,0,Hàng giá trị cao - ổn định
21411,GINGHAM HEART  DOORSTOP RED,3,Hàng chủ lực - bán chạy đều
21412,VINTAGE GOLD TINSEL REEL,0,Hàng giá trị cao - ổn định
21413,PERIWINKLE T-LIGHT HOLDER,1,Hàng giá rẻ - số lượng lớn
21414,SCALLOP SHELL SOAP DISH,1,Hàng giá rẻ - số lượng lớn
21415,CLAM SHELL SMALL ,0,Hàng giá trị cao - ổn định
21416,CLAM SHELL LARGE,1,Hàng giá rẻ - số lượng lớn
21417,COCKLE SHELL DISH,0,Hàng giá trị cao - ổn định
21418,STARFISH SOAP DISH,0,Hàng giá trị cao - ổn định
21419,CONCH SHELL,1,Hàng giá rẻ - số lượng lớn
21420,OYSTER TRINKET BOX,4,Hàng bán chậm - ít khách
21421,PORCELAIN ROSE LARGE ,1,Hàng giá rẻ - số lượng lớn
21422,PORCELAIN ROSE SMALL,1,Hàng giá rẻ - số lượng lớn
21424,WOODLAND STORAGE BOX LARGE ,0,Hàng giá trị cao - ổn định
21425,SKULLS STORAGE BOX LARGE,0,Hàng giá trị cao - ổn định
21426,WOODLAND STORAGE BOX SMALL,1,Hàng giá rẻ - số lượng lớn
21427,SKULLS STORAGE BOX SMALL,0,Hàng giá trị cao - ổn định
21428,SET3 BOOK BOX GREEN GINGHAM FLOWER ,3,Hàng chủ lực - bán chạy đều
21429,RED GINGHAM ROSE JEWELLERY BOX,3,Hàng chủ lực - bán chạy đều
21430,SET/3 RED GINGHAM ROSE STORAGE BOX,3,Hàng chủ lực - bán chạy đều
21431,GREEN GINGHAM FLOWER JEWELLERY BOX,3,Hàng chủ lực - bán chạy đều
21432,SET OF 3 CASES WOODLAND DESIGN,0,Hàng giá trị cao - ổn định
21437,24 HANGING EASTER EGGS FLORAL TUB,0,Hàng giá trị cao - ổn định
21438,TUB 24 HANGING EASTER EGGS SPOTTY,1,Hàng giá rẻ - số lượng lớn
21439,BASKET OF TOADSTOOLS,3,Hàng chủ lực - bán chạy đều
21440,12 MINI TOADSTOOL PEGS,0,Hàng giá trị cao - ổn định
21441,BLUE BIRDHOUSE DECORATION,1,Hàng giá rẻ - số lượng lớn
21442,GREEN BIRDHOUSE DECORATION,1,Hàng giá rẻ - số lượng lớn
21443,OLIVE CHALET BIRDFEEDER,1,Hàng giá rẻ - số lượng lớn
21444,BLUE CHALET BIRDFEEDER,1,Hàng giá rẻ - số lượng lớn
21445,12 PINK ROSE PEG PLACE SETTINGS,1,Hàng giá rẻ - số lượng lớn
21446,12 RED ROSE PEG PLACE SETTINGS,0,Hàng giá trị cao - ổn định
21447,12 IVORY ROSE PEG PLACE SETTINGS,3,Hàng chủ lực - bán chạy đều
21448,12 DAISY PEGS IN WOOD BOX,0,Hàng giá trị cao - ổn định
21452,TOADSTOOL MONEY BOX,3,Hàng chủ lực - bán chạy đều
21454,PAINTED PINK RABBIT ,0,Hàng giá trị cao - ổn định
21455,PAINTED YELLOW WOODEN DAISY,0,Hàng giá trị cao - ổn định
21456,2 PICTURE BOOK EGGS EASTER CHICKS,1,Hàng giá rẻ - số lượng lớn
21457,2 PICTURE BOOK EGGS EASTER DUCKS,1,Hàng giá rẻ - số lượng lớn
21458,2 PICTURE BOOK EGGS EASTER BUNNY,1,Hàng giá rẻ - số lượng lớn
21459,YELLOW EASTER EGG HUNT START POST,0,Hàng giá trị cao - ổn định
21460,GREEN EASTER EGG HUNT START POST,4,Hàng bán chậm - ít khách
21461,BLUE EASTER EGG HUNT START POST,4,Hàng bán chậm - ít khách
21462,"NURSERY A,B,C PAINTED LETTERS",0,Hàng giá trị cao - ổn định
21463,MIRRORED DISCO BALL ,0,Hàng giá trị cao - ổn định
21464,DISCO BALL ROTATOR BATTERY OPERATED,0,Hàng giá trị cao - ổn định
21465,PINK FLOWER CROCHET FOOD COVER,0,Hàng giá trị cao - ổn định
21466,RED FLOWER CROCHET FOOD COVER,0,Hàng giá trị cao - ổn định
21467,CHERRY CROCHET FOOD COVER,0,Hàng giá trị cao - ổn định
21468,BUTTERFLY CROCHET FOOD COVER,0,Hàng giá trị cao - ổn định
21469,POLKA DOT RAFFIA FOOD COVER,0,Hàng giá trị cao - ổn định
21470,FLOWER VINE RAFFIA FOOD COVER,0,Hàng giá trị cao - ổn định
21471,STRAWBERRY RAFFIA FOOD COVER,0,Hàng giá trị cao - ổn định
21472,LADYBIRD + BEE RAFFIA FOOD COVER,0,Hàng giá trị cao - ổn định
21473,SWEETHEART CREAM STEEL TABLE RECT,0,Hàng giá trị cao - ổn định
21474,SWEETHEART CREAM STEEL FOLDIN BENCH,0,Hàng giá trị cao - ổn định
21476,STEEL SWEETHEART ROUND TABLE CREAM,0,Hàng giá trị cao - ổn định
21477,STRING OF 20 ROSE LIGHTS,0,Hàng giá trị cao - ổn định
21478,SILVER SKULL HOT WATER BOTTLE ,0,Hàng giá trị cao - ổn định
21479,WHITE SKULL HOT WATER BOTTLE ,3,Hàng chủ lực - bán chạy đều
21480,PINK STRIPE HOT WATER BOTTLE,0,Hàng giá trị cao - ổn định
21481,FAWN BLUE HOT WATER BOTTLE,3,Hàng chủ lực - bán chạy đều
21482,MUSHROOM BLUE HOT WATER BOTTLE,0,Hàng giá trị cao - ổn định
21484,CHICK GREY HOT WATER BOTTLE,3,Hàng chủ lực - bán chạy đều
21485,RETROSPOT HEART HOT WATER BOTTLE,3,Hàng chủ lực - bán chạy đều
21486,PINK HEART DOTS HOT WATER BOTTLE,0,Hàng giá trị cao - ổn định
21488,RED WHITE SCARF  HOT WATER BOTTLE,3,Hàng chủ lực - bán chạy đều
21489,BLUE WHITE SCARF HOT WATER BOTTLE,4,Hàng bán chậm - ít khách
21490,SET OF THREE 50'S GIFT WRAPS ,1,Hàng giá rẻ - số lượng lớn
21491,SET OF THREE VINTAGE GIFT WRAPS,3,Hàng chủ lực - bán chạy đều
21493, VINTAGE DESIGN GIFT TAGS,1,Hàng giá rẻ - số lượng lớn
21494,ROTATING LEAVES T-LIGHT HOLDER,3,Hàng chủ lực - bán chạy đều
21495,SKULLS AND CROSSBONES WRAP,3,Hàng chủ lực - bán chạy đều
21497,FANCY FONTS BIRTHDAY WRAP,3,Hàng chủ lực - bán chạy đều
21498,RED RETROSPOT WRAP ,3,Hàng chủ lực - bán chạy đều
21499,BLUE POLKADOT WRAP,3,Hàng chủ lực - bán chạy đều
21500,PINK POLKADOT WRAP ,3,Hàng chủ lực - bán chạy đều
21503,TOYBOX  WRAP ,1,Hàng giá rẻ - số lượng lớn
21504,SKULLS GREETING CARD,3,Hàng chủ lực - bán chạy đều
21506,"FANCY FONT BIRTHDAY CARD, ",3,Hàng chủ lực - bán chạy đều
21507,"ELEPHANT, BIRTHDAY CARD, ",3,Hàng chủ lực - bán chạy đều
21508,VINTAGE KID DOLLY CARD ,3,Hàng chủ lực - bán chạy đều
21509,COWBOYS AND INDIANS BIRTHDAY CARD ,3,Hàng chủ lực - bán chạy đều
21518,BANK ACCOUNT  GREETING  CARD ,1,Hàng giá rẻ - số lượng lớn
21519,GIN & TONIC DIET GREETING CARD ,3,Hàng chủ lực - bán chạy đều
21520,BOOZE & WOMEN GREETING CARD ,1,Hàng giá rẻ - số lượng lớn
21523,DOORMAT FANCY FONT HOME SWEET HOME,3,Hàng chủ lực - bán chạy đều
21524,DOORMAT SPOTTY HOME SWEET HOME,3,Hàng chủ lực - bán chạy đều
21527,RED RETROSPOT TRADITIONAL TEAPOT ,3,Hàng chủ lực - bán chạy đều
21528,DAIRY MAID TRADITIONAL TEAPOT ,0,Hàng giá trị cao - ổn định
21529,RETRO SPOT CERAMIC TOASTRACK,0,Hàng giá trị cao - ổn định
21530,DAIRY MAID TOASTRACK,0,Hàng giá trị cao - ổn định
21531,RED RETROSPOT SUGAR JAM BOWL,3,Hàng chủ lực - bán chạy đều
21532,DAIRY MAID SUGAR JAM BOWL,1,Hàng giá rẻ - số lượng lớn
21533,RETRO SPOT LARGE MILK JUG,3,Hàng chủ lực - bán chạy đều
21534,DAIRY MAID LARGE MILK JUG,0,Hàng giá trị cao - ổn định
21535,RED RETROSPOT SMALL MILK JUG,3,Hàng chủ lực - bán chạy đều
21536,DAIRY MAID  SMALL  MILK JUG,0,Hàng giá trị cao - ổn định
21537,RED RETROSPOT PUDDING BOWL,0,Hàng giá trị cao - ổn định
21538,DAIRY MAID  PUDDING BOWL,1,Hàng giá rẻ - số lượng lớn
21539,RED RETROSPOT BUTTER DISH,3,Hàng chủ lực - bán chạy đều
21540,DAIRY MAID CERAMIC BUTTER DISH,1,Hàng giá rẻ - số lượng lớn
21541,DINOSAURS WATER TRANSFER TATTOOS ,3,Hàng chủ lực - bán chạy đều
21542,WOODLAND WATER TRANSFER TATTOOS ,3,Hàng chủ lực - bán chạy đều
21543,BUTTERFLY WATER TRANSFER TATTOOS ,1,Hàng giá rẻ - số lượng lớn
21544,SKULLS  WATER TRANSFER TATTOOS ,3,Hàng chủ lực - bán chạy đều
21545,CERAMIC BIRDHOUSE BUTTERFLY SMALL,1,Hàng giá rẻ - số lượng lớn
21547,CERAMIC BIRDHOUSE CRESTED TIT SMALL,0,Hàng giá trị cao - ổn định
21548,CERAMIC BIRDHOUSE FINCH BLUE ROOF,0,Hàng giá trị cao - ổn định
21549,CERAMIC BIRDHOUSE RED ROOF SMALL,1,Hàng giá rẻ - số lượng lớn
21550,CERAMIC BIRDHOUSE CRESTED TIT LARGE,0,Hàng giá trị cao - ổn định
21551,CERAMIC BIRDHOUSE BUTTERFLY LARGE,0,Hàng giá trị cao - ổn định
21552,CERAMIC BIRDHOUSE BLACK ROSE  LARGE,0,Hàng giá trị cao - ổn định
21553,CERAMIC BIRDHOUSE FINCH BLUE  LARGE,4,Hàng bán chậm - ít khách
21554,CERAMIC BIRDHOUSE RED ROOF LARGE,0,Hàng giá trị cao - ổn định
21555,CERAMIC STRAWBERRY TRINKET TRAY,0,Hàng giá trị cao - ổn định
21556,CERAMIC STRAWBERRY MONEY BOX,3,Hàng chủ lực - bán chạy đều
21557,SET OF 6 FUNKY BEAKERS,0,Hàng giá trị cao - ổn định
21558,SKULL LUNCH BOX WITH CUTLERY ,3,Hàng chủ lực - bán chạy đều
21559,STRAWBERRY LUNCH BOX WITH CUTLERY,3,Hàng chủ lực - bán chạy đều
21561,DINOSAUR LUNCH BOX WITH CUTLERY,3,Hàng chủ lực - bán chạy đều
21562,HAWAIIAN GRASS SKIRT ,1,Hàng giá rẻ - số lượng lớn
21563,RED HEART SHAPE LOVE BUCKET ,3,Hàng chủ lực - bán chạy đều
21564,PINK  HEART SHAPE LOVE BUCKET ,3,Hàng chủ lực - bán chạy đều
21576,LETS GO SHOPPING COTTON TOTE BAG,0,Hàng giá trị cao - ổn định
21577,SAVE THE PLANET COTTON TOTE BAG,3,Hàng chủ lực - bán chạy đều
21578,WOODLAND DESIGN  COTTON TOTE BAG,3,Hàng chủ lực - bán chạy đều
21579,LOLITA  DESIGN  COTTON TOTE BAG,0,Hàng giá trị cao - ổn định
21580,RABBIT  DESIGN  COTTON TOTE BAG,0,Hàng giá trị cao - ổn định
21581,SKULLS  DESIGN  COTTON TOTE BAG,0,Hàng giá trị cao - ổn định
21582,KINGS CHOICE SMALL TUBE MATCHES,4,Hàng bán chậm - ít khách
21584,RETROSPOT SMALL TUBE MATCHES,3,Hàng chủ lực - bán chạy đều
21586,KINGS CHOICE GIANT TUBE MATCHES,3,Hàng chủ lực - bán chạy đều
21587,COSY HOUR GIANT TUBE MATCHES,3,Hàng chủ lực - bán chạy đều
21588,RETROSPOT GIANT TUBE MATCHES,3,Hàng chủ lực - bán chạy đều
21589,SWALLOW GIANT TUBE MATCHES,1,Hàng giá rẻ - số lượng lớn
21590,KINGS CHOICE CIGAR BOX MATCHES ,3,Hàng chủ lực - bán chạy đều
21591,COSY HOUR CIGAR BOX MATCHES ,3,Hàng chủ lực - bán chạy đều
21592,RETROSPOT CIGAR BOX MATCHES ,3,Hàng chủ lực - bán chạy đều
21593,SWALLOW CIGAR BOX MATCHES ,1,Hàng giá rẻ - số lượng lớn
21594,Dr. Jam's Arouzer Stress Ball,4,Hàng bán chậm - ít khách
21595,Dad's Cab Electronic Meter,4,Hàng bán chậm - ít khách
21596,Hypochondriac Pill Stress Ball,4,Hàng bán chậm - ít khách
21609,SET 12 LAVENDER  BOTANICAL T-LIGHTS,3,Hàng chủ lực - bán chạy đều
21610,SET 12 PEAR BOTANICAL T-LIGHTS,0,Hàng giá trị cao - ổn định
21611,SET OF 12 LILY BOTANICAL T-LIGHTS,0,Hàng giá trị cao - ổn định
21612,SET 12 WILDFLOWER BOTANICAL T-LIGHT,0,Hàng giá trị cao - ổn định
21613,S/12 VANILLA  BOTANICAL T-LIGHTS,0,Hàng giá trị cao - ổn định
21614,SET OF 12 ROSE BOTANICAL T-LIGHTS,3,Hàng chủ lực - bán chạy đều
21615,4 LAVENDER BOTANICAL DINNER CANDLES,0,Hàng giá trị cao - ổn định
21616,4 PEAR BOTANICAL DINNER CANDLES,0,Hàng giá trị cao - ổn định
21617,4 LILY  BOTANICAL DINNER CANDLES,0,Hàng giá trị cao - ổn định
21618,4 WILDFLOWER BOTANICAL CANDLES,0,Hàng giá trị cao - ổn định
21619,4 VANILLA BOTANICAL CANDLES,0,Hàng giá trị cao - ổn định
21620,SET OF 4 ROSE BOTANICAL CANDLES,0,Hàng giá trị cao - ổn định
21621,VINTAGE UNION JACK BUNTING,3,Hàng chủ lực - bán chạy đều
21622,VINTAGE UNION JACK CUSHION COVER,3,Hàng chủ lực - bán chạy đều
21623,VINTAGE UNION JACK MEMOBOARD,3,Hàng chủ lực - bán chạy đều
21624,VINTAGE UNION JACK DOORSTOP,3,Hàng chủ lực - bán chạy đều
21625,VINTAGE UNION JACK APRON,0,Hàng giá trị cao - ổn định
21626,VINTAGE UNION JACK PENNANT,0,Hàng giá trị cao - ổn định
21627,ELEPHANT CARNIVAL POUFFE,0,Hàng giá trị cao - ổn định
21628,TRIANGULAR POUFFE VINTAGE ,0,Hàng giá trị cao - ổn định
21629,SQUARE FLOOR CUSHION VINTAGE RED,2,Hàng ngách - khách quen mua lại
21630,FLOOR CUSHION ELEPHANT CARNIVAL,2,Hàng ngách - khách quen mua lại
21631,HIPPY CHIC DECORATIVE PARASOL,0,Hàng giá trị cao - ổn định
21632,VINTAGE PINK DECORATIVE PARASOL,0,Hàng giá trị cao - ổn định
21633,SUNFLOWER DECORATIVE PARASOL,0,Hàng giá trị cao - ổn định
21634,ASSORTED MINI MADRAS NOTEBOOK,1,Hàng giá rẻ - số lượng lớn
21635,MADRAS NOTEBOOK LARGE ,1,Hàng giá rẻ - số lượng lớn
21636,MADRAS NOTEBOOK MEDIUM,1,Hàng giá rẻ - số lượng lớn
21637,ASSORTED SANSKRIT MINI NOTEBOOK,1,Hàng giá rẻ - số lượng lớn
21638,ASSORTED TUTTI FRUTTI NOTEBOOK,0,Hàng giá trị cao - ổn định
21639,ASSORTED TUTTI FRUTTI KEYRING,1,Hàng giá rẻ - số lượng lớn
21640,ASSORTED TUTTI FRUTTI  FOB NOTEBOOK,3,Hàng chủ lực - bán chạy đều
21641,ASSORTED TUTTI FRUTTI KEYRING BALL,1,Hàng giá rẻ - số lượng lớn
21642,ASSORTED TUTTI FRUTTI PEN,3,Hàng chủ lực - bán chạy đều
21643,ASSORTED TUTTI FRUTTI MIRROR,3,Hàng chủ lực - bán chạy đều
21644,ASSORTED TUTTI FRUTTI HEART BOX,0,Hàng giá trị cao - ổn định
21645,ASSORTED TUTTI FRUTTI ROUND BOX,0,Hàng giá trị cao - ổn định
21647,ASSORTED TUTTI FRUTTI LARGE PURSE,0,Hàng giá trị cao - ổn định
21648,ASSORTED TUTTI FRUTTI SMALL PURSE,3,Hàng chủ lực - bán chạy đều
21649,ASSORTED TUTTI FRUTTI PHOTO FRAME,1,Hàng giá rẻ - số lượng lớn
21650,ASSORTED TUTTI FRUTTI BRACELET,1,Hàng giá rẻ - số lượng lớn
21651,HANGING GLASS ETCHED TEALIGHT,1,Hàng giá rẻ - số lượng lớn
21652,GLASS ETCHED T-LIGHT HOLDER MEDIUM,1,Hàng giá rẻ - số lượng lớn
21653,GLASS ETCHED T-LIGHT HOLDER LARGE,1,Hàng giá rẻ - số lượng lớn
21654,RIDGED GLASS FINGER BOWL,1,Hàng giá rẻ - số lượng lớn
21655,HANGING RIDGE GLASS T-LIGHT HOLDER,1,Hàng giá rẻ - số lượng lớn
21656,RIDGED GLASS POSY VASE ,0,Hàng giá trị cao - ổn định
21657,MILK BOTTLE WITH GLASS STOPPER ,0,Hàng giá trị cao - ổn định
21658,GLASS  BEURRE DISH,3,Hàng chủ lực - bán chạy đều
21659,GLASS CAKE STAND,0,Hàng giá trị cao - ổn định
21661,VINTAGE GLASS TEA CADDY,0,Hàng giá trị cao - ổn định
21662,VINTAGE GLASS COFFEE CADDY,0,Hàng giá trị cao - ổn định
21663,VINTAGE GLASS SUGAR CADDY,4,Hàng bán chậm - ít khách
21664,RIDGED GLASS STORAGE JAR CREAM LID,0,Hàng giá trị cao - ổn định
21665,TRIANGULAR RIDGED GLASS POSY HOLDER,1,Hàng giá rẻ - số lượng lớn
21666,RIDGED GLASS T-LIGHT HOLDER,1,Hàng giá rẻ - số lượng lớn
21667,GLASS CAKE COVER AND PLATE,0,Hàng giá trị cao - ổn định
21668,RED STRIPE CERAMIC DRAWER KNOB,3,Hàng chủ lực - bán chạy đều
21669,BLUE STRIPE CERAMIC DRAWER KNOB,3,Hàng chủ lực - bán chạy đều
21670,BLUE SPOT CERAMIC DRAWER KNOB,3,Hàng chủ lực - bán chạy đều
21671,RED SPOT CERAMIC DRAWER KNOB,3,Hàng chủ lực - bán chạy đều
21672,WHITE SPOT RED CERAMIC DRAWER KNOB,3,Hàng chủ lực - bán chạy đều
21673,WHITE SPOT BLUE CERAMIC DRAWER KNOB,3,Hàng chủ lực - bán chạy đều
21674,RIDGED GLASS PENDANT LAMPSHADE,4,Hàng bán chậm - ít khách
21675,BUTTERFLIES STICKERS,3,Hàng chủ lực - bán chạy đều
21676,FLOWERS  STICKERS,1,Hàng giá rẻ - số lượng lớn
21677,HEARTS  STICKERS,3,Hàng chủ lực - bán chạy đều
21678,PAISLEY PATTERN  STICKERS,1,Hàng giá rẻ - số lượng lớn
21679,SKULLS  STICKERS,3,Hàng chủ lực - bán chạy đều
21680,WOODLAND  STICKERS,3,Hàng chủ lực - bán chạy đều
21681,GIANT MEDINA STAMPED METAL BOWL ,0,Hàng giá trị cao - ổn định
21682,LARGE MEDINA STAMPED METAL BOWL ,0,Hàng giá trị cao - ổn định
21683,MEDIUM MEDINA STAMPED METAL BOWL ,0,Hàng giá trị cao - ổn định
21684,SMALL MEDINA STAMPED METAL BOWL ,1,Hàng giá rẻ - số lượng lớn
21686,MEDINA STAMPED METAL STOOL,2,Hàng ngách - khách quen mua lại
21687,SILVER PLATE CANDLE BOWL LARGE,0,Hàng giá trị cao - ổn định
21688,SILVER PLATE CANDLE BOWL SMALL,0,Hàng giá trị cao - ổn định
21689,SILVER VANILLA  FLOWER CANDLE POT,0,Hàng giá trị cao - ổn định
21690,SILVER  CANDLEPOT JARDIN ,0,Hàng giá trị cao - ổn định
21691,SILVER VANILLA FLOWER CANDLE POT,0,Hàng giá trị cao - ổn định
21692,SILVER LATTICE VANILLA CANDLE POT,0,Hàng giá trị cao - ổn định
21693,SMALL HAMMERED SILVER CANDLEPOT ,0,Hàng giá trị cao - ổn định
21694,SMALL REGAL  SILVER CANDLEPOT ,0,Hàng giá trị cao - ổn định
21695,SMALL SILVER FLOWER CANDLE POT,0,Hàng giá trị cao - ổn định
21696,SMALL SILVER TRELLIS CANDLEPOT,0,Hàng giá trị cao - ổn định
21697,SET 5 MINI DOUGHNUT FRIDGE MAGNET ,1,Hàng giá rẻ - số lượng lớn
21698,MOCK LOBSTER FRIDGE MAGNET,0,Hàng giá trị cao - ổn định
21700,BIG DOUGHNUT FRIDGE MAGNETS,3,Hàng chủ lực - bán chạy đều
21702,SET 5 MINI GATEAUX  FRIDGE MAGNETS,1,Hàng giá rẻ - số lượng lớn
21703,BAG 125g SWIRLY MARBLES,3,Hàng chủ lực - bán chạy đều
21704,BAG 250g SWIRLY MARBLES,3,Hàng chủ lực - bán chạy đều
21705,BAG 500g SWIRLY MARBLES,3,Hàng chủ lực - bán chạy đều
21706,FOLDING UMBRELLA RED/WHITE POLKADOT,0,Hàng giá trị cao - ổn định
21707,FOLDING UMBRELLA BLACKBLUE POLKADOT,0,Hàng giá trị cao - ổn định
21708,FOLDING UMBRELLA CREAM POLKADOT,0,Hàng giá trị cao - ổn định
21709,FOLDING UMBRELLA CHOCOLATE POLKADOT,0,Hàng giá trị cao - ổn định
21710,FOLDING UMBRELLA PINKWHITE POLKADOT,0,Hàng giá trị cao - ổn định
21711,FOLDING UMBRELLA WHITE/RED POLKADOT,0,Hàng giá trị cao - ổn định
21713,CITRONELLA CANDLE FLOWERPOT,3,Hàng chủ lực - bán chạy đều
21714,CITRONELLA CANDLE GARDEN POT,3,Hàng chủ lực - bán chạy đều
21715,GIRLS VINTAGE TIN SEASIDE BUCKET,3,Hàng chủ lực - bán chạy đều
21716,BOYS VINTAGE TIN SEASIDE BUCKET,3,Hàng chủ lực - bán chạy đều
21717,EASTER TIN BUCKET,0,Hàng giá trị cao - ổn định
21718,RED METAL BEACH SPADE ,3,Hàng chủ lực - bán chạy đều
21719,LOVELY BONBON STICKER SHEET,0,Hàng giá trị cao - ổn định
21720,CAKE SHOP  STICKER SHEET,1,Hàng giá rẻ - số lượng lớn
21721,CANDY SHOP  STICKER SHEET,0,Hàng giá trị cao - ổn định
21722,SWEET PUDDING STICKER SHEET,0,Hàng giá trị cao - ổn định
21723,ALPHABET HEARTS STICKER SHEET,0,Hàng giá trị cao - ổn định
21724,PANDA AND BUNNIES STICKER SHEET,0,Hàng giá trị cao - ổn định
21725,SWEETIES  STICKERS,0,Hàng giá trị cao - ổn định
21726,MULTI HEARTS  STICKERS,1,Hàng giá rẻ - số lượng lớn
21728,METAL MEDINA LANTERN ,0,Hàng giá trị cao - ổn định
21729,SMALL MARAKESH METAL  LANTERN ,4,Hàng bán chậm - ít khách
21730,GLASS STAR FROSTED T-LIGHT HOLDER,0,Hàng giá trị cao - ổn định
21731,RED TOADSTOOL LED NIGHT LIGHT,3,Hàng chủ lực - bán chạy đều
21732,RED HANGING METAL STAR TLIGHT HLDR,1,Hàng giá rẻ - số lượng lớn
21733,RED HANGING HEART T-LIGHT HOLDER,3,Hàng chủ lực - bán chạy đều
21734,SMALL MARAKESH LANTERN ON STICK,4,Hàng bán chậm - ít khách
21735,TWO DOOR CURIO CABINET,0,Hàng giá trị cao - ổn định
21736,GOLD SCROLL GLASS T-LIGHT HOLDER,4,Hàng bán chậm - ít khách
21737,SET 3 WICKER LOG BASKETS,0,Hàng giá trị cao - ổn định
21738,COSY SLIPPER SHOES SMALL  RED ,0,Hàng giá trị cao - ổn định
21739,COSY SLIPPER SHOES SMALL GREEN,0,Hàng giá trị cao - ổn định
21740,COSY SLIPPER SHOES LARGE RED,0,Hàng giá trị cao - ổn định
21741,COSY SLIPPER SHOES LARGE GREEN,0,Hàng giá trị cao - ổn định
21742,LARGE ROUND WICKER PLATTER ,0,Hàng giá trị cao - ổn định
21743,STAR PORTABLE TABLE LIGHT ,0,Hàng giá trị cao - ổn định
21744,SNOWFLAKE PORTABLE TABLE LIGHT ,0,Hàng giá trị cao - ổn định
21745,GAOLERS KEYS DECORATIVE GARDEN ,3,Hàng chủ lực - bán chạy đều
21746,SMALL RED RETROSPOT WINDMILL,3,Hàng chủ lực - bán chạy đều
21747,SMALL SKULL WINDMILL,1,Hàng giá rẻ - số lượng lớn
21749,LARGE RED RETROSPOT WINDMILL,3,Hàng chủ lực - bán chạy đều
21750,LARGE SKULL WINDMILL,0,Hàng giá trị cao - ổn định
21752,GLASS CAKE STAND MIRRORED BASE,0,Hàng giá trị cao - ổn định
21754,HOME BUILDING BLOCK WORD,3,Hàng chủ lực - bán chạy đều
21755,LOVE BUILDING BLOCK WORD,3,Hàng chủ lực - bán chạy đều
21756,BATH BUILDING BLOCK WORD,0,Hàng giá trị cao - ổn định
21757,LIGHTHOUSE PRINTED METAL SIGN,4,Hàng bán chậm - ít khách
21758,VINTAGE SHELLS PRINT,0,Hàng giá trị cao - ổn định
21759,METAL WALL SHELF UNIT WITH HOOKS,4,Hàng bán chậm - ít khách
21760,FRENCH STYLE WALL DRESSER,4,Hàng bán chậm - ít khách
21761,WOOD AND GLASS MEDICINE CABINET,0,Hàng giá trị cao - ổn định
21763,VINTAGE WOODEN BAR STOOL,4,Hàng bán chậm - ít khách
21764,VINTAGE WOODEN PLATE RACK,4,Hàng bán chậm - ít khách
21765,HANGING METAL BIRD BATH,0,Hàng giá trị cao - ổn định
21768,WALL MOUNTED VINTAGE ORGANISER,0,Hàng giá trị cao - ổn định
21769,VINTAGE POST OFFICE CABINET,0,Hàng giá trị cao - ổn định
21770,OPEN CLOSED METAL SIGN,3,Hàng chủ lực - bán chạy đều
21773,DECORATIVE ROSE BATHROOM BOTTLE,3,Hàng chủ lực - bán chạy đều
21774,DECORATIVE CATS BATHROOM BOTTLE,3,Hàng chủ lực - bán chạy đều
21775,DECORATIVE FLORE BATHROOM BOTTLE,0,Hàng giá trị cao - ổn định
21777,RECIPE BOX WITH METAL HEART,0,Hàng giá trị cao - ổn định
21779,MA CAMPAGNE MINI WOODEN CHEST,1,Hàng giá rẻ - số lượng lớn
21780,MA CAMPAGNE 4 DRAWER WALL SHELF,0,Hàng giá trị cao - ổn định
21781,MA CAMPAGNE CUTLERY BOX,0,Hàng giá trị cao - ổn định
21784,SHOE SHINE BOX ,0,Hàng giá trị cao - ổn định
21785,RAIN PONCHO ,1,Hàng giá rẻ - số lượng lớn
21786,POLKADOT RAIN HAT ,3,Hàng chủ lực - bán chạy đều
21787,RAIN PONCHO RETROSPOT,3,Hàng chủ lực - bán chạy đều
21788,KIDS RAIN MAC BLUE,3,Hàng chủ lực - bán chạy đều
21789,KIDS RAIN MAC PINK,3,Hàng chủ lực - bán chạy đều
21790,VINTAGE SNAP CARDS,3,Hàng chủ lực - bán chạy đều
21791,VINTAGE HEADS AND TAILS CARD GAME ,3,Hàng chủ lực - bán chạy đều
21792,CLASSIC FRENCH STYLE BASKET GREEN ,0,Hàng giá trị cao - ổn định
21793,CLASSIC FRENCH STYLE BASKET BROWN,0,Hàng giá trị cao - ổn định
21794,CLASSIC FRENCH STYLE BASKET NATURAL,0,Hàng giá trị cao - ổn định
21795,SET OF 3 BLUE STRIPE BASKET,0,Hàng giá trị cao - ổn định
21796,SET OF 3 RED STRIPE BASKETS,0,Hàng giá trị cao - ổn định
21801,CHRISTMAS TREE DECORATION WITH BELL,3,Hàng chủ lực - bán chạy đều
21802,CHRISTMAS TREE HEART DECORATION,3,Hàng chủ lực - bán chạy đều
21803,CHRISTMAS TREE STAR DECORATION,3,Hàng chủ lực - bán chạy đều
21804,WHITE CHRISTMAS GARLAND STARS TREES,0,Hàng giá trị cao - ổn định
21805,WHITE CHRISTMAS TREE DECORATION ,1,Hàng giá rẻ - số lượng lớn
21806,WHITE CHRISTMAS HEART DECORATION,1,Hàng giá rẻ - số lượng lớn
21807,WHITE CHRISTMAS STAR DECORATION,1,Hàng giá rẻ - số lượng lớn
21808,"CHRISTMAS GARLAND STARS,TREES",0,Hàng giá trị cao - ổn định
21809,CHRISTMAS HANGING TREE WITH BELL,3,Hàng chủ lực - bán chạy đều
21810,CHRISTMAS HANGING STAR WITH BELL,3,Hàng chủ lực - bán chạy đều
21811,HANGING HEART WITH BELL,3,Hàng chủ lực - bán chạy đều
21812,GARLAND WITH HEARTS AND BELLS,0,Hàng giá trị cao - ổn định
21813,GARLAND WITH STARS AND BELLS,0,Hàng giá trị cao - ổn định
21814,HEART T-LIGHT HOLDER ,0,Hàng giá trị cao - ổn định
21815,STAR  T-LIGHT HOLDER ,0,Hàng giá trị cao - ổn định
21816,CHRISTMAS TREE T-LIGHT HOLDER,1,Hàng giá rẻ - số lượng lớn
21817,GLITTER CHRISTMAS TREE,1,Hàng giá rẻ - số lượng lớn
21818,GLITTER CHRISTMAS HEART ,3,Hàng chủ lực - bán chạy đều
21819,GLITTER CHRISTMAS STAR ,3,Hàng chủ lực - bán chạy đều
21820,GLITTER HEART GARLAND WITH BELLS ,0,Hàng giá trị cao - ổn định
21821,GLITTER STAR GARLAND WITH BELLS ,0,Hàng giá trị cao - ổn định
21822,GLITTER CHRISTMAS TREE WITH BELLS,0,Hàng giá trị cao - ổn định
21823,PAINTED METAL HEART WITH HOLLY BELL,3,Hàng chủ lực - bán chạy đều
21824,PAINTED METAL STAR WITH HOLLY BELLS,3,Hàng chủ lực - bán chạy đều
21825,PAINTED METAL TREE WITH HOLLY BELLS,1,Hàng giá rẻ - số lượng lớn
21826,EIGHT PIECE DINOSAUR SET,3,Hàng chủ lực - bán chạy đều
21827,EIGHT PIECE CREEPY CRAWLIE SET,0,Hàng giá trị cao - ổn định
21828,EIGHT PIECE SNAKE  SET,0,Hàng giá trị cao - ổn định
21829,DINOSAUR KEYRINGS ASSORTED,3,Hàng chủ lực - bán chạy đều
21830,ASSORTED CREEPY CRAWLIES,3,Hàng chủ lực - bán chạy đều
21832,CHOCOLATE CALCULATOR,3,Hàng chủ lực - bán chạy đều
21833,CAMOUFLAGE LED TORCH,3,Hàng chủ lực - bán chạy đều
21836,GINGHAM OVEN GLOVE RED HEART ,0,Hàng giá trị cao - ổn định
21837,CROSS STITCH ALPHABET CUSHION COVER,0,Hàng giá trị cao - ổn định
21839,MUMMY MOUSE RED GINGHAM RIBBON,0,Hàng giá trị cao - ổn định
21841,BABY MOUSE RED GINGHAM DRESS,0,Hàng giá trị cao - ổn định
21842,PINK HEART CANDY BUTTON CALCULATOR,1,Hàng giá rẻ - số lượng lớn
21843,RED RETROSPOT CAKE STAND,3,Hàng chủ lực - bán chạy đều
21844,RED RETROSPOT MUG,3,Hàng chủ lực - bán chạy đều
21845,DAIRY MAID STRIPE MUG,3,Hàng chủ lực - bán chạy đều
21846,PINK DIAMANTE PEN IN GIFT BOX,3,Hàng chủ lực - bán chạy đều
21847,GREEN  DIAMANTE PEN IN GIFT BOX,0,Hàng giá trị cao - ổn định
21849,SILVER DIAMANTE PEN IN GIFT BOX,0,Hàng giá trị cao - ổn định
21850,BLUE  DIAMANTE PEN IN GIFT BOX,0,Hàng giá trị cao - ổn định
21851,LILAC DIAMANTE PEN IN GIFT BOX,0,Hàng giá trị cao - ổn định
21864,UNION JACK FLAG PASSPORT COVER ,3,Hàng chủ lực - bán chạy đều
21865,PINK UNION JACK  PASSPORT COVER ,0,Hàng giá trị cao - ổn định
21866,UNION JACK FLAG LUGGAGE TAG,3,Hàng chủ lực - bán chạy đều
21867,PINK UNION JACK  LUGGAGE TAG,0,Hàng giá trị cao - ổn định
21868,POTTING SHED TEA MUG,3,Hàng chủ lực - bán chạy đều
21869,POTTING SHED COFFEE MUG,1,Hàng giá rẻ - số lượng lớn
21870,I CAN ONLY PLEASE ONE PERSON MUG,3,Hàng chủ lực - bán chạy đều
21871,SAVE THE PLANET MUG,3,Hàng chủ lực - bán chạy đều
21872,GLAMOROUS  MUG,3,Hàng chủ lực - bán chạy đều
21873,IF YOU CAN'T STAND THE HEAT MUG,3,Hàng chủ lực - bán chạy đều
21874,GIN AND TONIC MUG,3,Hàng chủ lực - bán chạy đều
21875,KINGS CHOICE MUG,3,Hàng chủ lực - bán chạy đều
21876,POTTERING MUG,3,Hàng chủ lực - bán chạy đều
21877,HOME SWEET HOME MUG,3,Hàng chủ lực - bán chạy đều
21878,PACK OF 6 SANDCASTLE FLAGS ASSORTED,3,Hàng chủ lực - bán chạy đều
21879,HEARTS GIFT TAPE,1,Hàng giá rẻ - số lượng lớn
21880,RED RETROSPOT TAPE,3,Hàng chủ lực - bán chạy đều
21881,CUTE CATS TAPE,1,Hàng giá rẻ - số lượng lớn
21882,SKULLS TAPE,1,Hàng giá rẻ - số lượng lớn
21883,STARS GIFT TAPE ,3,Hàng chủ lực - bán chạy đều
21884,CAKES AND BOWS GIFT  TAPE,1,Hàng giá rẻ - số lượng lớn
21888,BINGO SET,3,Hàng chủ lực - bán chạy đều
21889,WOODEN BOX OF DOMINOES,3,Hàng chủ lực - bán chạy đều
21890,S/6 WOODEN SKITTLES IN COTTON BAG,3,Hàng chủ lực - bán chạy đều
21891,TRADITIONAL WOODEN SKIPPING ROPE,3,Hàng chủ lực - bán chạy đều
21892,TRADITIONAL WOODEN CATCH CUP GAME ,3,Hàng chủ lực - bán chạy đều
21893,POTTING SHED SEED TIN,1,Hàng giá rẻ - số lượng lớn
21894,POTTING SHED SEED ENVELOPES,0,Hàng giá trị cao - ổn định
21895,POTTING SHED SOW 'N' GROW SET,0,Hàng giá trị cao - ổn định
21896,POTTING SHED TWINE,3,Hàng chủ lực - bán chạy đều
21897,POTTING SHED CANDLE CITRONELLA,1,Hàng giá rẻ - số lượng lớn
21898,POTTING SHED ROSE CANDLE,0,Hàng giá trị cao - ổn định
21899,"KEY FOB , GARAGE DESIGN",3,Hàng chủ lực - bán chạy đều
21900,"KEY FOB , SHED",3,Hàng chủ lực - bán chạy đều
21901,"KEY FOB , BACK DOOR ",3,Hàng chủ lực - bán chạy đều
21902,"KEY FOB , FRONT  DOOR ",3,Hàng chủ lực - bán chạy đều
21903,MAN FLU METAL SIGN,3,Hàng chủ lực - bán chạy đều
21904,HOUSE WRECKING METAL SIGN ,0,Hàng giá trị cao - ổn định
21905,MORE BUTTER METAL SIGN ,3,Hàng chủ lực - bán chạy đều
21906,PHARMACIE FIRST AID TIN,3,Hàng chủ lực - bán chạy đều
21907,I'M ON HOLIDAY METAL SIGN,3,Hàng chủ lực - bán chạy đều
21908,CHOCOLATE THIS WAY METAL SIGN,3,Hàng chủ lực - bán chạy đều
21910,WAY OUT METAL SIGN ,1,Hàng giá rẻ - số lượng lớn
21911,GARDEN METAL SIGN ,3,Hàng chủ lực - bán chạy đều
21912,VINTAGE SNAKES & LADDERS,3,Hàng chủ lực - bán chạy đều
21913,VINTAGE SEASIDE JIGSAW PUZZLES,0,Hàng giá trị cao - ổn định
21914,BLUE HARMONICA IN BOX ,3,Hàng chủ lực - bán chạy đều
21915,RED  HARMONICA IN BOX ,3,Hàng chủ lực - bán chạy đều
21916,SET 12 RETRO WHITE CHALK STICKS,3,Hàng chủ lực - bán chạy đều
21917,SET 12 KIDS  WHITE CHALK STICKS,3,Hàng chủ lực - bán chạy đều
21918,SET 12 KIDS COLOUR  CHALK STICKS,3,Hàng chủ lực - bán chạy đều
21919,Electronic Talking Breath-A-Loser,4,Hàng bán chậm - ít khách
21922,UNION STRIPE WITH FRINGE  HAMMOCK,0,Hàng giá trị cao - ổn định
21923,RED/CREAM STRIPE FRINGE HAMMOCK,0,Hàng giá trị cao - ổn định
21924,BLUE/CREAM STRIPE FRINGE HAMMOCK,0,Hàng giá trị cao - ổn định
21925,UNION STRIPE CUSHION COVER ,0,Hàng giá trị cao - ổn định
21926,RED/CREAM STRIPE CUSHION COVER ,0,Hàng giá trị cao - ổn định
21927,BLUE/CREAM STRIPE CUSHION COVER ,0,Hàng giá trị cao - ổn định
21928,JUMBO BAG SCANDINAVIAN PAISLEY,3,Hàng chủ lực - bán chạy đều
21929,JUMBO BAG PINK VINTAGE PAISLEY,3,Hàng chủ lực - bán chạy đều
21930,JUMBO STORAGE BAG SKULLS,3,Hàng chủ lực - bán chạy đều
21931,JUMBO STORAGE BAG SUKI,3,Hàng chủ lực - bán chạy đều
21932,SCANDINAVIAN PAISLEY PICNIC BAG,3,Hàng chủ lực - bán chạy đều
21933,PINK VINTAGE PAISLEY PICNIC BAG,3,Hàng chủ lực - bán chạy đều
21934,SKULL SHOULDER BAG,3,Hàng chủ lực - bán chạy đều
21935,SUKI  SHOULDER BAG,3,Hàng chủ lực - bán chạy đều
21936,RED RETROSPOT PICNIC BAG,3,Hàng chủ lực - bán chạy đều
21937,STRAWBERRY   PICNIC BAG,3,Hàng chủ lực - bán chạy đều
21942,SKULLS DESIGN FLANNEL,3,Hàng chủ lực - bán chạy đều
21943,CAKES AND RABBITS DESIGN FLANNEL ,2,Hàng ngách - khách quen mua lại
21944,KITTENS DESIGN FLANNEL,3,Hàng chủ lực - bán chạy đều
21945,STRAWBERRIES  DESIGN FLANNEL ,3,Hàng chủ lực - bán chạy đều
21946,PARTY TIME DESIGN FLANNEL,1,Hàng giá rẻ - số lượng lớn
21947,SET OF 6 HEART CHOPSTICKS,3,Hàng chủ lực - bán chạy đều
21948,SET OF 6 CAKE CHOPSTICKS,3,Hàng chủ lực - bán chạy đều
21949,SET OF 6 STRAWBERRY CHOPSTICKS,3,Hàng chủ lực - bán chạy đều
21950,SET OF 6 DOTS CHOPSTICKS,2,Hàng ngách - khách quen mua lại
21955,DOORMAT UNION JACK GUNS AND ROSES,3,Hàng chủ lực - bán chạy đều
21967,PACK OF 12 SKULL TISSUES,3,Hàng chủ lực - bán chạy đều
21972,SET OF 36 DINOSAUR PAPER DOILIES,0,Hàng giá trị cao - ổn định
21973,SET OF 36 MUSHROOM PAPER DOILIES,3,Hàng chủ lực - bán chạy đều
21974,SET OF 36 PAISLEY FLOWER DOILIES,3,Hàng chủ lực - bán chạy đều
21975,PACK OF 60 DINOSAUR CAKE CASES,3,Hàng chủ lực - bán chạy đều
21976,PACK OF 60 MUSHROOM CAKE CASES,3,Hàng chủ lực - bán chạy đều
21977,PACK OF 60 PINK PAISLEY CAKE CASES,3,Hàng chủ lực - bán chạy đều
21980,PACK OF 12 RED RETROSPOT TISSUES ,3,Hàng chủ lực - bán chạy đều
21981,PACK OF 12 WOODLAND TISSUES ,3,Hàng chủ lực - bán chạy đều
21982,PACK OF 12 SUKI TISSUES ,3,Hàng chủ lực - bán chạy đều
21983,PACK OF 12 BLUE PAISLEY TISSUES ,3,Hàng chủ lực - bán chạy đều
21984,PACK OF 12 PINK PAISLEY TISSUES ,3,Hàng chủ lực - bán chạy đều
21985,PACK OF 12 HEARTS DESIGN TISSUES ,3,Hàng chủ lực - bán chạy đều
21986,PACK OF 12 PINK POLKADOT TISSUES,3,Hàng chủ lực - bán chạy đều
21987,PACK OF 6 SKULL PAPER CUPS,3,Hàng chủ lực - bán chạy đều
21988,PACK OF 6 SKULL PAPER PLATES,3,Hàng chủ lực - bán chạy đều
21989,PACK OF 20 SKULL PAPER NAPKINS,3,Hàng chủ lực - bán chạy đều
21990,MODERN FLORAL STATIONERY SET,3,Hàng chủ lực - bán chạy đều
21991,BOHEMIAN COLLAGE STATIONERY SET,0,Hàng giá trị cao - ổn định
21992,VINTAGE PAISLEY STATIONERY SET,3,Hàng chủ lực - bán chạy đều
21993,FLORAL FOLK STATIONERY SET,3,Hàng chủ lực - bán chạy đều
22021,BLUE FELT EASTER EGG BASKET,0,Hàng giá trị cao - ổn định
22023,EMPIRE BIRTHDAY CARD,3,Hàng chủ lực - bán chạy đều
22024,RAINY LADIES BIRTHDAY CARD,3,Hàng chủ lực - bán chạy đều
22025,RING OF ROSES BIRTHDAY CARD,3,Hàng chủ lực - bán chạy đều
22026,BANQUET BIRTHDAY  CARD  ,3,Hàng chủ lực - bán chạy đều
22027,TEA PARTY BIRTHDAY CARD,3,Hàng chủ lực - bán chạy đều
22028,PENNY FARTHING BIRTHDAY CARD,3,Hàng chủ lực - bán chạy đều
22029,SPACEBOY BIRTHDAY CARD,3,Hàng chủ lực - bán chạy đều
22030,SWALLOWS GREETING CARD,3,Hàng chủ lực - bán chạy đều
22031,BOTANICAL LAVENDER BIRTHDAY CARD,1,Hàng giá rẻ - số lượng lớn
22032,BOTANICAL LILY GREETING CARD,1,Hàng giá rẻ - số lượng lớn
22033,BOTANICAL ROSE GREETING CARD,1,Hàng giá rẻ - số lượng lớn
22034,ROBIN CHRISTMAS CARD,1,Hàng giá rẻ - số lượng lớn
22035,VINTAGE CARAVAN GREETING CARD ,3,Hàng chủ lực - bán chạy đều
22036,DINOSAUR BIRTHDAY CARD,1,Hàng giá rẻ - số lượng lớn
22037,ROBOT BIRTHDAY CARD,3,Hàng chủ lực - bán chạy đều
22038,BOTANICAL LAVENDER GIFT WRAP ,1,Hàng giá rẻ - số lượng lớn
22039,BOTANICAL LILY GIFT WRAP,1,Hàng giá rẻ - số lượng lớn
22040,BOTANICAL ROSE GIFT WRAP,1,Hàng giá rẻ - số lượng lớn
22041,"RECORD FRAME 7"" SINGLE SIZE ",3,Hàng chủ lực - bán chạy đều
22042,CHRISTMAS CARD SINGING ANGEL,1,Hàng giá rẻ - số lượng lớn
22043,CHRISTMAS CARD SCREEN PRINT ,1,Hàng giá rẻ - số lượng lớn
22044,CHRISTMAS CARD STACK OF PRESENTS,1,Hàng giá rẻ - số lượng lớn
22045,SPACEBOY GIFT WRAP,3,Hàng chủ lực - bán chạy đều
22046,TEA PARTY  WRAPPING PAPER ,3,Hàng chủ lực - bán chạy đều
22047,EMPIRE GIFT WRAP,3,Hàng chủ lực - bán chạy đều
22048,BIRTHDAY BANQUET GIFT WRAP,1,Hàng giá rẻ - số lượng lớn
22049,WRAP CHRISTMAS SCREEN PRINT,1,Hàng giá rẻ - số lượng lớn
22050,PINK PAISLEY ROSE GIFT WRAP,1,Hàng giá rẻ - số lượng lớn
22051,BLUE SCANDINAVIAN PAISLEY WRAP,1,Hàng giá rẻ - số lượng lớn
22052,VINTAGE CARAVAN GIFT WRAP,1,Hàng giá rẻ - số lượng lớn
22053,EMPIRE DESIGN ROSETTE,1,Hàng giá rẻ - số lượng lớn
22054,MINI CAKE STAND HANGING HEARTS,0,Hàng giá trị cao - ổn định
22055,MINI CAKE STAND  HANGING STRAWBERY,3,Hàng chủ lực - bán chạy đều
22056,CERAMIC PLATE LOVE HEART DESIGN,1,Hàng giá rẻ - số lượng lớn
22057,CERAMIC PLATE STRAWBERRY DESIGN,3,Hàng chủ lực - bán chạy đều
22058,CERAMIC LOVE HEARTS DESIGN MUG,0,Hàng giá trị cao - ổn định
22059,CERAMIC STRAWBERRY DESIGN MUG,3,Hàng chủ lực - bán chạy đều
22060,LARGE CAKE STAND HANGING HEARTS,0,Hàng giá trị cao - ổn định
22061,LARGE CAKE STAND  HANGING STRAWBERY,0,Hàng giá trị cao - ổn định
22062,CERAMIC BOWL WITH LOVE HEART DESIGN,0,Hàng giá trị cao - ổn định
22063,CERAMIC BOWL WITH STRAWBERRY DESIGN,3,Hàng chủ lực - bán chạy đều
22064,PINK DOUGHNUT TRINKET POT ,3,Hàng chủ lực - bán chạy đều
22065,CHRISTMAS PUDDING TRINKET POT ,3,Hàng chủ lực - bán chạy đều
22066,LOVE HEART TRINKET POT,3,Hàng chủ lực - bán chạy đều
22067,CHOC TRUFFLE GOLD TRINKET POT ,3,Hàng chủ lực - bán chạy đều
22068,BLACK PIRATE TREASURE CHEST,0,Hàng giá trị cao - ổn định
22069,BROWN  PIRATE TREASURE CHEST ,0,Hàng giá trị cao - ổn định
22070,SMALL RED RETROSPOT MUG IN BOX ,3,Hàng chủ lực - bán chạy đều
22071,SMALL WHITE RETROSPOT MUG IN BOX ,3,Hàng chủ lực - bán chạy đều
22072,RED RETROSPOT TEA CUP AND SAUCER ,3,Hàng chủ lực - bán chạy đều
22073,RED RETROSPOT STORAGE JAR,3,Hàng chủ lực - bán chạy đều
22074,6 RIBBONS SHIMMERING PINKS ,3,Hàng chủ lực - bán chạy đều
22075,6 RIBBONS ELEGANT CHRISTMAS ,3,Hàng chủ lực - bán chạy đều
22076,6 RIBBONS EMPIRE  ,3,Hàng chủ lực - bán chạy đều
22077,6 RIBBONS RUSTIC CHARM,3,Hàng chủ lực - bán chạy đều
22078,RIBBON REEL LACE DESIGN ,3,Hàng chủ lực - bán chạy đều
22079,RIBBON REEL HEARTS DESIGN ,3,Hàng chủ lực - bán chạy đều
22080,RIBBON REEL SPOTS DESIGN ,3,Hàng chủ lực - bán chạy đều
22081,RIBBON REEL FLORA + FAUNA ,0,Hàng giá trị cao - ổn định
22082,RIBBON REEL STRIPES DESIGN ,3,Hàng chủ lực - bán chạy đều
22083,PAPER CHAIN KIT RETROSPOT,3,Hàng chủ lực - bán chạy đều
22084,PAPER CHAIN KIT EMPIRE,3,Hàng chủ lực - bán chạy đều
22085,PAPER CHAIN KIT SKULLS ,3,Hàng chủ lực - bán chạy đều
22086,PAPER CHAIN KIT 50'S CHRISTMAS ,3,Hàng chủ lực - bán chạy đều
22087,PAPER BUNTING WHITE LACE,3,Hàng chủ lực - bán chạy đều
22088,PAPER BUNTING COLOURED LACE,3,Hàng chủ lực - bán chạy đều
22089,PAPER BUNTING VINTAGE PAISLEY,3,Hàng chủ lực - bán chạy đều
22090,PAPER BUNTING RETROSPOT,3,Hàng chủ lực - bán chạy đều
22091,EMPIRE TISSUE BOX,3,Hàng chủ lực - bán chạy đều
22092,BLUE PAISLEY TISSUE BOX,1,Hàng giá rẻ - số lượng lớn
22093,MOTORING TISSUE BOX,3,Hàng chủ lực - bán chạy đều
22094,RED RETROSPOT TISSUE BOX,3,Hàng chủ lực - bán chạy đều
22095,LADS ONLY TISSUE BOX,3,Hàng chủ lực - bán chạy đều
22096,PINK PAISLEY SQUARE TISSUE BOX ,1,Hàng giá rẻ - số lượng lớn
22097,SWALLOW SQUARE TISSUE BOX,3,Hàng chủ lực - bán chạy đều
22098,BOUDOIR SQUARE TISSUE BOX,3,Hàng chủ lực - bán chạy đều
22099,CARAVAN SQUARE TISSUE BOX,3,Hàng chủ lực - bán chạy đều
22100,SKULLS SQUARE TISSUE BOX,1,Hàng giá rẻ - số lượng lớn
22101,MIRROR MOSAIC VOTIVE HOLDER,1,Hàng giá rẻ - số lượng lớn
22102,MIRROR MOSAIC T-LIGHT HOLDER ,1,Hàng giá rẻ - số lượng lớn
22103,MIRROR MOSAIC T-LIGHT HOLDER ROUND,1,Hàng giá rẻ - số lượng lớn
22104,MIRROR MOSAIC CANDLE PLATE,1,Hàng giá rẻ - số lượng lớn
22105,MIRROR MOSAIC GOBLET CANDLE HOLDER,1,Hàng giá rẻ - số lượng lớn
22106,MIRROR MOSAIC HURRICANE LAMP ,0,Hàng giá trị cao - ổn định
22107,PIZZA PLATE IN BOX,0,Hàng giá trị cao - ổn định
22108,PING! MICROWAVE PLATE,2,Hàng ngách - khách quen mua lại
22109,FULL ENGLISH BREAKFAST PLATE,3,Hàng chủ lực - bán chạy đều
22110,BIRD HOUSE HOT WATER BOTTLE,3,Hàng chủ lực - bán chạy đều
22111,SCOTTIE DOG HOT WATER BOTTLE,3,Hàng chủ lực - bán chạy đều
22112,CHOCOLATE HOT WATER BOTTLE,3,Hàng chủ lực - bán chạy đều
22113,GREY HEART HOT WATER BOTTLE,3,Hàng chủ lực - bán chạy đều
22114,HOT WATER BOTTLE TEA AND SYMPATHY,3,Hàng chủ lực - bán chạy đều
22115,METAL SIGN EMPIRE TEA,3,Hàng chủ lực - bán chạy đều
22116,METAL SIGN HIS DINNER IS SERVED,0,Hàng giá trị cao - ổn định
22117,METAL SIGN HER DINNER IS SERVED ,3,Hàng chủ lực - bán chạy đều
22118,JOY WOODEN BLOCK LETTERS,0,Hàng giá trị cao - ổn định
22119,PEACE WOODEN BLOCK LETTERS,0,Hàng giá trị cao - ổn định
22120,WELCOME  WOODEN BLOCK LETTERS,0,Hàng giá trị cao - ổn định
22121,NOEL WOODEN BLOCK LETTERS ,0,Hàng giá trị cao - ổn định
22122,SET OF 2 FANCY FONT TEA TOWELS,0,Hàng giá trị cao - ổn định
22123,PING MICROWAVE APRON,0,Hàng giá trị cao - ổn định
22124,SET OF 2 TEA TOWELS PING MICROWAVE,2,Hàng ngách - khách quen mua lại
22125,UNION JACK HOT WATER BOTTLE ,0,Hàng giá trị cao - ổn định
22127,PARTY CONES CARNIVAL ASSORTED,1,Hàng giá rẻ - số lượng lớn
22128,PARTY CONES CANDY ASSORTED,3,Hàng chủ lực - bán chạy đều
22129,PARTY CONES CANDY TREE DECORATION,3,Hàng chủ lực - bán chạy đều
22130,PARTY CONE CHRISTMAS DECORATION ,3,Hàng chủ lực - bán chạy đều
22131,FOOD CONTAINER SET 3 LOVE HEART ,3,Hàng chủ lực - bán chạy đều
22132,RED LOVE HEART SHAPE CUP,3,Hàng chủ lực - bán chạy đều
22133,PINK LOVE HEART SHAPE CUP,3,Hàng chủ lực - bán chạy đều
22134,MINI LADLE LOVE HEART RED ,3,Hàng chủ lực - bán chạy đều
22135,MINI LADLE LOVE HEART PINK,3,Hàng chủ lực - bán chạy đều
22136,LOVE HEART SOCK HANGER,3,Hàng chủ lực - bán chạy đều
22137,BATHROOM SET LOVE HEART DESIGN,1,Hàng giá rẻ - số lượng lớn
22138,BAKING SET 9 PIECE RETROSPOT ,3,Hàng chủ lực - bán chạy đều
22139,RETROSPOT TEA SET CERAMIC 11 PC ,3,Hàng chủ lực - bán chạy đều
22141,CHRISTMAS CRAFT TREE TOP ANGEL,3,Hàng chủ lực - bán chạy đều
22142,CHRISTMAS CRAFT WHITE FAIRY ,3,Hàng chủ lực - bán chạy đều
22143,CHRISTMAS CRAFT HEART DECORATIONS,0,Hàng giá trị cao - ổn định
22144,CHRISTMAS CRAFT LITTLE FRIENDS,3,Hàng chủ lực - bán chạy đều
22145,CHRISTMAS CRAFT HEART STOCKING ,0,Hàng giá trị cao - ổn định
22146,EASTER CRAFT IVY WREATH WITH CHICK,1,Hàng giá rẻ - số lượng lớn
22147,FELTCRAFT BUTTERFLY HEARTS,3,Hàng chủ lực - bán chạy đều
22148,EASTER CRAFT 4 CHICKS ,3,Hàng chủ lực - bán chạy đều
22149,FELTCRAFT 6 FLOWER FRIENDS,3,Hàng chủ lực - bán chạy đều
22150,3 STRIPEY MICE FELTCRAFT,3,Hàng chủ lực - bán chạy đều
22151,PLACE SETTING WHITE HEART,3,Hàng chủ lực - bán chạy đều
22152,PLACE SETTING WHITE STAR,3,Hàng chủ lực - bán chạy đều
22153,ANGEL DECORATION STARS ON DRESS,3,Hàng chủ lực - bán chạy đều
22154,ANGEL DECORATION 3 BUTTONS ,3,Hàng chủ lực - bán chạy đều
22155,STAR DECORATION RUSTIC,3,Hàng chủ lực - bán chạy đều
22156,HEART DECORATION WITH PEARLS ,3,Hàng chủ lực - bán chạy đều
22157,ANGEL DECORATION WITH LACE PADDED,1,Hàng giá rẻ - số lượng lớn
22158,3 HEARTS HANGING DECORATION RUSTIC,3,Hàng chủ lực - bán chạy đều
22161,HEART DECORATION RUSTIC HANGING ,3,Hàng chủ lực - bán chạy đều
22162,HEART GARLAND RUSTIC PADDED,0,Hàng giá trị cao - ổn định
22163,HEART STRING MEMO HOLDER HANGING,0,Hàng giá trị cao - ổn định
22164,STRING OF STARS CARD HOLDER,0,Hàng giá trị cao - ổn định
22165,"DIAMANTE HEART SHAPED WALL MIRROR, ",0,Hàng giá trị cao - ổn định
22166,WALL MIRROR RECTANGLE DIAMANTE PINK,0,Hàng giá trị cao - ổn định
22167, OVAL WALL MIRROR DIAMANTE ,0,Hàng giá trị cao - ổn định
22168,ORGANISER WOOD ANTIQUE WHITE ,0,Hàng giá trị cao - ổn định
22169,FAMILY ALBUM WHITE PICTURE FRAME,0,Hàng giá trị cao - ổn định
22170,PICTURE FRAME WOOD TRIPLE PORTRAIT,3,Hàng chủ lực - bán chạy đều
22171,3 HOOK PHOTO SHELF ANTIQUE WHITE,3,Hàng chủ lực - bán chạy đều
22172,METAL SHELF WITH RAIL ,0,Hàng giá trị cao - ổn định
22173,METAL 4 HOOK HANGER FRENCH CHATEAU,3,Hàng chủ lực - bán chạy đều
22174,PHOTO CUBE,3,Hàng chủ lực - bán chạy đều
22175,PINK OWL SOFT TOY,3,Hàng chủ lực - bán chạy đều
22176,BLUE OWL SOFT TOY,0,Hàng giá trị cao - ổn định
22177,5 HOOK BLACKBOARD ORGANISER ,0,Hàng giá trị cao - ổn định
22178,VICTORIAN GLASS HANGING T-LIGHT,3,Hàng chủ lực - bán chạy đều
22179,SET 10 LIGHTS NIGHT OWL,0,Hàng giá trị cao - ổn định
22180,RETROSPOT LAMP,0,Hàng giá trị cao - ổn định
22181,SNOWSTORM PHOTO FRAME FRIDGE MAGNET,1,Hàng giá rẻ - số lượng lớn
22182,CAKE STAND VICTORIAN FILIGREE SMALL,0,Hàng giá trị cao - ổn định
22183,CAKE STAND VICTORIAN FILIGREE MED,0,Hàng giá trị cao - ổn định
22184,CAKE STAND VICTORIAN FILIGREE LARGE,0,Hàng giá trị cao - ổn định
22185,SLATE TILE NATURAL HANGING,3,Hàng chủ lực - bán chạy đều
22186,RED STAR CARD HOLDER,3,Hàng chủ lực - bán chạy đều
22187,GREEN CHRISTMAS TREE CARD HOLDER,3,Hàng chủ lực - bán chạy đều
22188,BLACK HEART CARD HOLDER,3,Hàng chủ lực - bán chạy đều
22189,CREAM HEART CARD HOLDER,3,Hàng chủ lực - bán chạy đều
22190,LOCAL CAFE MUG,3,Hàng chủ lực - bán chạy đều
22191,IVORY DINER WALL CLOCK,3,Hàng chủ lực - bán chạy đều
22192,BLUE DINER WALL CLOCK,0,Hàng giá trị cao - ổn định
22193,RED DINER WALL CLOCK,0,Hàng giá trị cao - ổn định
22194,BLACK DINER WALL CLOCK,0,Hàng giá trị cao - ổn định
22195,LARGE HEART MEASURING SPOONS,3,Hàng chủ lực - bán chạy đều
22196,SMALL HEART MEASURING SPOONS,3,Hàng chủ lực - bán chạy đều
22197,SMALL POPCORN HOLDER,3,Hàng chủ lực - bán chạy đều
22198,LARGE POPCORN HOLDER ,3,Hàng chủ lực - bán chạy đều
22199,FRYING PAN RED RETROSPOT,3,Hàng chủ lực - bán chạy đều
22200,FRYING PAN PINK POLKADOT,0,Hàng giá trị cao - ổn định
22201,FRYING PAN BLUE POLKADOT,0,Hàng giá trị cao - ổn định
22202,MILK PAN PINK RETROSPOT,0,Hàng giá trị cao - ổn định
22203,MILK PAN RED RETROSPOT,0,Hàng giá trị cao - ổn định
22204,MILK PAN BLUE POLKADOT,0,Hàng giá trị cao - ổn định
22206,"MUG , DOTCOMGIFTSHOP.COM ",4,Hàng bán chậm - ít khách
22207,FRYING PAN UNION FLAG,3,Hàng chủ lực - bán chạy đều
22208,WOOD STAMP SET THANK YOU,3,Hàng chủ lực - bán chạy đều
22209,WOOD STAMP SET HAPPY BIRTHDAY,0,Hàng giá trị cao - ổn định
22210,WOOD STAMP SET BEST WISHES,3,Hàng chủ lực - bán chạy đều
22211,WOOD STAMP SET FLOWERS,3,Hàng chủ lực - bán chạy đều
22212,FOUR HOOK  WHITE LOVEBIRDS,3,Hàng chủ lực - bán chạy đều
22214,CANDLE PLATE LACE WHITE,0,Hàng giá trị cao - ổn định
22215,CAKE STAND WHITE TWO TIER LACE,0,Hàng giá trị cao - ổn định
22216,T-LIGHT HOLDER WHITE LACE,1,Hàng giá rẻ - số lượng lớn
22217,T-LIGHT HOLDER HANGING LACE,3,Hàng chủ lực - bán chạy đều
22218,CAKE STAND LACE WHITE,0,Hàng giá trị cao - ổn định
22219,LOVEBIRD HANGING DECORATION WHITE ,3,Hàng chủ lực - bán chạy đều
22220,CAKE STAND LOVEBIRD 2 TIER WHITE,0,Hàng giá trị cao - ổn định
22221,CAKE STAND LOVEBIRD 2 TIER PINK,0,Hàng giá trị cao - ổn định
22222,CAKE PLATE LOVEBIRD WHITE,0,Hàng giá trị cao - ổn định
22223,CAKE PLATE LOVEBIRD PINK,0,Hàng giá trị cao - ổn định
22224,WHITE LOVEBIRD LANTERN,3,Hàng chủ lực - bán chạy đều
22227,HANGING HEART MIRROR DECORATION ,3,Hàng chủ lực - bán chạy đều
22228,BUNNY WOODEN PAINTED WITH BIRD ,3,Hàng chủ lực - bán chạy đều
22229,BUNNY WOODEN PAINTED WITH FLOWER ,0,Hàng giá trị cao - ổn định
22230,JIGSAW TREE WITH WATERING CAN,3,Hàng chủ lực - bán chạy đều
22231,JIGSAW TREE WITH BIRDHOUSE,3,Hàng chủ lực - bán chạy đều
22232,JIGSAW TOADSTOOLS 3 PIECE,0,Hàng giá trị cao - ổn định
22233,JIGSAW RABBIT AND BIRDHOUSE,0,Hàng giá trị cao - ổn định
22236,CAKE STAND 3 TIER MAGIC GARDEN,0,Hàng giá trị cao - ổn định
22241,GARLAND WOODEN HAPPY EASTER,3,Hàng chủ lực - bán chạy đều
22242,"HOOK, 5 HANGER , MAGIC TOADSTOOL",3,Hàng chủ lực - bán chạy đều
22243,5 HOOK HANGER RED MAGIC TOADSTOOL,3,Hàng chủ lực - bán chạy đều
22244,3 HOOK HANGER MAGIC GARDEN,3,Hàng chủ lực - bán chạy đều
22245,"HOOK, 1 HANGER ,MAGIC GARDEN",3,Hàng chủ lực - bán chạy đều
22246,"GARLAND, MAGIC GARDEN 1.8M",0,Hàng giá trị cao - ổn định
22247,BUNNY DECORATION MAGIC GARDEN,0,Hàng giá trị cao - ổn định
22248,DECORATION  PINK CHICK MAGIC GARDEN,0,Hàng giá trị cao - ổn định
22249,DECORATION WHITE CHICK MAGIC GARDEN,3,Hàng chủ lực - bán chạy đều
22250,DECORATION  BUTTERFLY  MAGIC GARDEN,3,Hàng chủ lực - bán chạy đều
22251,BIRDHOUSE DECORATION MAGIC GARDEN,3,Hàng chủ lực - bán chạy đều
22252,BIRDCAGE DECORATION TEALIGHT HOLDER,1,Hàng giá rẻ - số lượng lớn
22253,6 CROCHET STRAWBERRIES,1,Hàng giá rẻ - số lượng lớn
22254,FELT TOADSTOOL LARGE,1,Hàng giá rẻ - số lượng lớn
22255,FELT TOADSTOOL  SMALL,1,Hàng giá rẻ - số lượng lớn
22256,FELT FARM ANIMAL CHICKEN,1,Hàng giá rẻ - số lượng lớn
22257,FELT FARM ANIMAL SHEEP,1,Hàng giá rẻ - số lượng lớn
22258,FELT FARM ANIMAL RABBIT,1,Hàng giá rẻ - số lượng lớn
22259,FELT FARM ANIMAL HEN,1,Hàng giá rẻ - số lượng lớn
22260,FELT EGG COSY BLUE RABBIT ,3,Hàng chủ lực - bán chạy đều
22261,FELT EGG COSY WHITE RABBIT ,3,Hàng chủ lực - bán chạy đều
22262,FELT EGG COSY CHICKEN,3,Hàng chủ lực - bán chạy đều
22263,FELT EGG COSY LADYBIRD ,1,Hàng giá rẻ - số lượng lớn
22264,FELT FARM ANIMAL WHITE BUNNY ,1,Hàng giá rẻ - số lượng lớn
22265,EASTER DECORATION NATURAL CHICK,1,Hàng giá rẻ - số lượng lớn
22266,EASTER DECORATION HANGING BUNNY,1,Hàng giá rẻ - số lượng lớn
22267,EASTER DECORATION EGG BUNNY ,1,Hàng giá rẻ - số lượng lớn
22268,EASTER DECORATION SITTING BUNNY,3,Hàng chủ lực - bán chạy đều
22269,EGG CUP NATURAL CHICKEN,3,Hàng chủ lực - bán chạy đều
22270,HAPPY EASTER HANGING DECORATION,0,Hàng giá trị cao - ổn định
22271,FELTCRAFT DOLL ROSIE,3,Hàng chủ lực - bán chạy đều
22272,FELTCRAFT DOLL MARIA,0,Hàng giá trị cao - ổn định
22273,FELTCRAFT DOLL MOLLY,3,Hàng chủ lực - bán chạy đều
22274,FELTCRAFT DOLL EMILY,3,Hàng chủ lực - bán chạy đều
22275,WEEKEND BAG VINTAGE ROSE PAISLEY,0,Hàng giá trị cao - ổn định
22276,WASH BAG VINTAGE ROSE PAISLEY,3,Hàng chủ lực - bán chạy đều
22277,COSMETIC BAG VINTAGE ROSE PAISLEY,3,Hàng chủ lực - bán chạy đều
22278,OVERNIGHT BAG VINTAGE ROSE PAISLEY,0,Hàng giá trị cao - ổn định
22279,POCKET BAG BLUE PAISLEY RED SPOT,3,Hàng chủ lực - bán chạy đều
22280,POCKET BAG PINK PAISELY BROWN SPOT,0,Hàng giá trị cao - ổn định
22281,EASTER TREE YELLOW BIRDS,0,Hàng giá trị cao - ổn định
22282,12 EGG HOUSE PAINTED WOOD,0,Hàng giá trị cao - ổn định
22283,6 EGG HOUSE PAINTED WOOD,0,Hàng giá trị cao - ổn định
22284,HEN HOUSE DECORATION,3,Hàng chủ lực - bán chạy đều
22285,"DECORATION HEN ON NEST, HANGING",3,Hàng chủ lực - bán chạy đều
22286,"DECORATION , WOBBLY RABBIT , METAL ",3,Hàng chủ lực - bán chạy đều
22287,"DECORATION , WOBBLY CHICKEN, METAL ",1,Hàng giá rẻ - số lượng lớn
22288,HANGING METAL RABBIT DECORATION,1,Hàng giá rẻ - số lượng lớn
22289,"DECORATION , HANGING METAL CHICKEN",1,Hàng giá rẻ - số lượng lớn
22290,STANDING METAL RABBIT WITH EGG,1,Hàng giá rẻ - số lượng lớn
22291,"SPRING DEC , HANGING CHICK CREAM",3,Hàng chủ lực - bán chạy đều
22292,HANGING CHICK  YELLOW DECORATION,3,Hàng chủ lực - bán chạy đều
22293,HANGING CHICK GREEN DECORATION,3,Hàng chủ lực - bán chạy đều
22294,HEART FILIGREE DOVE  SMALL,3,Hàng chủ lực - bán chạy đều
22295,HEART FILIGREE DOVE LARGE,3,Hàng chủ lực - bán chạy đều
22296,HEART IVORY TRELLIS LARGE,3,Hàng chủ lực - bán chạy đều
22297,HEART IVORY TRELLIS SMALL,3,Hàng chủ lực - bán chạy đều
22299,PIG KEYRING WITH LIGHT & SOUND ,3,Hàng chủ lực - bán chạy đều
22300,COFFEE MUG DOG + BALL DESIGN,3,Hàng chủ lực - bán chạy đều
22301,COFFEE MUG CAT + BIRD DESIGN,3,Hàng chủ lực - bán chạy đều
22302,COFFEE MUG PEARS  DESIGN,3,Hàng chủ lực - bán chạy đều
22303,COFFEE MUG APPLES DESIGN,3,Hàng chủ lực - bán chạy đều
22304,COFFEE MUG BLUE PAISLEY DESIGN,3,Hàng chủ lực - bán chạy đều
22305,COFFEE MUG PINK PAISLEY DESIGN,3,Hàng chủ lực - bán chạy đều
22306,SILVER MUG BONE CHINA TREE OF LIFE,3,Hàng chủ lực - bán chạy đều
22307,GOLD MUG BONE CHINA TREE OF LIFE,0,Hàng giá trị cao - ổn định
22308,TEA COSY BLUE STRIPE,0,Hàng giá trị cao - ổn định
22309,TEA COSY RED  STRIPE,0,Hàng giá trị cao - ổn định
22310,IVORY KNITTED MUG COSY ,3,Hàng chủ lực - bán chạy đều
22311,OFFICE MUG WARMER BLACK+SILVER ,3,Hàng chủ lực - bán chạy đều
22312,OFFICE MUG WARMER POLKADOT,0,Hàng giá trị cao - ổn định
22313,OFFICE MUG WARMER PINK,0,Hàng giá trị cao - ổn định
22314,OFFICE MUG WARMER CHOC+BLUE,0,Hàng giá trị cao - ổn định
22315,200 RED + WHITE BENDY STRAWS,3,Hàng chủ lực - bán chạy đều
22316,200 BENDY SKULL STRAWS,1,Hàng giá rẻ - số lượng lớn
22317,FIVE CATS HANGING DECORATION,0,Hàng giá trị cao - ổn định
22318,FIVE HEART HANGING DECORATION,0,Hàng giá trị cao - ổn định
22319,HAIRCLIPS FORTIES FABRIC ASSORTED,1,Hàng giá rẻ - số lượng lớn
22320,BIRDS MOBILE VINTAGE DESIGN,0,Hàng giá trị cao - ổn định
22321,BIRD DECORATION RED RETROSPOT,3,Hàng chủ lực - bán chạy đều
22322,BIRD DECORATION GREEN POLKADOT,3,Hàng chủ lực - bán chạy đều
22323,PINK POLKADOT KIDS BAG,0,Hàng giá trị cao - ổn định
22324,BLUE POLKADOT KIDS BAG,0,Hàng giá trị cao - ổn định
22325,MOBILE VINTAGE HEARTS ,0,Hàng giá trị cao - ổn định
22326,ROUND SNACK BOXES SET OF4 WOODLAND ,3,Hàng chủ lực - bán chạy đều
22327,ROUND SNACK BOXES SET OF 4 SKULLS,3,Hàng chủ lực - bán chạy đều
22328,ROUND SNACK BOXES SET OF 4 FRUITS ,3,Hàng chủ lực - bán chạy đều
22329,ROUND CONTAINER SET OF 5 RETROSPOT,3,Hàng chủ lực - bán chạy đều
22330,72 ROUND PINK DOILIES,4,Hàng bán chậm - ít khách
22331,WOODLAND PARTY BAG + STICKER SET,3,Hàng chủ lực - bán chạy đều
22332,SKULLS PARTY BAG + STICKER SET,3,Hàng chủ lực - bán chạy đều
22333,RETROSPOT PARTY BAG + STICKER SET,3,Hàng chủ lực - bán chạy đều
22334,DINOSAUR PARTY BAG + STICKER SET,3,Hàng chủ lực - bán chạy đều
22335,HEART DECORATION PAINTED ZINC ,3,Hàng chủ lực - bán chạy đều
22336,DOVE DECORATION PAINTED ZINC ,3,Hàng chủ lực - bán chạy đều
22337,ANGEL DECORATION PAINTED ZINC ,1,Hàng giá rẻ - số lượng lớn
22338,STAR DECORATION PAINTED ZINC ,3,Hàng chủ lực - bán chạy đều
22339,CHRISTMAS TREE PAINTED ZINC ,1,Hàng giá rẻ - số lượng lớn
22340,NOEL GARLAND PAINTED ZINC ,3,Hàng chủ lực - bán chạy đều
22341,LOVE GARLAND PAINTED ZINC ,3,Hàng chủ lực - bán chạy đều
22342,HOME GARLAND PAINTED ZINC ,3,Hàng chủ lực - bán chạy đều
22343,PARTY PIZZA DISH RED RETROSPOT,3,Hàng chủ lực - bán chạy đều
22344,PARTY PIZZA DISH PINK POLKADOT,1,Hàng giá rẻ - số lượng lớn
22345,PARTY PIZZA DISH BLUE POLKADOT,1,Hàng giá rẻ - số lượng lớn
22346,PARTY PIZZA DISH GREEN POLKADOT,1,Hàng giá rẻ - số lượng lớn
22347,PIZZA SLICE DISH,1,Hàng giá rẻ - số lượng lớn
22348,TEA BAG PLATE RED RETROSPOT,3,Hàng chủ lực - bán chạy đều
22349,DOG BOWL CHASING BALL DESIGN,3,Hàng chủ lực - bán chạy đều
22350,ILLUSTRATED CAT BOWL ,3,Hàng chủ lực - bán chạy đều
22352,LUNCH BOX WITH CUTLERY RETROSPOT ,3,Hàng chủ lực - bán chạy đều
22353,LUNCH BOX WITH CUTLERY FAIRY CAKES ,3,Hàng chủ lực - bán chạy đều
22354,RETROSPOT PADDED SEAT CUSHION,3,Hàng chủ lực - bán chạy đều
22355,CHARLOTTE BAG SUKI DESIGN,3,Hàng chủ lực - bán chạy đều
22356,CHARLOTTE BAG PINK POLKADOT,3,Hàng chủ lực - bán chạy đều
22357,KINGS CHOICE BISCUIT TIN,3,Hàng chủ lực - bán chạy đều
22358,KINGS CHOICE TEA CADDY ,3,Hàng chủ lực - bán chạy đều
22359,GLASS JAR KINGS CHOICE,3,Hàng chủ lực - bán chạy đều
22360,GLASS JAR ENGLISH CONFECTIONERY,3,Hàng chủ lực - bán chạy đều
22361,GLASS JAR DAISY FRESH COTTON WOOL,3,Hàng chủ lực - bán chạy đều
22362,GLASS JAR PEACOCK BATH SALTS,0,Hàng giá trị cao - ổn định
22363,GLASS JAR MARMALADE ,0,Hàng giá trị cao - ổn định
22364,GLASS JAR DIGESTIVE BISCUITS,3,Hàng chủ lực - bán chạy đều
22365,DOORMAT RESPECTABLE HOUSE,3,Hàng chủ lực - bán chạy đều
22366,DOORMAT AIRMAIL ,3,Hàng chủ lực - bán chạy đều
22367,CHILDRENS APRON SPACEBOY DESIGN,3,Hàng chủ lực - bán chạy đều
22371,AIRLINE BAG VINTAGE TOKYO 78,0,Hàng giá trị cao - ổn định
22372,AIRLINE BAG VINTAGE WORLD CHAMPION ,0,Hàng giá trị cao - ổn định
22374,AIRLINE BAG VINTAGE JET SET RED,0,Hàng giá trị cao - ổn định
22375,AIRLINE BAG VINTAGE JET SET BROWN,0,Hàng giá trị cao - ổn định
22376,AIRLINE BAG VINTAGE JET SET WHITE,0,Hàng giá trị cao - ổn định
22377,BOTTLE BAG RETROSPOT ,3,Hàng chủ lực - bán chạy đều
22378,WALL TIDY RETROSPOT ,3,Hàng chủ lực - bán chạy đều
22379,RECYCLING BAG RETROSPOT ,3,Hàng chủ lực - bán chạy đều
22380,TOY TIDY SPACEBOY  ,3,Hàng chủ lực - bán chạy đều
22381,TOY TIDY PINK POLKADOT,3,Hàng chủ lực - bán chạy đều
22382,LUNCH BAG SPACEBOY DESIGN ,3,Hàng chủ lực - bán chạy đều
22383,LUNCH BAG SUKI  DESIGN ,3,Hàng chủ lực - bán chạy đều
22384,LUNCH BAG PINK POLKADOT,3,Hàng chủ lực - bán chạy đều
22385,JUMBO BAG SPACEBOY DESIGN,3,Hàng chủ lực - bán chạy đều
22386,JUMBO BAG PINK POLKADOT,3,Hàng chủ lực - bán chạy đều
22389,PAPERWEIGHT SAVE THE PLANET,0,Hàng giá trị cao - ổn định
22390,PAPERWEIGHT CHILDHOOD MEMORIES,1,Hàng giá rẻ - số lượng lớn
22391,PAPERWEIGHT HOME SWEET HOME,0,Hàng giá trị cao - ổn định
22393,PAPERWEIGHT VINTAGE COLLAGE,0,Hàng giá trị cao - ổn định
22394,PAPERWEIGHT KINGS CHOICE ,0,Hàng giá trị cao - ổn định
22395,PAPERWEIGHT VINTAGE PAISLEY,0,Hàng giá trị cao - ổn định
22396,MAGNETS PACK OF 4 RETRO PHOTO,1,Hàng giá rẻ - số lượng lớn
22398,MAGNETS PACK OF 4 SWALLOWS,3,Hàng chủ lực - bán chạy đều
22399,MAGNETS PACK OF 4 CHILDHOOD MEMORY,3,Hàng chủ lực - bán chạy đều
22400,MAGNETS PACK OF 4 HOME SWEET HOME,3,Hàng chủ lực - bán chạy đều
22402,MAGNETS PACK OF 4 VINTAGE COLLAGE,3,Hàng chủ lực - bán chạy đều
22403,MAGNETS PACK OF 4 VINTAGE LABELS ,3,Hàng chủ lực - bán chạy đều
22405,MONEY BOX POCKET MONEY DESIGN,3,Hàng chủ lực - bán chạy đều
22406,MONEY BOX KINGS CHOICE DESIGN,3,Hàng chủ lực - bán chạy đều
22407,MONEY BOX FIRST ADE DESIGN,1,Hàng giá rẻ - số lượng lớn
22408,MONEY BOX CONFECTIONERY DESIGN,0,Hàng giá trị cao - ổn định
22409,MONEY BOX BISCUITS DESIGN,1,Hàng giá rẻ - số lượng lớn
22410,MONEY BOX HOUSEKEEPING DESIGN,0,Hàng giá trị cao - ổn định
22411,JUMBO SHOPPER VINTAGE RED PAISLEY,3,Hàng chủ lực - bán chạy đều
22412,METAL SIGN NEIGHBOURHOOD WITCH ,3,Hàng chủ lực - bán chạy đều
22413,METAL SIGN TAKE IT OR LEAVE IT ,3,Hàng chủ lực - bán chạy đều
22414,DOORMAT NEIGHBOURHOOD WITCH ,0,Hàng giá trị cao - ổn định
22415,WHITE TISSUE REAM,0,Hàng giá trị cao - ổn định
22416,SET OF 36 DOILIES SPACEBOY DESIGN ,3,Hàng chủ lực - bán chạy đều
22417,PACK OF 60 SPACEBOY CAKE CASES,3,Hàng chủ lực - bán chạy đều
22418,10 COLOUR SPACEBOY PEN,3,Hàng chủ lực - bán chạy đều
22419,LIPSTICK PEN RED,3,Hàng chủ lực - bán chạy đều
22420,LIPSTICK PEN BABY PINK,3,Hàng chủ lực - bán chạy đều
22421,LIPSTICK PEN FUSCHIA,3,Hàng chủ lực - bán chạy đều
22422,TOOTHPASTE TUBE PEN,3,Hàng chủ lực - bán chạy đều
22423,REGENCY CAKESTAND 3 TIER,3,Hàng chủ lực - bán chạy đều
22424,ENAMEL BREAD BIN CREAM,0,Hàng giá trị cao - ổn định
22425,ENAMEL COLANDER CREAM,0,Hàng giá trị cao - ổn định
22426,ENAMEL WASH BOWL CREAM,0,Hàng giá trị cao - ổn định
22427,ENAMEL FLOWER JUG CREAM,3,Hàng chủ lực - bán chạy đều
22428,ENAMEL FIRE BUCKET CREAM,0,Hàng giá trị cao - ổn định
22429,ENAMEL MEASURING JUG CREAM,3,Hàng chủ lực - bán chạy đều
22430,ENAMEL WATERING CAN CREAM,0,Hàng giá trị cao - ổn định
22431,WATERING CAN BLUE ELEPHANT,3,Hàng chủ lực - bán chạy đều
22432,WATERING CAN PINK BUNNY,3,Hàng chủ lực - bán chạy đều
22433,WATERING CAN GREEN DINOSAUR,3,Hàng chủ lực - bán chạy đều
22434,BALLOON PUMP WITH 10 BALLOONS,3,Hàng chủ lực - bán chạy đều
22435,SET OF 9 HEART SHAPED BALLOONS,3,Hàng chủ lực - bán chạy đều
22436,12 COLOURED PARTY BALLOONS,3,Hàng chủ lực - bán chạy đều
22437,SET OF 9 BLACK SKULL BALLOONS,3,Hàng chủ lực - bán chạy đều
22438,BALLOON ART MAKE YOUR OWN FLOWERS,3,Hàng chủ lực - bán chạy đều
22439,6 ROCKET BALLOONS ,3,Hàng chủ lực - bán chạy đều
22440,BALLOON WATER BOMB PACK OF 35,3,Hàng chủ lực - bán chạy đều
22441,GROW YOUR OWN BASIL IN ENAMEL MUG,3,Hàng chủ lực - bán chạy đều
22442,GROW YOUR OWN FLOWERS SET OF 3,0,Hàng giá trị cao - ổn định
22443,GROW YOUR OWN HERBS SET OF 3,0,Hàng giá trị cao - ổn định
22444,GROW YOUR OWN PLANT IN A CAN ,3,Hàng chủ lực - bán chạy đều
22445,PENCIL CASE LIFE IS BEAUTIFUL,0,Hàng giá trị cao - ổn định
22446,PIN CUSHION BABUSHKA PINK,0,Hàng giá trị cao - ổn định
22447,PIN CUSHION BABUSHKA BLUE,0,Hàng giá trị cao - ổn định
22448,PIN CUSHION BABUSHKA RED,0,Hàng giá trị cao - ổn định
22449,SILK PURSE BABUSHKA PINK,0,Hàng giá trị cao - ổn định
22450,SILK PURSE BABUSHKA BLUE,0,Hàng giá trị cao - ổn định
22451,SILK PURSE BABUSHKA RED,0,Hàng giá trị cao - ổn định
22452,MEASURING TAPE BABUSHKA PINK,0,Hàng giá trị cao - ổn định
22453,MEASURING TAPE BABUSHKA BLUE,0,Hàng giá trị cao - ổn định
22454,MEASURING TAPE BABUSHKA RED,3,Hàng chủ lực - bán chạy đều
22456,NATURAL SLATE CHALKBOARD LARGE ,3,Hàng chủ lực - bán chạy đều
22457,NATURAL SLATE HEART CHALKBOARD ,3,Hàng chủ lực - bán chạy đều
22458,CAST IRON HOOK GARDEN FORK,3,Hàng chủ lực - bán chạy đều
22459,CAST IRON HOOK GARDEN TROWEL,3,Hàng chủ lực - bán chạy đều
22460,EMBOSSED GLASS TEALIGHT HOLDER,3,Hàng chủ lực - bán chạy đều
22461,SAVOY ART DECO CLOCK,0,Hàng giá trị cao - ổn định
22464,HANGING METAL HEART LANTERN,3,Hàng chủ lực - bán chạy đều
22465,HANGING METAL STAR LANTERN,3,Hàng chủ lực - bán chạy đều
22466,FAIRY TALE COTTAGE NIGHTLIGHT,3,Hàng chủ lực - bán chạy đều
22467,GUMBALL COAT RACK,3,Hàng chủ lực - bán chạy đều
22468,BABUSHKA LIGHTS STRING OF 10,0,Hàng giá trị cao - ổn định
22469,HEART OF WICKER SMALL,3,Hàng chủ lực - bán chạy đều
22470,HEART OF WICKER LARGE,3,Hàng chủ lực - bán chạy đều
22471,TV DINNER TRAY AIR HOSTESS ,0,Hàng giá trị cao - ổn định
22472,TV DINNER TRAY DOLLY GIRL,0,Hàng giá trị cao - ổn định
22473,TV DINNER TRAY VINTAGE PAISLEY,0,Hàng giá trị cao - ổn định
22474,SPACEBOY TV DINNER TRAY,0,Hàng giá trị cao - ổn định
22475,SKULL DESIGN TV DINNER TRAY,0,Hàng giá trị cao - ổn định
22476,EMPIRE UNION JACK TV DINNER TRAY,0,Hàng giá trị cao - ổn định
22477,WATERING CAN GARDEN MARKER,3,Hàng chủ lực - bán chạy đều
22478,BIRDHOUSE GARDEN MARKER ,3,Hàng chủ lực - bán chạy đều
22479,DAISY GARDEN MARKER,3,Hàng chủ lực - bán chạy đều
22480,RED TEA TOWEL CLASSIC DESIGN,3,Hàng chủ lực - bán chạy đều
22481,BLACK TEA TOWEL CLASSIC DESIGN,0,Hàng giá trị cao - ổn định
22482,BLUE TEA TOWEL CLASSIC DESIGN,3,Hàng chủ lực - bán chạy đều
22483,RED GINGHAM TEDDY BEAR ,3,Hàng chủ lực - bán chạy đều
22485,SET OF 2 WOODEN MARKET CRATES,0,Hàng giá trị cao - ổn định
22486,PLASMATRONIC LAMP,4,Hàng bán chậm - ít khách
22487,WHITE WOOD GARDEN PLANT LADDER,0,Hàng giá trị cao - ổn định
22488,NATURAL SLATE RECTANGLE CHALKBOARD,3,Hàng chủ lực - bán chạy đều
22489,PACK OF 12 TRADITIONAL CRAYONS,3,Hàng chủ lực - bán chạy đều
22491,PACK OF 12 COLOURED PENCILS,3,Hàng chủ lực - bán chạy đều
22492,MINI PAINT SET VINTAGE ,3,Hàng chủ lực - bán chạy đều
22493,PAINT YOUR OWN CANVAS SET,3,Hàng chủ lực - bán chạy đều
22494,EMERGENCY FIRST AID TIN ,3,Hàng chủ lực - bán chạy đều
22495,SET OF 2 ROUND TINS CAMEMBERT ,0,Hàng giá trị cao - ổn định
22496,SET OF 2 ROUND TINS DUTCH CHEESE,0,Hàng giá trị cao - ổn định
22497,SET OF 2 TINS VINTAGE BATHROOM ,0,Hàng giá trị cao - ổn định
22498,WOODEN REGATTA BUNTING,0,Hàng giá trị cao - ổn định
22499,WOODEN UNION JACK BUNTING,3,Hàng chủ lực - bán chạy đều
22500,SET OF 2 TINS JARDIN DE PROVENCE,0,Hàng giá trị cao - ổn định
22501,PICNIC BASKET WICKER LARGE,3,Hàng chủ lực - bán chạy đều
22502,PICNIC BASKET WICKER SMALL,3,Hàng chủ lực - bán chạy đều
22503,CABIN BAG VINTAGE PAISLEY,0,Hàng giá trị cao - ổn định
22504,CABIN BAG VINTAGE RETROSPOT,0,Hàng giá trị cao - ổn định
22505,MEMO BOARD COTTAGE DESIGN,3,Hàng chủ lực - bán chạy đều
22507,MEMO BOARD RETROSPOT  DESIGN,3,Hàng chủ lực - bán chạy đều
22508,DOORSTOP RETROSPOT HEART,3,Hàng chủ lực - bán chạy đều
22509,SEWING BOX RETROSPOT DESIGN ,0,Hàng giá trị cao - ổn định
22510,GINGHAM BABUSHKA DOORSTOP,0,Hàng giá trị cao - ổn định
22511,RETROSPOT BABUSHKA DOORSTOP,0,Hàng giá trị cao - ổn định
22512,DOORSTOP RACING CAR DESIGN,0,Hàng giá trị cao - ổn định
22513,DOORSTOP FOOTBALL DESIGN,0,Hàng giá trị cao - ổn định
22514,CHILDS GARDEN SPADE BLUE,0,Hàng giá trị cao - ổn định
22515,CHILDS GARDEN SPADE PINK,0,Hàng giá trị cao - ổn định
22516,CHILDS GARDEN RAKE BLUE,0,Hàng giá trị cao - ổn định
22517,CHILDS GARDEN RAKE PINK,0,Hàng giá trị cao - ổn định
22518,CHILDS GARDEN BRUSH BLUE,0,Hàng giá trị cao - ổn định
22519,CHILDS GARDEN BRUSH PINK,3,Hàng chủ lực - bán chạy đều
22520,CHILDS GARDEN TROWEL BLUE ,3,Hàng chủ lực - bán chạy đều
22521,CHILDS GARDEN TROWEL PINK,3,Hàng chủ lực - bán chạy đều
22522,CHILDS GARDEN FORK BLUE ,3,Hàng chủ lực - bán chạy đều
22523,CHILDS GARDEN FORK PINK,3,Hàng chủ lực - bán chạy đều
22524,CHILDRENS GARDEN GLOVES BLUE,3,Hàng chủ lực - bán chạy đều
22525,CHILDRENS GARDEN GLOVES PINK,3,Hàng chủ lực - bán chạy đều
22526,WHEELBARROW FOR CHILDREN ,0,Hàng giá trị cao - ổn định
22528,GARDENERS KNEELING PAD,3,Hàng chủ lực - bán chạy đều
22529,MAGIC DRAWING SLATE GO TO THE FAIR ,1,Hàng giá rẻ - số lượng lớn
22530,MAGIC DRAWING SLATE DOLLY GIRL ,3,Hàng chủ lực - bán chạy đều
22531,MAGIC DRAWING SLATE CIRCUS PARADE  ,3,Hàng chủ lực - bán chạy đều
22532,MAGIC DRAWING SLATE LEAP FROG ,1,Hàng giá rẻ - số lượng lớn
22533,MAGIC DRAWING SLATE BAKE A CAKE ,3,Hàng chủ lực - bán chạy đều
22534,MAGIC DRAWING SLATE SPACEBOY ,3,Hàng chủ lực - bán chạy đều
22535,MAGIC DRAWING SLATE BUNNIES ,3,Hàng chủ lực - bán chạy đều
22536,MAGIC DRAWING SLATE PURDEY,3,Hàng chủ lực - bán chạy đều
22537,MAGIC DRAWING SLATE DINOSAUR,3,Hàng chủ lực - bán chạy đều
22538,MINI JIGSAW GO TO THE FAIR,1,Hàng giá rẻ - số lượng lớn
22539,MINI JIGSAW DOLLY GIRL,3,Hàng chủ lực - bán chạy đều
22540,MINI JIGSAW CIRCUS PARADE ,1,Hàng giá rẻ - số lượng lớn
22541,MINI JIGSAW LEAP FROG,1,Hàng giá rẻ - số lượng lớn
22543,MINI JIGSAW BAKE A CAKE ,1,Hàng giá rẻ - số lượng lớn
22544,MINI JIGSAW SPACEBOY,3,Hàng chủ lực - bán chạy đều
22545,MINI JIGSAW BUNNIES,1,Hàng giá rẻ - số lượng lớn
22546,MINI JIGSAW PURDEY,1,Hàng giá rẻ - số lượng lớn
22547,MINI JIGSAW DINOSAUR ,1,Hàng giá rẻ - số lượng lớn
22548,HEADS AND TAILS SPORTING FUN,3,Hàng chủ lực - bán chạy đều
22549,PICTURE DOMINOES,3,Hàng chủ lực - bán chạy đều
22550,HOLIDAY FUN LUDO,3,Hàng chủ lực - bán chạy đều
22551,PLASTERS IN TIN SPACEBOY,3,Hàng chủ lực - bán chạy đều
22553,PLASTERS IN TIN SKULLS,3,Hàng chủ lực - bán chạy đều
22554,PLASTERS IN TIN WOODLAND ANIMALS,3,Hàng chủ lực - bán chạy đều
22555,PLASTERS IN TIN STRONGMAN,3,Hàng chủ lực - bán chạy đều
22556,PLASTERS IN TIN CIRCUS PARADE ,3,Hàng chủ lực - bán chạy đều
22557,PLASTERS IN TIN VINTAGE PAISLEY ,3,Hàng chủ lực - bán chạy đều
22558,CLOTHES PEGS RETROSPOT PACK 24 ,3,Hàng chủ lực - bán chạy đều
22559,SEASIDE FLYING DISC,3,Hàng chủ lực - bán chạy đều
22560,TRADITIONAL MODELLING CLAY,3,Hàng chủ lực - bán chạy đều
22561,WOODEN SCHOOL COLOURING SET,3,Hàng chủ lực - bán chạy đều
22562,MONSTERS STENCIL CRAFT,3,Hàng chủ lực - bán chạy đều
22563,HAPPY STENCIL CRAFT,3,Hàng chủ lực - bán chạy đều
22564,ALPHABET STENCIL CRAFT,3,Hàng chủ lực - bán chạy đều
22565,FELTCRAFT HAIRBANDS PINK AND WHITE ,3,Hàng chủ lực - bán chạy đều
22566,FELTCRAFT HAIRBAND PINK AND PURPLE,3,Hàng chủ lực - bán chạy đều
22567,20 DOLLY PEGS RETROSPOT,3,Hàng chủ lực - bán chạy đều
22568,FELTCRAFT CUSHION OWL,3,Hàng chủ lực - bán chạy đều
22569,FELTCRAFT CUSHION BUTTERFLY,3,Hàng chủ lực - bán chạy đều
22570,FELTCRAFT CUSHION RABBIT,3,Hàng chủ lực - bán chạy đều
22571,ROCKING HORSE RED CHRISTMAS ,3,Hàng chủ lực - bán chạy đều
22572,ROCKING HORSE GREEN CHRISTMAS ,3,Hàng chủ lực - bán chạy đều
22573,STAR WOODEN CHRISTMAS DECORATION,3,Hàng chủ lực - bán chạy đều
22574,HEART WOODEN CHRISTMAS DECORATION,3,Hàng chủ lực - bán chạy đều
22575,METAL MERRY CHRISTMAS WREATH,3,Hàng chủ lực - bán chạy đều
22576,SWALLOW WOODEN CHRISTMAS DECORATION,3,Hàng chủ lực - bán chạy đều
22577,WOODEN HEART CHRISTMAS SCANDINAVIAN,3,Hàng chủ lực - bán chạy đều
22578,WOODEN STAR CHRISTMAS SCANDINAVIAN,3,Hàng chủ lực - bán chạy đều
22579,WOODEN TREE CHRISTMAS SCANDINAVIAN,3,Hàng chủ lực - bán chạy đều
22580,ADVENT CALENDAR GINGHAM SACK,3,Hàng chủ lực - bán chạy đều
22581,WOOD STOCKING CHRISTMAS SCANDISPOT,3,Hàng chủ lực - bán chạy đều
22582,PACK OF 6 SWEETIE GIFT BOXES,3,Hàng chủ lực - bán chạy đều
22583,PACK OF 6 HANDBAG GIFT BOXES,3,Hàng chủ lực - bán chạy đều
22584,PACK OF 6 PANNETONE GIFT BOXES,3,Hàng chủ lực - bán chạy đều
22585,PACK OF 6 BIRDY GIFT TAGS,3,Hàng chủ lực - bán chạy đều
22586,FELTCRAFT HAIRBAND PINK AND BLUE,3,Hàng chủ lực - bán chạy đều
22587,FELTCRAFT HAIRBAND RED AND BLUE,3,Hàng chủ lực - bán chạy đều
22588,CARD HOLDER GINGHAM HEART,3,Hàng chủ lực - bán chạy đều
22589,CARDHOLDER GINGHAM STAR,0,Hàng giá trị cao - ổn định
22591,CARDHOLDER GINGHAM CHRISTMAS TREE,0,Hàng giá trị cao - ổn định
22592,CARDHOLDER HOLLY WREATH METAL,3,Hàng chủ lực - bán chạy đều
22593,CHRISTMAS GINGHAM STAR,3,Hàng chủ lực - bán chạy đều
22594,CHRISTMAS GINGHAM TREE,3,Hàng chủ lực - bán chạy đều
22595,GINGHAM HEART DECORATION,3,Hàng chủ lực - bán chạy đều
22596,CHRISTMAS STAR WISH LIST CHALKBOARD,3,Hàng chủ lực - bán chạy đều
22597,MUSICAL ZINC HEART DECORATION ,3,Hàng chủ lực - bán chạy đều
22598,CHRISTMAS MUSICAL ZINC TREE,1,Hàng giá rẻ - số lượng lớn
22599,CHRISTMAS MUSICAL ZINC STAR,3,Hàng chủ lực - bán chạy đều
22600,CHRISTMAS RETROSPOT STAR WOOD,3,Hàng chủ lực - bán chạy đều
22601,CHRISTMAS RETROSPOT ANGEL WOOD,3,Hàng chủ lực - bán chạy đều
22602,CHRISTMAS RETROSPOT HEART WOOD,3,Hàng chủ lực - bán chạy đều
22603,CHRISTMAS RETROSPOT TREE WOOD,3,Hàng chủ lực - bán chạy đều
22604,SET OF 4 NAPKIN CHARMS CUTLERY,3,Hàng chủ lực - bán chạy đều
22605,WOODEN CROQUET GARDEN SET,0,Hàng giá trị cao - ổn định
22606,WOODEN SKITTLES GARDEN SET,0,Hàng giá trị cao - ổn định
22607,WOODEN ROUNDERS GARDEN SET ,3,Hàng chủ lực - bán chạy đều
22608,PENS ASSORTED FUNKY JEWELED ,1,Hàng giá rẻ - số lượng lớn
22609,PENS ASSORTED SPACEBALL,3,Hàng chủ lực - bán chạy đều
22610,PENS ASSORTED FUNNY FACE,3,Hàng chủ lực - bán chạy đều
22611,VINTAGE UNION JACK SHOPPING BAG,0,Hàng giá trị cao - ổn định
22612,TEA COSY VINTAGE UNION JACK,0,Hàng giá trị cao - ổn định
22613,PACK OF 20 SPACEBOY NAPKINS,3,Hàng chủ lực - bán chạy đều
22614,PACK OF 12 SPACEBOY TISSUES,3,Hàng chủ lực - bán chạy đều
22615,PACK OF 12 CIRCUS PARADE TISSUES ,1,Hàng giá rẻ - số lượng lớn
22616,PACK OF 12 LONDON TISSUES ,3,Hàng chủ lực - bán chạy đều
22617,BAKING SET SPACEBOY DESIGN,3,Hàng chủ lực - bán chạy đều
22618,COOKING SET RETROSPOT,0,Hàng giá trị cao - ổn định
22619,SET OF 6 SOLDIER SKITTLES,3,Hàng chủ lực - bán chạy đều
22620,4 TRADITIONAL SPINNING TOPS,3,Hàng chủ lực - bán chạy đều
22621,TRADITIONAL KNITTING NANCY,3,Hàng chủ lực - bán chạy đều
22622,BOX OF VINTAGE ALPHABET BLOCKS,3,Hàng chủ lực - bán chạy đều
22623,BOX OF VINTAGE JIGSAW BLOCKS ,3,Hàng chủ lực - bán chạy đều
22624,IVORY KITCHEN SCALES,3,Hàng chủ lực - bán chạy đều
22625,RED KITCHEN SCALES,3,Hàng chủ lực - bán chạy đều
22626,BLACK KITCHEN SCALES,0,Hàng giá trị cao - ổn định
22627,MINT KITCHEN SCALES,0,Hàng giá trị cao - ổn định
22628,PICNIC BOXES SET OF 3 RETROSPOT ,3,Hàng chủ lực - bán chạy đều
22629,SPACEBOY LUNCH BOX ,3,Hàng chủ lực - bán chạy đều
22630,DOLLY GIRL LUNCH BOX,3,Hàng chủ lực - bán chạy đều
22631,CIRCUS PARADE LUNCH BOX ,3,Hàng chủ lực - bán chạy đều
22632,HAND WARMER RED RETROSPOT,3,Hàng chủ lực - bán chạy đều
22633,HAND WARMER UNION JACK,3,Hàng chủ lực - bán chạy đều
22634,CHILDS BREAKFAST SET SPACEBOY ,0,Hàng giá trị cao - ổn định
22635,CHILDS BREAKFAST SET DOLLY GIRL ,0,Hàng giá trị cao - ổn định
22636,CHILDS BREAKFAST SET CIRCUS PARADE,0,Hàng giá trị cao - ổn định
22637,PIGGY BANK RETROSPOT ,3,Hàng chủ lực - bán chạy đều
22638,SET OF 4 NAPKIN CHARMS CROWNS ,0,Hàng giá trị cao - ổn định
22639,SET OF 4 NAPKIN CHARMS HEARTS,0,Hàng giá trị cao - ổn định
22640,SET OF 4 NAPKIN CHARMS 3 KEYS ,0,Hàng giá trị cao - ổn định
22641,SET OF 4 NAPKIN CHARMS INSTRUMENT,0,Hàng giá trị cao - ổn định
22642,SET OF 4 NAPKIN CHARMS STARS   ,0,Hàng giá trị cao - ổn định
22643,SET OF 4 NAPKIN CHARMS LEAVES   ,0,Hàng giá trị cao - ổn định
22644,CERAMIC CHERRY CAKE MONEY BANK,3,Hàng chủ lực - bán chạy đều
22645,CERAMIC HEART FAIRY CAKE MONEY BANK,3,Hàng chủ lực - bán chạy đều
22646,CERAMIC STRAWBERRY CAKE MONEY BANK,3,Hàng chủ lực - bán chạy đều
22647,CERAMIC LOVE HEART MONEY BANK,1,Hàng giá rẻ - số lượng lớn
22649,STRAWBERRY FAIRY CAKE TEAPOT,3,Hàng chủ lực - bán chạy đều
22650,CERAMIC PIRATE CHEST MONEY BANK,3,Hàng chủ lực - bán chạy đều
22651,GENTLEMAN SHIRT REPAIR KIT ,3,Hàng chủ lực - bán chạy đều
22652,TRAVEL SEWING KIT,3,Hàng chủ lực - bán chạy đều
22653,BUTTON BOX ,3,Hàng chủ lực - bán chạy đều
22654,DELUXE SEWING KIT ,3,Hàng chủ lực - bán chạy đều
22655,VINTAGE RED KITCHEN CABINET,0,Hàng giá trị cao - ổn định
22656,VINTAGE BLUE KITCHEN CABINET,0,Hàng giá trị cao - ổn định
22657,HEN & 2 CHICKS IN BASKET,4,Hàng bán chậm - ít khách
22659,LUNCH BOX I LOVE LONDON,3,Hàng chủ lực - bán chạy đều
22660,DOORMAT I LOVE LONDON,0,Hàng giá trị cao - ổn định
22661,CHARLOTTE BAG DOLLY GIRL DESIGN,3,Hàng chủ lực - bán chạy đều
22662,LUNCH BAG DOLLY GIRL DESIGN,3,Hàng chủ lực - bán chạy đều
22663,JUMBO BAG DOLLY GIRL DESIGN,3,Hàng chủ lực - bán chạy đều
22664,TOY TIDY DOLLY GIRL DESIGN,0,Hàng giá trị cao - ổn định
22665,RECIPE BOX BLUE SKETCHBOOK DESIGN,3,Hàng chủ lực - bán chạy đều
22666,RECIPE BOX PANTRY YELLOW DESIGN,3,Hàng chủ lực - bán chạy đều
22667,RECIPE BOX RETROSPOT ,3,Hàng chủ lực - bán chạy đều
22668,PINK BABY BUNTING,3,Hàng chủ lực - bán chạy đều
22669,RED BABY BUNTING ,3,Hàng chủ lực - bán chạy đều
22670,FRENCH WC SIGN BLUE METAL,3,Hàng chủ lực - bán chạy đều
22671,FRENCH LAUNDRY SIGN BLUE METAL,3,Hàng chủ lực - bán chạy đều
22672,FRENCH BATHROOM SIGN BLUE METAL,3,Hàng chủ lực - bán chạy đều
22673,FRENCH GARDEN SIGN BLUE METAL,0,Hàng giá trị cao - ổn định
22674,FRENCH TOILET SIGN BLUE METAL,3,Hàng chủ lực - bán chạy đều
22675,FRENCH KITCHEN SIGN BLUE METAL,3,Hàng chủ lực - bán chạy đều
22676,FRENCH BLUE METAL DOOR SIGN 1,3,Hàng chủ lực - bán chạy đều
22677,FRENCH BLUE METAL DOOR SIGN 2,3,Hàng chủ lực - bán chạy đều
22678,FRENCH BLUE METAL DOOR SIGN 3,0,Hàng giá trị cao - ổn định
22679,FRENCH BLUE METAL DOOR SIGN 4,0,Hàng giá trị cao - ổn định
22680,FRENCH BLUE METAL DOOR SIGN 5,0,Hàng giá trị cao - ổn định
22681,FRENCH BLUE METAL DOOR SIGN 6,0,Hàng giá trị cao - ổn định
22682,FRENCH BLUE METAL DOOR SIGN 7,0,Hàng giá trị cao - ổn định
22683,FRENCH BLUE METAL DOOR SIGN 8,0,Hàng giá trị cao - ổn định
22684,FRENCH BLUE METAL DOOR SIGN 9,0,Hàng giá trị cao - ổn định
22685,FRENCH BLUE METAL DOOR SIGN 0,0,Hàng giá trị cao - ổn định
22686,FRENCH BLUE METAL DOOR SIGN No,3,Hàng chủ lực - bán chạy đều
22687,DOORMAT CHRISTMAS VILLAGE,0,Hàng giá trị cao - ổn định
22688,DOORMAT PEACE ON EARTH BLUE,0,Hàng giá trị cao - ổn định
22689,DOORMAT MERRY CHRISTMAS RED ,0,Hàng giá trị cao - ổn định
22690,DOORMAT HOME SWEET HOME BLUE ,3,Hàng chủ lực - bán chạy đều
22691,DOORMAT WELCOME SUNRISE,0,Hàng giá trị cao - ổn định
22692,DOORMAT WELCOME TO OUR HOME,3,Hàng chủ lực - bán chạy đều
22693,GROW A FLYTRAP OR SUNFLOWER IN TIN,3,Hàng chủ lực - bán chạy đều
22694,WICKER STAR ,3,Hàng chủ lực - bán chạy đều
22695,WICKER WREATH SMALL,0,Hàng giá trị cao - ổn định
22696,WICKER WREATH LARGE,0,Hàng giá trị cao - ổn định
22697,GREEN REGENCY TEACUP AND SAUCER,3,Hàng chủ lực - bán chạy đều
22698,PINK REGENCY TEACUP AND SAUCER,3,Hàng chủ lực - bán chạy đều
22699,ROSES REGENCY TEACUP AND SAUCER ,3,Hàng chủ lực - bán chạy đều
22700,BLACK AND WHITE DOG BOWL,1,Hàng giá rẻ - số lượng lớn
22701,PINK DOG BOWL,0,Hàng giá trị cao - ổn định
22702,BLACK AND WHITE CAT BOWL,1,Hàng giá rẻ - số lượng lớn
22703,PINK CAT BOWL,0,Hàng giá trị cao - ổn định
22704,WRAP RED APPLES ,3,Hàng chủ lực - bán chạy đều
22705,WRAP GREEN PEARS ,1,Hàng giá rẻ - số lượng lớn
22706,WRAP COWBOYS  ,1,Hàng giá rẻ - số lượng lớn
22707,WRAP MONSTER FUN ,1,Hàng giá rẻ - số lượng lớn
22708,WRAP DOLLY GIRL,1,Hàng giá rẻ - số lượng lớn
22709,WRAP WEDDING DAY,1,Hàng giá rẻ - số lượng lớn
22710,WRAP I LOVE LONDON ,1,Hàng giá rẻ - số lượng lớn
22711,WRAP CIRCUS PARADE,1,Hàng giá rẻ - số lượng lớn
22712,CARD DOLLY GIRL ,3,Hàng chủ lực - bán chạy đều
22713,CARD I LOVE LONDON ,3,Hàng chủ lực - bán chạy đều
22714,CARD BIRTHDAY COWBOY,3,Hàng chủ lực - bán chạy đều
22715,CARD WEDDING DAY,3,Hàng chủ lực - bán chạy đều
22716,CARD CIRCUS PARADE,3,Hàng chủ lực - bán chạy đều
22717,CARD DOG AND BALL ,3,Hàng chủ lực - bán chạy đều
22718,CARD CAT AND TREE ,3,Hàng chủ lực - bán chạy đều
22719,GUMBALL MONOCHROME COAT RACK,3,Hàng chủ lực - bán chạy đều
22720,SET OF 3 CAKE TINS PANTRY DESIGN ,3,Hàng chủ lực - bán chạy đều
22721,SET OF 3 CAKE TINS SKETCHBOOK,0,Hàng giá trị cao - ổn định
22722,SET OF 6 SPICE TINS PANTRY DESIGN,3,Hàng chủ lực - bán chạy đều
22723,SET OF 6 HERB TINS SKETCHBOOK,0,Hàng giá trị cao - ổn định
22725,ALARM CLOCK BAKELIKE CHOCOLATE,3,Hàng chủ lực - bán chạy đều
22726,ALARM CLOCK BAKELIKE GREEN,3,Hàng chủ lực - bán chạy đều
22727,ALARM CLOCK BAKELIKE RED ,3,Hàng chủ lực - bán chạy đều
22728,ALARM CLOCK BAKELIKE PINK,3,Hàng chủ lực - bán chạy đều
22729,ALARM CLOCK BAKELIKE ORANGE,3,Hàng chủ lực - bán chạy đều
22730,ALARM CLOCK BAKELIKE IVORY,3,Hàng chủ lực - bán chạy đều
22731,3D CHRISTMAS STAMPS STICKERS ,3,Hàng chủ lực - bán chạy đều
22732,3D VINTAGE CHRISTMAS STICKERS ,3,Hàng chủ lực - bán chạy đều
22733,3D TRADITIONAL CHRISTMAS STICKERS,3,Hàng chủ lực - bán chạy đều
22734,SET OF 6 RIBBONS VINTAGE CHRISTMAS,3,Hàng chủ lực - bán chạy đều
22735,RIBBON REEL SOCKS AND MITTENS,3,Hàng chủ lực - bán chạy đều
22736,RIBBON REEL MAKING SNOWMEN ,3,Hàng chủ lực - bán chạy đều
22737,RIBBON REEL CHRISTMAS PRESENT ,3,Hàng chủ lực - bán chạy đều
22738,RIBBON REEL SNOWY VILLAGE,3,Hàng chủ lực - bán chạy đều
22739,RIBBON REEL CHRISTMAS SOCK BAUBLE,3,Hàng chủ lực - bán chạy đều
22740,POLKADOT PEN,3,Hàng chủ lực - bán chạy đều
22741,FUNKY DIVA PEN,3,Hàng chủ lực - bán chạy đều
22742,MAKE YOUR OWN PLAYTIME CARD KIT,0,Hàng giá trị cao - ổn định
22743,MAKE YOUR OWN FLOWERPOWER CARD KIT,0,Hàng giá trị cao - ổn định
22744,MAKE YOUR OWN MONSOON CARD KIT,0,Hàng giá trị cao - ổn định
22745,POPPY'S PLAYHOUSE BEDROOM ,3,Hàng chủ lực - bán chạy đều
22746,POPPY'S PLAYHOUSE LIVINGROOM ,3,Hàng chủ lực - bán chạy đều
22747,POPPY'S PLAYHOUSE BATHROOM,3,Hàng chủ lực - bán chạy đều
22748,POPPY'S PLAYHOUSE KITCHEN,3,Hàng chủ lực - bán chạy đều
22749,FELTCRAFT PRINCESS CHARLOTTE DOLL,3,Hàng chủ lực - bán chạy đều
22750,FELTCRAFT PRINCESS LOLA DOLL,3,Hàng chủ lực - bán chạy đều
22751,FELTCRAFT PRINCESS OLIVIA DOLL,3,Hàng chủ lực - bán chạy đều
22752,SET 7 BABUSHKA NESTING BOXES,3,Hàng chủ lực - bán chạy đều
22753,SMALL YELLOW BABUSHKA NOTEBOOK ,3,Hàng chủ lực - bán chạy đều
22754,SMALL RED BABUSHKA NOTEBOOK ,3,Hàng chủ lực - bán chạy đều
22755,SMALL PURPLE BABUSHKA NOTEBOOK ,3,Hàng chủ lực - bán chạy đều
22756,LARGE YELLOW BABUSHKA NOTEBOOK ,0,Hàng giá trị cao - ổn định
22757,LARGE RED BABUSHKA NOTEBOOK ,3,Hàng chủ lực - bán chạy đều
22758,LARGE PURPLE BABUSHKA NOTEBOOK  ,3,Hàng chủ lực - bán chạy đều
22759,SET OF 3 NOTEBOOKS IN PARCEL,3,Hàng chủ lực - bán chạy đều
22760,"TRAY, BREAKFAST IN BED",0,Hàng giá trị cao - ổn định
22761,CHEST 7 DRAWER MA CAMPAGNE,4,Hàng bán chậm - ít khách
22762,CUPBOARD 3 DRAWER MA CAMPAGNE,0,Hàng giá trị cao - ổn định
22763,KEY CABINET MA CAMPAGNE,0,Hàng giá trị cao - ổn định
22764,"RUSTIC WOODEN CABINET, GLASS DOORS",0,Hàng giá trị cao - ổn định
22765,NEWSPAPER STAND,0,Hàng giá trị cao - ổn định
22766,PHOTO FRAME CORNICE,3,Hàng chủ lực - bán chạy đều
22767,TRIPLE PHOTO FRAME CORNICE ,0,Hàng giá trị cao - ổn định
22768,FAMILY PHOTO FRAME CORNICE,0,Hàng giá trị cao - ổn định
22769,CHALKBOARD KITCHEN ORGANISER,0,Hàng giá trị cao - ổn định
22770,MIRROR CORNICE,0,Hàng giá trị cao - ổn định
22771,CLEAR DRAWER KNOB ACRYLIC EDWARDIAN,3,Hàng chủ lực - bán chạy đều
22772,PINK DRAWER KNOB ACRYLIC EDWARDIAN,3,Hàng chủ lực - bán chạy đều
22773,GREEN DRAWER KNOB ACRYLIC EDWARDIAN,3,Hàng chủ lực - bán chạy đều
22774,RED DRAWER KNOB ACRYLIC EDWARDIAN,3,Hàng chủ lực - bán chạy đều
22775,PURPLE DRAWERKNOB ACRYLIC EDWARDIAN,3,Hàng chủ lực - bán chạy đều
22776,SWEETHEART CAKESTAND 3 TIER,0,Hàng giá trị cao - ổn định
22777,GLASS CLOCHE LARGE,0,Hàng giá trị cao - ổn định
22778,GLASS CLOCHE SMALL,0,Hàng giá trị cao - ổn định
22779,WOODEN OWLS LIGHT GARLAND ,3,Hàng chủ lực - bán chạy đều
22780,LIGHT GARLAND BUTTERFILES PINK,3,Hàng chủ lực - bán chạy đều
22781,GUMBALL MAGAZINE RACK,0,Hàng giá trị cao - ổn định
22782,SET 3 WICKER STORAGE BASKETS ,0,Hàng giá trị cao - ổn định
22783,SET 3 WICKER OVAL BASKETS W LIDS,0,Hàng giá trị cao - ổn định
22784,LANTERN CREAM GAZEBO ,0,Hàng giá trị cao - ổn định
22785,SQUARECUSHION COVER PINK UNION FLAG,0,Hàng giá trị cao - ổn định
22786,CUSHION COVER PINK UNION JACK,0,Hàng giá trị cao - ổn định
22788,BROCANTE COAT RACK,0,Hàng giá trị cao - ổn định
22789,T-LIGHT HOLDER SWEETHEART HANGING,0,Hàng giá trị cao - ổn định
22791,T-LIGHT GLASS FLUTED ANTIQUE,3,Hàng chủ lực - bán chạy đều
22792,FLUTED ANTIQUE CANDLE HOLDER,3,Hàng chủ lực - bán chạy đều
22794,SWEETHEART WIRE MAGAZINE RACK,0,Hàng giá trị cao - ổn định
22795,SWEETHEART RECIPE BOOK STAND,0,Hàng giá trị cao - ổn định
22796,PHOTO FRAME 3 CLASSIC HANGING,0,Hàng giá trị cao - ổn định
22797,CHEST OF DRAWERS GINGHAM HEART ,0,Hàng giá trị cao - ổn định
22798,ANTIQUE GLASS DRESSING TABLE POT,3,Hàng chủ lực - bán chạy đều
22799,SWEETHEART WIRE FRUIT BOWL,0,Hàng giá trị cao - ổn định
22800,ANTIQUE TALL SWIRLGLASS TRINKET POT,0,Hàng giá trị cao - ổn định
22801,ANTIQUE GLASS PEDESTAL BOWL,0,Hàng giá trị cao - ổn định
22802,FAUX FUR CHOCOLATE THROW,0,Hàng giá trị cao - ổn định
22803,IVORY EMBROIDERED QUILT ,0,Hàng giá trị cao - ổn định
22804,CANDLEHOLDER PINK HANGING HEART,3,Hàng chủ lực - bán chạy đều
22805,BLUE DRAWER KNOB ACRYLIC EDWARDIAN,3,Hàng chủ lực - bán chạy đều
22806,SET OF 6 T-LIGHTS WEDDING CAKE ,0,Hàng giá trị cao - ổn định
22807,SET OF 6 T-LIGHTS TOADSTOOLS,0,Hàng giá trị cao - ổn định
22808,SET OF 6 T-LIGHTS EASTER CHICKS,0,Hàng giá trị cao - ổn định
22809,SET OF 6 T-LIGHTS SANTA,3,Hàng chủ lực - bán chạy đều
22810,SET OF 6 T-LIGHTS SNOWMEN,3,Hàng chủ lực - bán chạy đều
22811,SET OF 6 T-LIGHTS CACTI ,0,Hàng giá trị cao - ổn định
22812,PACK 3 BOXES CHRISTMAS PANNETONE,3,Hàng chủ lực - bán chạy đều
22813,PACK 3 BOXES BIRD PANNETONE ,3,Hàng chủ lực - bán chạy đều
22814,CARD PARTY GAMES ,3,Hàng chủ lực - bán chạy đều
22815,CARD PSYCHEDELIC APPLES,3,Hàng chủ lực - bán chạy đều
22816,CARD MOTORBIKE SANTA,3,Hàng chủ lực - bán chạy đều
22817,CARD SUKI BIRTHDAY,3,Hàng chủ lực - bán chạy đều
22818,CARD CHRISTMAS VILLAGE,3,Hàng chủ lực - bán chạy đều
22819,"BIRTHDAY CARD, RETRO SPOT",3,Hàng chủ lực - bán chạy đều
22820,GIFT BAG BIRTHDAY,1,Hàng giá rẻ - số lượng lớn
22821,GIFT BAG PSYCHEDELIC APPLES,3,Hàng chủ lực - bán chạy đều
22822,CREAM WALL PLANTER HEART SHAPED,0,Hàng giá trị cao - ổn định
22823,CHEST NATURAL WOOD 20 DRAWERS,4,Hàng bán chậm - ít khách
22824,3 TIER SWEETHEART GARDEN SHELF,0,Hàng giá trị cao - ổn định
22825,DECORATIVE PLANT POT WITH FRIEZE,4,Hàng bán chậm - ít khách
22826,LOVE SEAT ANTIQUE WHITE METAL,0,Hàng giá trị cao - ổn định
22827,RUSTIC  SEVENTEEN DRAWER SIDEBOARD,0,Hàng giá trị cao - ổn định
22828,REGENCY MIRROR WITH SHUTTERS,4,Hàng bán chậm - ít khách
22829,SWEETHEART WIRE WALL TIDY,0,Hàng giá trị cao - ổn định
22830,UTILTY CABINET WITH HOOKS,0,Hàng giá trị cao - ổn định
22831,WHITE BROCANTE SOAP DISH,0,Hàng giá trị cao - ổn định
22832,BROCANTE SHELF WITH HOOKS,0,Hàng giá trị cao - ổn định
22833,HALL CABINET WITH 3 DRAWERS,0,Hàng giá trị cao - ổn định
22834,HAND WARMER BABUSHKA DESIGN,3,Hàng chủ lực - bán chạy đều
22835,HOT WATER BOTTLE I AM SO POORLY,3,Hàng chủ lực - bán chạy đều
22837,HOT WATER BOTTLE BABUSHKA ,3,Hàng chủ lực - bán chạy đều
22838,3 TIER CAKE TIN RED AND CREAM,0,Hàng giá trị cao - ổn định
22839,3 TIER CAKE TIN GREEN AND CREAM,0,Hàng giá trị cao - ổn định
22840,ROUND CAKE TIN VINTAGE RED,0,Hàng giá trị cao - ổn định
22841,ROUND CAKE TIN VINTAGE GREEN,0,Hàng giá trị cao - ổn định
22842,BISCUIT TIN VINTAGE RED,0,Hàng giá trị cao - ổn định
22843,BISCUIT TIN VINTAGE GREEN,0,Hàng giá trị cao - ổn định
22844,VINTAGE CREAM DOG FOOD CONTAINER,0,Hàng giá trị cao - ổn định
22845,VINTAGE CREAM CAT FOOD CONTAINER,0,Hàng giá trị cao - ổn định
22846,BREAD BIN DINER STYLE RED ,0,Hàng giá trị cao - ổn định
22847,BREAD BIN DINER STYLE IVORY,0,Hàng giá trị cao - ổn định
22848,BREAD BIN DINER STYLE PINK,0,Hàng giá trị cao - ổn định
22849,BREAD BIN DINER STYLE MINT,0,Hàng giá trị cao - ổn định
22851,SET 20 NAPKINS FAIRY CAKES DESIGN ,3,Hàng chủ lực - bán chạy đều
22852,DOG BOWL VINTAGE CREAM,0,Hàng giá trị cao - ổn định
22853,CAT BOWL VINTAGE CREAM,0,Hàng giá trị cao - ổn định
22854,CREAM SWEETHEART EGG HOLDER,0,Hàng giá trị cao - ổn định
22855,FINE WICKER HEART ,3,Hàng chủ lực - bán chạy đều
22856,ASSORTED EASTER DECORATIONS  BELLS,1,Hàng giá rẻ - số lượng lớn
22857,ASSORTED EASTER GIFT TAGS,1,Hàng giá rẻ - số lượng lớn
22858,EASTER TIN KEEPSAKE,0,Hàng giá trị cao - ổn định
22859,EASTER TIN BUNNY BOUQUET,0,Hàng giá trị cao - ổn định
22860,EASTER TIN CHICKS PINK DAISY,0,Hàng giá trị cao - ổn định
22861,EASTER TIN CHICKS IN GARDEN,0,Hàng giá trị cao - ổn định
22862,LOVE HEART NAPKIN BOX ,0,Hàng giá trị cao - ổn định
22863,SOAP DISH BROCANTE,0,Hàng giá trị cao - ổn định
22865,HAND WARMER OWL DESIGN,3,Hàng chủ lực - bán chạy đều
22866,HAND WARMER SCOTTY DOG DESIGN,3,Hàng chủ lực - bán chạy đều
22867,HAND WARMER BIRD DESIGN,3,Hàng chủ lực - bán chạy đều
22868,NUMBER TILE COTTAGE GARDEN 0 ,4,Hàng bán chậm - ít khách
22869,NUMBER TILE COTTAGE GARDEN 1,0,Hàng giá trị cao - ổn định
22870,NUMBER TILE COTTAGE GARDEN 2,4,Hàng bán chậm - ít khách
22871,NUMBER TILE COTTAGE GARDEN 3 ,4,Hàng bán chậm - ít khách
22872,NUMBER TILE COTTAGE GARDEN 4,4,Hàng bán chậm - ít khách
22873,NUMBER TILE COTTAGE GARDEN 5,4,Hàng bán chậm - ít khách
22874,NUMBER TILE COTTAGE GARDEN 6,4,Hàng bán chậm - ít khách
22875,NUMBER TILE COTTAGE GARDEN 7,4,Hàng bán chậm - ít khách
22876,NUMBER TILE COTTAGE GARDEN 8,4,Hàng bán chậm - ít khách
22877,NUMBER TILE COTTAGE GARDEN 9,4,Hàng bán chậm - ít khách
22878,NUMBER TILE COTTAGE GARDEN No,2,Hàng ngách - khách quen mua lại
22879,NUMBER TILE VINTAGE FONT 0,4,Hàng bán chậm - ít khách
22880,NUMBER TILE VINTAGE FONT 1,2,Hàng ngách - khách quen mua lại
22881,NUMBER TILE VINTAGE FONT 2,2,Hàng ngách - khách quen mua lại
22882,NUMBER TILE VINTAGE FONT 3,4,Hàng bán chậm - ít khách
22883,NUMBER TILE VINTAGE FONT 4,2,Hàng ngách - khách quen mua lại
22884,NUMBER TILE VINTAGE FONT 5,4,Hàng bán chậm - ít khách
22885,NUMBER TILE VINTAGE FONT 6 ,4,Hàng bán chậm - ít khách
22886,NUMBER TILE VINTAGE FONT 7,2,Hàng ngách - khách quen mua lại
22887,NUMBER TILE VINTAGE FONT 8,4,Hàng bán chậm - ít khách
22888,NUMBER TILE VINTAGE FONT 9 ,4,Hàng bán chậm - ít khách
22889,NUMBER TILE VINTAGE FONT No ,2,Hàng ngách - khách quen mua lại
22890,NOVELTY BISCUITS CAKE STAND 3 TIER,0,Hàng giá trị cao - ổn định
22891,TEA FOR ONE POLKADOT,0,Hàng giá trị cao - ổn định
22892,SET OF SALT AND PEPPER TOADSTOOLS,3,Hàng chủ lực - bán chạy đều
22893,MINI CAKE STAND T-LIGHT HOLDER,1,Hàng giá rẻ - số lượng lớn
22894,TABLECLOTH RED APPLES DESIGN ,0,Hàng giá trị cao - ổn định
22895,SET OF 2 TEA TOWELS APPLE AND PEARS,3,Hàng chủ lực - bán chạy đều
22896,PEG BAG APPLES DESIGN,3,Hàng chủ lực - bán chạy đều
22897,OVEN MITT APPLES DESIGN,3,Hàng chủ lực - bán chạy đều
22898,CHILDRENS APRON APPLES DESIGN,3,Hàng chủ lực - bán chạy đều
22899,CHILDREN'S APRON DOLLY GIRL ,3,Hàng chủ lực - bán chạy đều
22900, SET 2 TEA TOWELS I LOVE LONDON ,3,Hàng chủ lực - bán chạy đều
22902,TOTE BAG I LOVE LONDON,3,Hàng chủ lực - bán chạy đều
22903,CALENDAR FAMILY FAVOURITES,1,Hàng giá rẻ - số lượng lớn
22904,CALENDAR PAPER CUT DESIGN,3,Hàng chủ lực - bán chạy đều
22905,CALENDAR IN SEASON DESIGN,0,Hàng giá trị cao - ổn định
22906,12 MESSAGE CARDS WITH ENVELOPES,3,Hàng chủ lực - bán chạy đều
22907,PACK OF 20 NAPKINS PANTRY DESIGN,3,Hàng chủ lực - bán chạy đều
22908,PACK OF 20 NAPKINS RED APPLES,3,Hàng chủ lực - bán chạy đều
22909,SET OF 20 VINTAGE CHRISTMAS NAPKINS,3,Hàng chủ lực - bán chạy đều
22910,PAPER CHAIN KIT VINTAGE CHRISTMAS,3,Hàng chủ lực - bán chạy đều
22911,PAPER CHAIN KIT LONDON,0,Hàng giá trị cao - ổn định
22912,YELLOW COAT RACK PARIS FASHION,0,Hàng giá trị cao - ổn định
22913,RED COAT RACK PARIS FASHION,0,Hàng giá trị cao - ổn định
22914,BLUE COAT RACK PARIS FASHION,0,Hàng giá trị cao - ổn định
22915,ASSORTED BOTTLE TOP  MAGNETS ,3,Hàng chủ lực - bán chạy đều
22916,HERB MARKER THYME,3,Hàng chủ lực - bán chạy đều
22917,HERB MARKER ROSEMARY,3,Hàng chủ lực - bán chạy đều
22918,HERB MARKER PARSLEY,3,Hàng chủ lực - bán chạy đều
22919,HERB MARKER MINT,3,Hàng chủ lực - bán chạy đều
22920,HERB MARKER BASIL,3,Hàng chủ lực - bán chạy đều
22921,HERB MARKER CHIVES ,3,Hàng chủ lực - bán chạy đều
22922,FRIDGE MAGNETS US DINER ASSORTED,1,Hàng giá rẻ - số lượng lớn
22923,FRIDGE MAGNETS LES ENFANTS ASSORTED,1,Hàng giá rẻ - số lượng lớn
22924,FRIDGE MAGNETS LA VIE EN ROSE,1,Hàng giá rẻ - số lượng lớn
22925,BLUE GIANT GARDEN THERMOMETER,0,Hàng giá trị cao - ổn định
22926,IVORY GIANT GARDEN THERMOMETER,0,Hàng giá trị cao - ổn định
22927,GREEN GIANT GARDEN THERMOMETER,0,Hàng giá trị cao - ổn định
22928,YELLOW GIANT GARDEN THERMOMETER,0,Hàng giá trị cao - ổn định
22929,SCHOOL DESK AND CHAIR ,4,Hàng bán chậm - ít khách
22930,BAKING MOULD HEART MILK CHOCOLATE,0,Hàng giá trị cao - ổn định
22931,BAKING MOULD HEART WHITE CHOCOLATE,0,Hàng giá trị cao - ổn định
22932,BAKING MOULD TOFFEE CUP CHOCOLATE,1,Hàng giá rẻ - số lượng lớn
22933,BAKING MOULD EASTER EGG MILK CHOC,0,Hàng giá trị cao - ổn định
22934,BAKING MOULD EASTER EGG WHITE CHOC,0,Hàng giá trị cao - ổn định
22935,BAKING MOULD ROSE MILK CHOCOLATE,1,Hàng giá rẻ - số lượng lớn
22936,BAKING MOULD ROSE WHITE CHOCOLATE,0,Hàng giá trị cao - ổn định
22937,BAKING MOULD CHOCOLATE CUPCAKES,0,Hàng giá trị cao - ổn định
22938,CUPCAKE LACE PAPER SET 6,3,Hàng chủ lực - bán chạy đều
22939,APRON APPLE DELIGHT,0,Hàng giá trị cao - ổn định
22940,FELTCRAFT CHRISTMAS FAIRY,3,Hàng chủ lực - bán chạy đều
22941,CHRISTMAS LIGHTS 10 REINDEER,3,Hàng chủ lực - bán chạy đều
22942,CHRISTMAS LIGHTS 10 SANTAS ,0,Hàng giá trị cao - ổn định
22943,CHRISTMAS LIGHTS 10 VINTAGE BAUBLES,3,Hàng chủ lực - bán chạy đều
22944,CHRISTMAS METAL POSTCARD WITH BELLS,1,Hàng giá rẻ - số lượng lớn
22945,CHRISTMAS METAL TAGS ASSORTED ,3,Hàng chủ lực - bán chạy đều
22946,WOODEN ADVENT CALENDAR CREAM,0,Hàng giá trị cao - ổn định
22947,WOODEN ADVENT CALENDAR RED,0,Hàng giá trị cao - ổn định
22948,METAL DECORATION NAUGHTY CHILDREN ,3,Hàng chủ lực - bán chạy đều
22949,36 DOILIES DOLLY GIRL,3,Hàng chủ lực - bán chạy đều
22950,36 DOILIES VINTAGE CHRISTMAS,3,Hàng chủ lực - bán chạy đều
22951,60 CAKE CASES DOLLY GIRL DESIGN,3,Hàng chủ lực - bán chạy đều
22952,60 CAKE CASES VINTAGE CHRISTMAS,3,Hàng chủ lực - bán chạy đều
22953,BIRTHDAY PARTY CORDON BARRIER TAPE,1,Hàng giá rẻ - số lượng lớn
22954,HEN PARTY CORDON BARRIER TAPE,4,Hàng bán chậm - ít khách
22955,36 FOIL STAR CAKE CASES ,3,Hàng chủ lực - bán chạy đều
22956,36 FOIL HEART CAKE CASES,3,Hàng chủ lực - bán chạy đều
22957,SET 3 PAPER VINTAGE CHICK PAPER EGG,3,Hàng chủ lực - bán chạy đều
22959,WRAP CHRISTMAS VILLAGE,3,Hàng chủ lực - bán chạy đều
22960,JAM MAKING SET WITH JARS,3,Hàng chủ lực - bán chạy đều
22961,JAM MAKING SET PRINTED,3,Hàng chủ lực - bán chạy đều
22962,JAM JAR WITH PINK LID,3,Hàng chủ lực - bán chạy đều
22963,JAM JAR WITH GREEN LID,3,Hàng chủ lực - bán chạy đều
22964,3 PIECE SPACEBOY COOKIE CUTTER SET,3,Hàng chủ lực - bán chạy đều
22965,3 TRADITIONAl BISCUIT CUTTERS  SET,3,Hàng chủ lực - bán chạy đều
22966,GINGERBREAD MAN COOKIE CUTTER,3,Hàng chủ lực - bán chạy đều
22967,SET 3 SONG BIRD PAPER EGGS ASSORTED,0,Hàng giá trị cao - ổn định
22968,ROSE COTTAGE KEEPSAKE BOX ,0,Hàng giá trị cao - ổn định
22969,HOMEMADE JAM SCENTED CANDLES,3,Hàng chủ lực - bán chạy đều
22970,LONDON BUS COFFEE MUG,3,Hàng chủ lực - bán chạy đều
22971,QUEENS GUARD COFFEE MUG,3,Hàng chủ lực - bán chạy đều
22972,CHILDREN'S SPACEBOY MUG,3,Hàng chủ lực - bán chạy đều
22973,CHILDREN'S CIRCUS PARADE MUG,0,Hàng giá trị cao - ổn định
22974,CHILDRENS DOLLY GIRL MUG,3,Hàng chủ lực - bán chạy đều
22975,SPACEBOY CHILDRENS EGG CUP,0,Hàng giá trị cao - ổn định
22976,CIRCUS PARADE CHILDRENS EGG CUP ,0,Hàng giá trị cao - ổn định
22977,DOLLY GIRL CHILDRENS EGG CUP,0,Hàng giá trị cao - ổn định
22978,PANTRY ROLLING PIN,3,Hàng chủ lực - bán chạy đều
22979,PANTRY WASHING UP BRUSH,3,Hàng chủ lực - bán chạy đều
22980,PANTRY SCRUBBING BRUSH,3,Hàng chủ lực - bán chạy đều
22981,PANTRY APPLE CORER,0,Hàng giá trị cao - ổn định
22982,PANTRY PASTRY BRUSH,0,Hàng giá trị cao - ổn định
22983,CARD BILLBOARD FONT,3,Hàng chủ lực - bán chạy đều
22984,CARD GINGHAM ROSE ,3,Hàng chủ lực - bán chạy đều
22985,"WRAP, BILLBOARD FONTS DESIGN",1,Hàng giá rẻ - số lượng lớn
22986,GINGHAM ROSE WRAP,3,Hàng chủ lực - bán chạy đều
22987,"WRAP , SUMMER ROSE DESIGN",1,Hàng giá rẻ - số lượng lớn
22988,SOLDIERS EGG CUP ,3,Hàng chủ lực - bán chạy đều
22989,SET 2 PANTRY DESIGN TEA TOWELS,3,Hàng chủ lực - bán chạy đều
22990,COTTON APRON PANTRY DESIGN,0,Hàng giá trị cao - ổn định
22991,GIRAFFE WOODEN RULER,3,Hàng chủ lực - bán chạy đều
22992,REVOLVER WOODEN RULER ,3,Hàng chủ lực - bán chạy đều
22993,SET OF 4 PANTRY JELLY MOULDS,3,Hàng chủ lực - bán chạy đều
22994,TRAVEL CARD WALLET RETROSPOT,3,Hàng chủ lực - bán chạy đều
22995,TRAVEL CARD WALLET SUKI,3,Hàng chủ lực - bán chạy đều
22996,TRAVEL CARD WALLET VINTAGE TICKET,3,Hàng chủ lực - bán chạy đều
22997,TRAVEL CARD WALLET UNION JACK,3,Hàng chủ lực - bán chạy đều
22998,TRAVEL CARD WALLET KEEP CALM,3,Hàng chủ lực - bán chạy đều
22999,TRAVEL CARD WALLET VINTAGE LEAF,3,Hàng chủ lực - bán chạy đều
23000,TRAVEL CARD WALLET TRANSPORT,3,Hàng chủ lực - bán chạy đều
23002,TRAVEL CARD WALLET SKULLS,1,Hàng giá rẻ - số lượng lớn
23003,TRAVEL CARD WALLET VINTAGE ROSE ,1,Hàng giá rẻ - số lượng lớn
23004,TRAVEL CARD WALLET PANTRY,3,Hàng chủ lực - bán chạy đều
23005,TRAVEL CARD WALLET I LOVE LONDON,3,Hàng chủ lực - bán chạy đều
23006,TRAVEL CARD WALLET FLOWER MEADOW,1,Hàng giá rẻ - số lượng lớn
23007, SPACEBOY BABY GIFT SET,0,Hàng giá trị cao - ổn định
23008,DOLLY GIRL BABY GIFT SET,0,Hàng giá trị cao - ổn định
23009,I LOVE LONDON BABY GIFT SET,0,Hàng giá trị cao - ổn định
23010,CIRCUS PARADE BABY GIFT SET,0,Hàng giá trị cao - ổn định
23012,GLASS APOTHECARY BOTTLE PERFUME,0,Hàng giá trị cao - ổn định
23013,GLASS APOTHECARY BOTTLE TONIC,0,Hàng giá trị cao - ổn định
23014,GLASS APOTHECARY BOTTLE ELIXIR,0,Hàng giá trị cao - ổn định
23015,CORDIAL GLASS JUG,4,Hàng bán chậm - ít khách
23016,GLASS TWIST BON BON JAR,4,Hàng bán chậm - ít khách
23017,APOTHECARY MEASURING JAR,4,Hàng bán chậm - ít khách
23018,LARGE APOTHECARY MEASURING JAR ,4,Hàng bán chậm - ít khách
23019,SMALL APOTHECARY MEASURING JAR ,4,Hàng bán chậm - ít khách
23020,GLASS  SONGBIRD STORAGE JAR,0,Hàng giá trị cao - ổn định
23021,GLASS BONNE JAM JAR,4,Hàng bán chậm - ít khách
23022,SMALL BONNE JAM JAR  T-LIGHT HOLDER,1,Hàng giá rẻ - số lượng lớn
23023,RIDGED BONNE JAM JAR T-LIGHT HOLDER,1,Hàng giá rẻ - số lượng lớn
23024,LARGE BONNE JAM JAR  T-LIGHT HOLDER,1,Hàng giá rẻ - số lượng lớn
23025,DRAWER KNOB VINTAGE GLASS BALL,0,Hàng giá trị cao - ổn định
23026,DRAWER KNOB VINTAGE GLASS STAR,1,Hàng giá rẻ - số lượng lớn
23027,DRAWER KNOB VINTAGE GLASS HEXAGON,1,Hàng giá rẻ - số lượng lớn
23028,DRAWER KNOB CRACKLE GLAZE BLUE,1,Hàng giá rẻ - số lượng lớn
23029,DRAWER KNOB CRACKLE GLAZE GREEN,0,Hàng giá trị cao - ổn định
23031,DRAWER KNOB CRACKLE GLAZE PINK,0,Hàng giá trị cao - ổn định
23032,DRAWER KNOB CRACKLE GLAZE IVORY,3,Hàng chủ lực - bán chạy đều
23033,DRAWER KNOB CERAMIC RED,1,Hàng giá rẻ - số lượng lớn
23034,DRAWER KNOB CERAMIC BLACK,1,Hàng giá rẻ - số lượng lớn
23035,DRAWER KNOB CERAMIC IVORY,3,Hàng chủ lực - bán chạy đều
23036,T-LIGHT HOLDER SILVER PETIT FOUR ,4,Hàng bán chậm - ít khách
23037,CANDLE HOLDER SILVER MADELINE,4,Hàng bán chậm - ít khách
23038,T-LIGHT HOLDER SILVER SAUCER,4,Hàng bán chậm - ít khách
23039,T-LIGHT HOLDER SILVER HEART HANDLE,4,Hàng bán chậm - ít khách
23040,PAPER LANTERN 9 POINT SNOW STAR ,0,Hàng giá trị cao - ổn định
23041,PAPER LANTERN 9 POINT SNOW STAR,0,Hàng giá trị cao - ổn định
23042,PAPER LANTERN 7 POINT SNOW STAR,4,Hàng bán chậm - ít khách
23043,PAPER LANTERN 9 POINT HOLLY STAR L,4,Hàng bán chậm - ít khách
23044,PAPER LANTERN 9 POINT HOLLY STAR S,4,Hàng bán chậm - ít khách
23045,PAPER LANTERN 5 POINT STAR MOON ,4,Hàng bán chậm - ít khách
23046,PAPER LANTERN 9 POINT DELUXE STAR,1,Hàng giá rẻ - số lượng lớn
23047,PAPER LANTERN 5 POINT SEQUIN STAR,4,Hàng bán chậm - ít khách
23048,SET OF 10 LANTERNS FAIRY LIGHT STAR,0,Hàng giá trị cao - ổn định
23049,RECYCLED ACAPULCO MAT RED,0,Hàng giá trị cao - ổn định
23050,RECYCLED ACAPULCO MAT GREEN,0,Hàng giá trị cao - ổn định
23051,RECYCLED ACAPULCO MAT BLUE,0,Hàng giá trị cao - ổn định
23052,RECYCLED ACAPULCO MAT TURQUOISE,0,Hàng giá trị cao - ổn định
23053,RECYCLED ACAPULCO MAT PINK,0,Hàng giá trị cao - ổn định
23054,RECYCLED ACAPULCO MAT LAVENDER,0,Hàng giá trị cao - ổn định
23055,IVORY CHANDELIER T-LIGHT HOLDER,1,Hàng giá rẻ - số lượng lớn
23056,FLOWERS CHANDELIER T-LIGHT HOLDER,1,Hàng giá rẻ - số lượng lớn
23057,BEADED CHANDELIER T-LIGHT HOLDER,1,Hàng giá rẻ - số lượng lớn
23058,CHRISTMAS HANGING SNOWFLAKE,1,Hàng giá rẻ - số lượng lớn
23060,HEART BEADED TRELLIS DECORATION,0,Hàng giá trị cao - ổn định
23061,VINTAGE EMBOSSED HEART,0,Hàng giá trị cao - ổn định
23064,CINDERELLA CHANDELIER ,0,Hàng giá trị cao - ổn định
23065,LARGE DECO JEWELLERY STAND,0,Hàng giá trị cao - ổn định
23066,SMALL DECO JEWELLERY STAND,0,Hàng giá trị cao - ổn định
23067,HANGING ENGRAVED METAL HEART,0,Hàng giá trị cao - ổn định
23068,ALUMINIUM STAMPED HEART,0,Hàng giá trị cao - ổn định
23069,EDWARDIAN PHOTO FRAME,4,Hàng bán chậm - ít khách
23070,EDWARDIAN HEART PHOTO FRAME,0,Hàng giá trị cao - ổn định
23071,MARIE ANTOINETTE TRINKET BOX GOLD,1,Hàng giá rẻ - số lượng lớn
23072,MARIE ANTOINETTE TRINKET BOX SILVER,0,Hàng giá trị cao - ổn định
23073,GEORGIAN TRINKET BOX,0,Hàng giá trị cao - ổn định
23074,EMBOSSED HEART TRINKET BOX,0,Hàng giá trị cao - ổn định
23075,PARLOUR CERAMIC WALL HOOK,0,Hàng giá trị cao - ổn định
23076,ICE CREAM SUNDAE LIP GLOSS,3,Hàng chủ lực - bán chạy đều
23077,DOUGHNUT LIP GLOSS ,3,Hàng chủ lực - bán chạy đều
23078,ICE CREAM PEN LIP GLOSS ,3,Hàng chủ lực - bán chạy đều
23079,TOADSTOOL BEDSIDE LIGHT ,0,Hàng giá trị cao - ổn định
23080,RED METAL BOX TOP SECRET,0,Hàng giá trị cao - ổn định
23081,GREEN METAL BOX ARMY SUPPLIES,0,Hàng giá trị cao - ổn định
23082,SET 6 PAPER TABLE LANTERN HEARTS ,3,Hàng chủ lực - bán chạy đều
23083,SET 6 PAPER TABLE LANTERN STARS ,3,Hàng chủ lực - bán chạy đều
23084,RABBIT NIGHT LIGHT,3,Hàng chủ lực - bán chạy đều
23085,ANTIQUE SILVER BAUBLE LAMP  ,0,Hàng giá trị cao - ổn định
23086,ZINC  STAR T-LIGHT HOLDER ,1,Hàng giá rẻ - số lượng lớn
23087,ZINC  HEART T-LIGHT HOLDER,1,Hàng giá rẻ - số lượng lớn
23088,ZINC HEART FLOWER T-LIGHT HOLDER,1,Hàng giá rẻ - số lượng lớn
23089,GLASS BON BON JAR,3,Hàng chủ lực - bán chạy đều
23090,VINTAGE GLASS T-LIGHT HOLDER,1,Hàng giá rẻ - số lượng lớn
23091,ZINC HERB GARDEN CONTAINER,0,Hàng giá trị cao - ổn định
23092,LARGE ANTIQUE WHITE PHOTO FRAME,0,Hàng giá trị cao - ổn định
23093,SMALL PARISIENNE HEART PHOTO FRAME ,0,Hàng giá trị cao - ổn định
23094,LE GRAND TRAY CHIC SET,0,Hàng giá trị cao - ổn định
23096,PETIT TRAY CHIC,0,Hàng giá trị cao - ổn định
23099,FRENCH CARRIAGE LANTERN,0,Hàng giá trị cao - ổn định
23100,SILVER BELLS TABLE DECORATION,3,Hàng chủ lực - bán chạy đều
23101,SILVER STARS TABLE DECORATION,3,Hàng chủ lực - bán chạy đều
23102,SILVER HEARTS TABLE DECORATION,1,Hàng giá rẻ - số lượng lớn
23103,JINGLE BELL HEART DECORATION,3,Hàng chủ lực - bán chạy đều
23104,IVORY CAFE HANGING LAMP ,0,Hàng giá trị cao - ổn định
23106,ZINC HEARTS PLANT POT HOLDER,0,Hàng giá trị cao - ổn định
23107,WHITE HEARTS WIRE PLANT POT HOLDER,0,Hàng giá trị cao - ổn định
23108,SET OF 10 LED DOLLY LIGHTS,3,Hàng chủ lực - bán chạy đều
23109,PACK OF SIX LED TEA LIGHTS,3,Hàng chủ lực - bán chạy đều
23110,PARISIENNE KEY CABINET ,0,Hàng giá trị cao - ổn định
23111,PARISIENNE SEWING BOX,0,Hàng giá trị cao - ổn định
23112,PARISIENNE CURIO CABINET,0,Hàng giá trị cao - ổn định
23113,PANTRY CHOPPING BOARD,1,Hàng giá rẻ - số lượng lớn
23114,VINTAGE LEAF CHOPPING BOARD  ,0,Hàng giá trị cao - ổn định
23115,RED APPLES CHOPPING BOARD   ,0,Hàng giá trị cao - ổn định
23116,VEGETABLE GARDEN CHOPPING BOARD,4,Hàng bán chậm - ít khách
23117,POPPY FIELDS CHOPPING BOARD,4,Hàng bán chậm - ít khách
23118,PARISIENNE JEWELLERY DRAWER ,0,Hàng giá trị cao - ổn định
23119,PACK OF 6 LARGE FRUIT STRAWS ,1,Hàng giá rẻ - số lượng lớn
23120,PACK OF 6 SMALL FRUIT STRAWS,1,Hàng giá rẻ - số lượng lớn
23121,PACK OF 6 COCKTAIL PARASOL STRAWS,1,Hàng giá rẻ - số lượng lớn
23122,PARTY CHARMS 50 PIECES,1,Hàng giá rẻ - số lượng lớn
23123,COCKTAIL SWORDS 50 PIECES,1,Hàng giá rẻ - số lượng lớn
23124,18PC WOODEN CUTLERY SET DISPOSABLE,1,Hàng giá rẻ - số lượng lớn
23125,6PC WOOD PLATE SET DISPOSABLE,1,Hàng giá rẻ - số lượng lớn
23126,FELTCRAFT GIRL AMELIE KIT,0,Hàng giá trị cao - ổn định
23127,FELTCRAFT GIRL NICOLE KIT,0,Hàng giá trị cao - ổn định
23128,FELTCRAFT BOY JEAN-PAUL KIT,0,Hàng giá trị cao - ổn định
23129,HEART SHAPED HOLLY WREATH,0,Hàng giá trị cao - ổn định
23130,MISTLETOE HEART WREATH GREEN,0,Hàng giá trị cao - ổn định
23131,MISTLETOE HEART WREATH CREAM,0,Hàng giá trị cao - ổn định
23132,SMALL IVORY HEART WALL ORGANISER,0,Hàng giá trị cao - ổn định
23133,LARGE IVORY HEART WALL ORGANISER,0,Hàng giá trị cao - ổn định
23134,LARGE ZINC HEART WALL ORGANISER,1,Hàng giá rẻ - số lượng lớn
23135,SMALL ZINC HEART WALL ORGANISER,1,Hàng giá rẻ - số lượng lớn
23136,IVORY WIRE SWEETHEART LETTER TRAY,4,Hàng bán chậm - ít khách
23137,ZINC WIRE SWEETHEART LETTER TRAY,4,Hàng bán chậm - ít khách
23138,SINGLE WIRE HOOK IVORY HEART,1,Hàng giá rẻ - số lượng lớn
23139,SINGLE WIRE HOOK PINK HEART,1,Hàng giá rẻ - số lượng lớn
23140,TRIPLE WIRE HOOK IVORY HEART,0,Hàng giá trị cao - ổn định
23141,TRIPLE WIRE HOOK PINK HEART,4,Hàng bán chậm - ít khách
23142,IVORY WIRE KITCHEN ORGANISER,0,Hàng giá trị cao - ổn định
23143,ZINC WIRE KITCHEN ORGANISER,4,Hàng bán chậm - ít khách
23144,ZINC T-LIGHT HOLDER STARS SMALL,3,Hàng chủ lực - bán chạy đều
23145,ZINC T-LIGHT HOLDER STAR LARGE,3,Hàng chủ lực - bán chạy đều
23146,TRIPLE HOOK ANTIQUE IVORY ROSE,0,Hàng giá trị cao - ổn định
23147,SINGLE ANTIQUE ROSE HOOK IVORY,3,Hàng chủ lực - bán chạy đều
23148,MINIATURE ANTIQUE ROSE HOOK IVORY,3,Hàng chủ lực - bán chạy đều
23149,ANTIQUE IVORY WIRE BOWL SMALL,4,Hàng bán chậm - ít khách
23150,IVORY SWEETHEART SOAP DISH,4,Hàng bán chậm - ít khách
23151,ZINC SWEETHEART SOAP DISH,4,Hàng bán chậm - ít khách
23152,IVORY SWEETHEART WIRE LETTER RACK ,0,Hàng giá trị cao - ổn định
23153,ZINC SWEETHEART WIRE LETTER RACK,0,Hàng giá trị cao - ổn định
23154,SET OF 4 JAM JAR MAGNETS,3,Hàng chủ lực - bán chạy đều
23155,KNICKERBOCKERGLORY MAGNET ASSORTED ,1,Hàng giá rẻ - số lượng lớn
23156,SET OF 5 MINI GROCERY MAGNETS,3,Hàng chủ lực - bán chạy đều
23157,SET OF 6 NATIVITY MAGNETS ,3,Hàng chủ lực - bán chạy đều
23158,SET OF 5 LUCKY CAT MAGNETS ,3,Hàng chủ lực - bán chạy đều
23159,SET OF 5 PANCAKE DAY MAGNETS,3,Hàng chủ lực - bán chạy đều
23160,REGENCY TEA SPOON,1,Hàng giá rẻ - số lượng lớn
23161,REGENCY CAKE FORK,1,Hàng giá rẻ - số lượng lớn
23162,REGENCY TEA STRAINER,0,Hàng giá trị cao - ổn định
23163,REGENCY SUGAR TONGS,3,Hàng chủ lực - bán chạy đều
23164,REGENCY CAKE SLICE,0,Hàng giá trị cao - ổn định
23165,LARGE CERAMIC TOP STORAGE JAR,3,Hàng chủ lực - bán chạy đều
23166,MEDIUM CERAMIC TOP STORAGE JAR,3,Hàng chủ lực - bán chạy đều
23167,SMALL CERAMIC TOP STORAGE JAR ,3,Hàng chủ lực - bán chạy đều
23168,CLASSIC CAFE SUGAR DISPENSER,3,Hàng chủ lực - bán chạy đều
23169,CLASSIC GLASS COOKIE JAR,0,Hàng giá trị cao - ổn định
23170,REGENCY TEA PLATE ROSES ,3,Hàng chủ lực - bán chạy đều
23171,REGENCY TEA PLATE GREEN ,3,Hàng chủ lực - bán chạy đều
23172,REGENCY TEA PLATE PINK,3,Hàng chủ lực - bán chạy đều
23173,REGENCY TEAPOT ROSES ,3,Hàng chủ lực - bán chạy đều
23174,REGENCY SUGAR BOWL GREEN,3,Hàng chủ lực - bán chạy đều
23175,REGENCY MILK JUG PINK ,3,Hàng chủ lực - bán chạy đều
23176,ABC TREASURE BOOK BOX ,3,Hàng chủ lực - bán chạy đều
23177,TREASURE ISLAND BOOK BOX,3,Hàng chủ lực - bán chạy đều
23178,JAM CLOCK MAGNET,0,Hàng giá trị cao - ổn định
23179,CLOCK MAGNET MUM'S KITCHEN,0,Hàng giá trị cao - ổn định
23180,MUM'S KITCHEN CLOCK,4,Hàng bán chậm - ít khách
23181,BULL DOG BOTTLE TOP WALL CLOCK,0,Hàng giá trị cao - ổn định
23182,TOILET SIGN OCCUPIED OR VACANT,3,Hàng chủ lực - bán chạy đều
23183,MOTHER'S KITCHEN SPOON REST ,0,Hàng giá trị cao - ổn định
23184,BULL DOG BOTTLE OPENER,0,Hàng giá trị cao - ổn định
23185,FRENCH STYLE STORAGE JAR JAM,1,Hàng giá rẻ - số lượng lớn
23186,FRENCH STYLE STORAGE JAR CAFE ,1,Hàng giá rẻ - số lượng lớn
23187,FRENCH STYLE STORAGE JAR BONBONS,1,Hàng giá rẻ - số lượng lớn
23188,VINTAGE  2 METER FOLDING RULER,3,Hàng chủ lực - bán chạy đều
23189,SET OF 12 FORK CANDLES,0,Hàng giá trị cao - ổn định
23190,BUNDLE OF 3 SCHOOL EXERCISE BOOKS  ,3,Hàng chủ lực - bán chạy đều
23191,BUNDLE OF 3 RETRO NOTE BOOKS,3,Hàng chủ lực - bán chạy đều
23192,BUNDLE OF 3 ALPHABET EXERCISE BOOKS,3,Hàng chủ lực - bán chạy đều
23193,BUFFALO BILL TREASURE BOOK BOX,3,Hàng chủ lực - bán chạy đều
23194,GYMKHANA TREASURE BOOK BOX,3,Hàng chủ lực - bán chạy đều
23196,VINTAGE LEAF MAGNETIC NOTEPAD,3,Hàng chủ lực - bán chạy đều
23197,SKETCHBOOK MAGNETIC SHOPPING LIST,3,Hàng chủ lực - bán chạy đều
23198,PANTRY MAGNETIC  SHOPPING LIST,3,Hàng chủ lực - bán chạy đều
23199,JUMBO BAG APPLES,3,Hàng chủ lực - bán chạy đều
23200,JUMBO BAG PEARS,3,Hàng chủ lực - bán chạy đều
23201,JUMBO BAG ALPHABET,3,Hàng chủ lực - bán chạy đều
23202,JUMBO BAG VINTAGE LEAF,3,Hàng chủ lực - bán chạy đều
23203,JUMBO BAG VINTAGE DOILY ,3,Hàng chủ lực - bán chạy đều
23204,CHARLOTTE BAG APPLES DESIGN,3,Hàng chủ lực - bán chạy đều
23205,CHARLOTTE BAG VINTAGE ALPHABET ,3,Hàng chủ lực - bán chạy đều
23206,LUNCH BAG APPLE DESIGN,3,Hàng chủ lực - bán chạy đều
23207,LUNCH BAG ALPHABET DESIGN,3,Hàng chủ lực - bán chạy đều
23208,LUNCH BAG VINTAGE LEAF DESIGN,3,Hàng chủ lực - bán chạy đều
23209,LUNCH BAG VINTAGE DOILY ,3,Hàng chủ lực - bán chạy đều
23210,WHITE ROCKING HORSE HAND PAINTED,3,Hàng chủ lực - bán chạy đều
23211,RED ROCKING HORSE HAND PAINTED,3,Hàng chủ lực - bán chạy đều
23212,HEART WREATH DECORATION WITH BELL,3,Hàng chủ lực - bán chạy đều
23213,STAR WREATH DECORATION WITH BELL,1,Hàng giá rẻ - số lượng lớn
23214,JINGLE BELL HEART ANTIQUE GOLD,0,Hàng giá trị cao - ổn định
23215,JINGLE BELL HEART ANTIQUE SILVER,3,Hàng chủ lực - bán chạy đều
23216,LAUREL HEART ANTIQUE GOLD,1,Hàng giá rẻ - số lượng lớn
23217,LAUREL HEART ANTIQUE SILVER,1,Hàng giá rẻ - số lượng lớn
23218,LAUREL STAR ANTIQUE GOLD,1,Hàng giá rẻ - số lượng lớn
23219,LAUREL STAR ANTIQUE SILVER ,1,Hàng giá rẻ - số lượng lớn
23220,REINDEER HEART DECORATION GOLD,1,Hàng giá rẻ - số lượng lớn
23221,REINDEER HEART DECORATION SILVER,1,Hàng giá rẻ - số lượng lớn
23222,CHRISTMAS TREE HANGING GOLD,1,Hàng giá rẻ - số lượng lớn
23223,CHRISTMAS TREE HANGING SILVER ,1,Hàng giá rẻ - số lượng lớn
23224,CHERUB HEART DECORATION GOLD,1,Hàng giá rẻ - số lượng lớn
23225,CHERUB HEART DECORATION SILVER ,1,Hàng giá rẻ - số lượng lớn
23226,FILIGREE HEART DAISY WHITE,1,Hàng giá rẻ - số lượng lớn
23227,FILIGREE HEART BUTTERFLY WHITE ,1,Hàng giá rẻ - số lượng lớn
23228,FILIGREE HEART BIRD WHITE ,1,Hàng giá rẻ - số lượng lớn
23229,VINTAGE DONKEY TAIL GAME ,3,Hàng chủ lực - bán chạy đều
23230,WRAP ALPHABET DESIGN,3,Hàng chủ lực - bán chạy đều
23231,WRAP DOILEY DESIGN,3,Hàng chủ lực - bán chạy đều
23232,WRAP VINTAGE LEAF DESIGN,3,Hàng chủ lực - bán chạy đều
23233,WRAP POPPIES  DESIGN,1,Hàng giá rẻ - số lượng lớn
23234,BISCUIT TIN VINTAGE CHRISTMAS,3,Hàng chủ lực - bán chạy đều
23235,STORAGE TIN VINTAGE LEAF,0,Hàng giá trị cao - ổn định
23236,STORAGE TIN VINTAGE DOILY ,3,Hàng chủ lực - bán chạy đều
23237,SET OF 4 KNICK KNACK TINS LEAF,0,Hàng giá trị cao - ổn định
23238,SET OF 4 KNICK KNACK TINS LONDON ,3,Hàng chủ lực - bán chạy đều
23239,SET OF 4 KNICK KNACK TINS POPPIES,0,Hàng giá trị cao - ổn định
23240,SET OF 4 KNICK KNACK TINS DOILY ,3,Hàng chủ lực - bán chạy đều
23241,TREASURE TIN GYMKHANA DESIGN,3,Hàng chủ lực - bán chạy đều
23242,TREASURE TIN BUFFALO BILL ,3,Hàng chủ lực - bán chạy đều
23243,SET OF TEA COFFEE SUGAR TINS PANTRY,3,Hàng chủ lực - bán chạy đều
23244,ROUND STORAGE TIN VINTAGE LEAF,0,Hàng giá trị cao - ổn định
23245,SET OF 3 REGENCY CAKE TINS,3,Hàng chủ lực - bán chạy đều
23247,BISCUIT TIN 50'S CHRISTMAS,3,Hàng chủ lực - bán chạy đều
23249,VINTAGE RED ENAMEL TRIM PLATE,1,Hàng giá rẻ - số lượng lớn
23250,VINTAGE RED TRIM ENAMEL BOWL ,1,Hàng giá rẻ - số lượng lớn
23251,VINTAGE RED ENAMEL TRIM MUG ,1,Hàng giá rẻ - số lượng lớn
23252,VINTAGE RED ENAMEL TRIM JUG ,0,Hàng giá trị cao - ổn định
23253,16 PIECE CUTLERY SET PANTRY DESIGN,0,Hàng giá trị cao - ổn định
23254,CHILDRENS CUTLERY DOLLY GIRL ,3,Hàng chủ lực - bán chạy đều
23255,CHILDRENS CUTLERY CIRCUS PARADE,0,Hàng giá trị cao - ổn định
23256,CHILDRENS CUTLERY SPACEBOY ,3,Hàng chủ lực - bán chạy đều
23263,SET OF 3 WOODEN HEART DECORATIONS,3,Hàng chủ lực - bán chạy đều
23264,SET OF 3 WOODEN SLEIGH DECORATIONS,3,Hàng chủ lực - bán chạy đều
23265,SET OF 3 WOODEN TREE DECORATIONS,3,Hàng chủ lực - bán chạy đều
23266,SET OF 3 WOODEN STOCKING DECORATION,3,Hàng chủ lực - bán chạy đều
23267,SET OF 4 SANTA PLACE SETTINGS,1,Hàng giá rẻ - số lượng lớn
23268,SET OF 2 CERAMIC CHRISTMAS REINDEER,1,Hàng giá rẻ - số lượng lớn
23269,SET OF 2 CERAMIC CHRISTMAS TREES,1,Hàng giá rẻ - số lượng lớn
23270,SET OF 2 CERAMIC PAINTED HEARTS ,1,Hàng giá rẻ - số lượng lớn
23271,CHRISTMAS TABLE SILVER CANDLE SPIKE,1,Hàng giá rẻ - số lượng lớn
23272,TREE T-LIGHT HOLDER WILLIE WINKIE,1,Hàng giá rẻ - số lượng lớn
23273,HEART T-LIGHT HOLDER WILLIE WINKIE,0,Hàng giá trị cao - ổn định
23274,STAR T-LIGHT HOLDER WILLIE WINKIE,1,Hàng giá rẻ - số lượng lớn
23275,SET OF 3 HANGING OWLS OLLIE BEAK,3,Hàng chủ lực - bán chạy đều
23280,FOLDING BUTTERFLY MIRROR HOT PINK ,1,Hàng giá rẻ - số lượng lớn
23281,FOLDING BUTTERFLY MIRROR RED  ,1,Hàng giá rẻ - số lượng lớn
23282,FOLDING BUTTERFLY MIRROR IVORY ,0,Hàng giá trị cao - ổn định
23283,DOORMAT VINTAGE LEAF,0,Hàng giá trị cao - ổn định
23284,DOORMAT KEEP CALM AND COME IN,3,Hàng chủ lực - bán chạy đều
23285,PINK VINTAGE SPOT BEAKER,3,Hàng chủ lực - bán chạy đều
23286,BLUE VINTAGE SPOT BEAKER,3,Hàng chủ lực - bán chạy đều
23287,RED VINTAGE SPOT BEAKER,3,Hàng chủ lực - bán chạy đều
23288,GREEN VINTAGE SPOT BEAKER,3,Hàng chủ lực - bán chạy đều
23289,DOLLY GIRL CHILDRENS BOWL,3,Hàng chủ lực - bán chạy đều
23290,SPACEBOY CHILDRENS BOWL,3,Hàng chủ lực - bán chạy đều
23291,DOLLY GIRL CHILDRENS CUP,3,Hàng chủ lực - bán chạy đều
23292,SPACEBOY CHILDRENS CUP,3,Hàng chủ lực - bán chạy đều
23293,SET OF 12 FAIRY CAKE BAKING CASES,3,Hàng chủ lực - bán chạy đều
23294,SET OF 6 SNACK LOAF BAKING CASES,3,Hàng chủ lực - bán chạy đều
23295,SET OF 12 MINI LOAF BAKING CASES,3,Hàng chủ lực - bán chạy đều
23296,SET OF 6 TEA TIME BAKING CASES,3,Hàng chủ lực - bán chạy đều
23297,SET 40 HEART SHAPE PETIT FOUR CASES,3,Hàng chủ lực - bán chạy đều
23298,SPOTTY BUNTING,3,Hàng chủ lực - bán chạy đều
23299,FOOD COVER WITH BEADS SET 2 ,0,Hàng giá trị cao - ổn định
23300,GARDENERS KNEELING PAD CUP OF TEA ,3,Hàng chủ lực - bán chạy đều
23301,GARDENERS KNEELING PAD KEEP CALM ,3,Hàng chủ lực - bán chạy đều
23302,KNEELING MAT HOUSEWORK  DESIGN,3,Hàng chủ lực - bán chạy đều
23303,SET 4 PICNIC CUTLERY FONDANT,4,Hàng bán chậm - ít khách
23304,SET 4 PICNIC CUTLERY CHERRY ,4,Hàng bán chậm - ít khách
23305,SET 4 PICNIC CUTLERY BLUEBERRY,4,Hàng bán chậm - ít khách
23306,SET OF 36 DOILIES PANTRY DESIGN,3,Hàng chủ lực - bán chạy đều
23307,SET OF 60 PANTRY DESIGN CAKE CASES ,3,Hàng chủ lực - bán chạy đều
23308,SET OF 60 VINTAGE LEAF CAKE CASES ,3,Hàng chủ lực - bán chạy đều
23309,SET OF 60 I LOVE LONDON CAKE CASES ,3,Hàng chủ lực - bán chạy đều
23310,BUBBLEGUM RING ASSORTED,3,Hàng chủ lực - bán chạy đều
23311,VINTAGE CHRISTMAS STOCKING ,3,Hàng chủ lực - bán chạy đều
23312,VINTAGE CHRISTMAS GIFT SACK,0,Hàng giá trị cao - ổn định
23313,VINTAGE CHRISTMAS BUNTING,3,Hàng chủ lực - bán chạy đều
23314,VINTAGE CHRISTMAS TABLECLOTH,0,Hàng giá trị cao - ổn định
23315,IVORY REFECTORY CLOCK,0,Hàng giá trị cao - ổn định
23316,RED REFECTORY CLOCK ,0,Hàng giá trị cao - ổn định
23317,BLUE REFECTORY CLOCK ,0,Hàng giá trị cao - ổn định
23318,BOX OF 6 MINI VINTAGE CRACKERS,3,Hàng chủ lực - bán chạy đều
23319,BOX OF 6 MINI 50'S CRACKERS,3,Hàng chủ lực - bán chạy đều
23320,GIANT 50'S CHRISTMAS CRACKER,3,Hàng chủ lực - bán chạy đều
23321,SMALL WHITE HEART OF WICKER,3,Hàng chủ lực - bán chạy đều
23322,LARGE WHITE HEART OF WICKER,3,Hàng chủ lực - bán chạy đều
23323,WHITE WICKER STAR ,0,Hàng giá trị cao - ổn định
23324,RUSTIC STRAWBERRY JAM POT LARGE ,1,Hàng giá rẻ - số lượng lớn
23325,RUSTIC STRAWBERRY JAM POT SMALL,1,Hàng giá rẻ - số lượng lớn
23326,HANGING MINI COLOURED BOTTLES,1,Hàng giá rẻ - số lượng lớn
23327,HANGING CLEAR MINI BOTTLE,1,Hàng giá rẻ - số lượng lớn
23328,SET 6 SCHOOL MILK BOTTLES IN CRATE,3,Hàng chủ lực - bán chạy đều
23329,DECORATIVE WICKER HEART LARGE,3,Hàng chủ lực - bán chạy đều
23330,DECORATIVE WICKER HEART MEDIUM,3,Hàng chủ lực - bán chạy đều
23331,DECORATIVE WICKER HEART SMALL,1,Hàng giá rẻ - số lượng lớn
23332,IVORY WICKER HEART LARGE,3,Hàng chủ lực - bán chạy đều
23333,IVORY WICKER HEART MEDIUM,3,Hàng chủ lực - bán chạy đều
23334,IVORY WICKER HEART SMALL,1,Hàng giá rẻ - số lượng lớn
23335,EGG FRYING PAN IVORY ,0,Hàng giá trị cao - ổn định
23336,EGG FRYING PAN PINK ,0,Hàng giá trị cao - ổn định
23337,EGG FRYING PAN MINT ,0,Hàng giá trị cao - ổn định
23338,EGG FRYING PAN RED ,0,Hàng giá trị cao - ổn định
23339,EGG FRYING PAN BLUE ,0,Hàng giá trị cao - ổn định
23340,VINTAGE CHRISTMAS CAKE FRILL,3,Hàng chủ lực - bán chạy đều
23341,PINK DINER WALL CLOCK,0,Hàng giá trị cao - ổn định
23342,MINT DINER WALL CLOCK,0,Hàng giá trị cao - ổn định
23343,JUMBO BAG VINTAGE CHRISTMAS ,3,Hàng chủ lực - bán chạy đều
23344,JUMBO BAG 50'S CHRISTMAS ,3,Hàng chủ lực - bán chạy đều
23345, DOLLY GIRL BEAKER,3,Hàng chủ lực - bán chạy đều
23346,SPACEBOY BEAKER,3,Hàng chủ lực - bán chạy đều
23347,I LOVE LONDON BEAKER,1,Hàng giá rẻ - số lượng lớn
23348,CHILDRENS TOY COOKING UTENSIL SET,0,Hàng giá trị cao - ổn định
23349,ROLL WRAP VINTAGE CHRISTMAS,3,Hàng chủ lực - bán chạy đều
23350,ROLL WRAP VINTAGE SPOT ,3,Hàng chủ lực - bán chạy đều
23351,ROLL WRAP 50'S CHRISTMAS,3,Hàng chủ lực - bán chạy đều
23352,ROLL WRAP 50'S RED CHRISTMAS ,3,Hàng chủ lực - bán chạy đều
23353,6 GIFT TAGS VINTAGE CHRISTMAS ,3,Hàng chủ lực - bán chạy đều
23354,6 GIFT TAGS 50'S CHRISTMAS ,3,Hàng chủ lực - bán chạy đều
23355,HOT WATER BOTTLE KEEP CALM,3,Hàng chủ lực - bán chạy đều
23356,LOVE HOT WATER BOTTLE,3,Hàng chủ lực - bán chạy đều
23357,HOT WATER BOTTLE SEX BOMB,0,Hàng giá trị cao - ổn định
23358,HOT STUFF HOT WATER BOTTLE,0,Hàng giá trị cao - ổn định
23359,SET OF 12 T-LIGHTS VINTAGE DOILY,1,Hàng giá rẻ - số lượng lớn
23360,SET 8 CANDLES VINTAGE DOILY,1,Hàng giá rẻ - số lượng lớn
23365,SET 12 COLOUR PENCILS LOVE LONDON,1,Hàng giá rẻ - số lượng lớn
23366,SET 12 COLOURING PENCILS DOILY,3,Hàng chủ lực - bán chạy đều
23367,SET 12 COLOUR PENCILS SPACEBOY ,3,Hàng chủ lực - bán chạy đều
23368,SET 12 COLOUR PENCILS DOLLY GIRL ,3,Hàng chủ lực - bán chạy đều
23369,SET 36 COLOUR PENCILS LOVE LONDON,1,Hàng giá rẻ - số lượng lớn
23370,SET 36 COLOURING PENCILS DOILY,1,Hàng giá rẻ - số lượng lớn
23371,SET 36 COLOUR PENCILS SPACEBOY ,3,Hàng chủ lực - bán chạy đều
23372,SET 36 COLOUR PENCILS DOLLY GIRL,1,Hàng giá rẻ - số lượng lớn
23373,VINTAGE CHRISTMAS PAPER GIFT BAG,1,Hàng giá rẻ - số lượng lớn
23374,RED SPOT PAPER GIFT BAG,1,Hàng giá rẻ - số lượng lớn
23375,50'S CHRISTMAS PAPER GIFT BAG,1,Hàng giá rẻ - số lượng lớn
23376,PACK OF 12 VINTAGE CHRISTMAS TISSUE,1,Hàng giá rẻ - số lượng lớn
23377,PACK OF 12 DOLLY GIRL TISSUES,1,Hàng giá rẻ - số lượng lớn
23378,PACK OF 12 50'S CHRISTMAS TISSUES,1,Hàng giá rẻ - số lượng lớn
23379,PACK OF 12 RED APPLE TISSUES,1,Hàng giá rẻ - số lượng lớn
23380,PACK OF 12 VINTAGE DOILY TISSUES,1,Hàng giá rẻ - số lượng lớn
23381,PACK OF 12 VINTAGE LEAF TISSUES ,1,Hàng giá rẻ - số lượng lớn
23382,BOX OF 6 CHRISTMAS CAKE DECORATIONS,3,Hàng chủ lực - bán chạy đều
23388,WOODLAND MINI BACKPACK,0,Hàng giá trị cao - ổn định
23389,SPACEBOY MINI BACKPACK,0,Hàng giá trị cao - ổn định
23390,DOLLY GIRL MINI BACKPACK,0,Hàng giá trị cao - ổn định
23391, I LOVE LONDON MINI BACKPACK,0,Hàng giá trị cao - ổn định
23392,SPACEBOY ROCKET LOLLY MAKERS,0,Hàng giá trị cao - ổn định
23393,HOME SWEET HOME CUSHION COVER ,0,Hàng giá trị cao - ổn định
23394,POSTE FRANCE CUSHION COVER,0,Hàng giá trị cao - ổn định
23395,BELLE JARDINIERE CUSHION COVER,0,Hàng giá trị cao - ổn định
23396,LE JARDIN BOTANIQUE CUSHION COVER,0,Hàng giá trị cao - ổn định
23397,FOOT STOOL HOME SWEET HOME ,0,Hàng giá trị cao - ổn định
23398,HANGING HEART BONHEUR,1,Hàng giá rẻ - số lượng lớn
23399,HOME SWEET HOME HANGING HEART,3,Hàng chủ lực - bán chạy đều
23400,SHELF WITH 4 HOOKS HOME SWEET HOME,0,Hàng giá trị cao - ổn định
23401,RUSTIC MIRROR WITH LACE HEART,0,Hàng giá trị cao - ổn định
23402,HOME SWEET HOME 3 PEG HANGER ,0,Hàng giá trị cao - ổn định
23403,LETTER HOLDER HOME SWEET HOME,0,Hàng giá trị cao - ổn định
23404,HOME SWEET HOME BLACKBOARD,0,Hàng giá trị cao - ổn định
23405,HOME SWEET HOME 2 DRAWER CABINET,0,Hàng giá trị cao - ổn định
23406,HOME SWEET HOME KEY HOLDER,0,Hàng giá trị cao - ổn định
23407,SET OF 2 TRAYS HOME SWEET HOME,0,Hàng giá trị cao - ổn định
23408,PHOTO FRAME LINEN AND LACE SMALL,0,Hàng giá trị cao - ổn định
23409,PHOTO FRAME LINEN AND LACE LARGE,0,Hàng giá trị cao - ổn định
23410,CURIO CABINET LINEN AND LACE ,4,Hàng bán chậm - ít khách
23411, TRELLIS COAT RACK,0,Hàng giá trị cao - ổn định
23412,HEART MIRROR ANTIQUE WHITE,0,Hàng giá trị cao - ổn định
23413,VINTAGE COFFEE GRINDER BOX,0,Hàng giá trị cao - ổn định
23414,ZINC BOX SIGN HOME,0,Hàng giá trị cao - ổn định
23415,HOME SWEET HOME HOOK,1,Hàng giá rẻ - số lượng lớn
23416,CHAMBRE HOOK,4,Hàng bán chậm - ít khách
23417,BATHROOM HOOK,4,Hàng bán chậm - ít khách
23418,LAVENDER TOILETTE BOTTLE,0,Hàng giá trị cao - ổn định
23419,HOME SWEET HOME BOTTLE ,0,Hàng giá trị cao - ổn định
23420,PANTRY HOOK TEA STRAINER ,4,Hàng bán chậm - ít khách
23421,PANTRY HOOK SPATULA,4,Hàng bán chậm - ít khách
23422,PANTRY HOOK BALLOON WHISK ,0,Hàng giá trị cao - ổn định
23423,PANTRY 3 HOOK ROLLING PIN HANGER,0,Hàng giá trị cao - ổn định
23424,GINGHAM RECIPE BOOK BOX,0,Hàng giá trị cao - ổn định
23425,STORAGE TIN HOME SWEET HOME,0,Hàng giá trị cao - ổn định
23426,METAL SIGN DROP YOUR PANTS,0,Hàng giá trị cao - ổn định
23427,STOOL HOME SWEET HOME ,0,Hàng giá trị cao - ổn định
23428,IVORY RETRO KITCHEN WALL CLOCK,4,Hàng bán chậm - ít khách
23429,RED RETRO KITCHEN WALL CLOCK,4,Hàng bán chậm - ít khách
23430,BLUE RETRO KITCHEN WALL CLOCK,4,Hàng bán chậm - ít khách
23431,NATURAL HANGING QUILTED HEARTS ,1,Hàng giá rẻ - số lượng lớn
23432,PRETTY HANGING QUILTED HEARTS,1,Hàng giá rẻ - số lượng lớn
23433,HANGING QUILTED PATCHWORK APPLES,1,Hàng giá rẻ - số lượng lớn
23434,3 RAFFIA RIBBONS 50'S CHRISTMAS ,3,Hàng chủ lực - bán chạy đều
23435,3 RAFFIA RIBBONS VINTAGE CHRISTMAS,1,Hàng giá rẻ - số lượng lớn
23436,VINTAGE CHRISTMAS GIFT BAG LARGE ,1,Hàng giá rẻ - số lượng lớn
23437, 50'S CHRISTMAS GIFT BAG LARGE,1,Hàng giá rẻ - số lượng lớn
23438, RED SPOT GIFT BAG LARGE,1,Hàng giá rẻ - số lượng lớn
23439,HAND WARMER RED LOVE HEART,3,Hàng chủ lực - bán chạy đều
23440,PAINT YOUR OWN EGGS IN CRATE,1,Hàng giá rẻ - số lượng lớn
23442,12 HANGING EGGS HAND PAINTED,4,Hàng bán chậm - ít khách
23444,Next Day Carriage,0,Hàng giá trị cao - ổn định
23445,ICE CREAM BUBBLES,1,Hàng giá rẻ - số lượng lớn
23451,SQUARE MINI PORTRAIT FRAME,0,Hàng giá trị cao - ổn định
23452,HEART MINI PORTRAIT FRAME,0,Hàng giá trị cao - ổn định
23453,OVAL  MINI PORTRAIT FRAME,0,Hàng giá trị cao - ổn định
23454,THREE MINI HANGING FRAMES,0,Hàng giá trị cao - ổn định
23455,SMALL PARLOUR PICTURE FRAME,0,Hàng giá trị cao - ổn định
23456,MEDIUM PARLOUR PICTURE FRAME ,4,Hàng bán chậm - ít khách
23457,LARGE PARLOUR PICTURE FRAME,4,Hàng bán chậm - ít khách
23458,DOLLY CABINET 3 DRAWERS ,4,Hàng bán chậm - ít khách
23459,DOLLY CABINET 2 DRAWERS ,4,Hàng bán chậm - ít khách
23460,SWEETHEART WALL TIDY ,0,Hàng giá trị cao - ổn định
23461,SWEETHEART BIRD HOUSE,1,Hàng giá rẻ - số lượng lớn
23462,ROCOCO WALL MIRROR WHITE,0,Hàng giá trị cao - ổn định
23463,VINTAGE ZINC WATERING CAN,4,Hàng bán chậm - ít khách
23464,VINTAGE ZINC WATERING CAN SMALL,4,Hàng bán chậm - ít khách
23465,TUSCAN VILLA BIRD FEEDER,4,Hàng bán chậm - ít khách
23466,TUSCAN VILLA DOVECOTE BIRD FEEDER,4,Hàng bán chậm - ít khách
23467,VINTAGE ZINC PLANTER  ,4,Hàng bán chậm - ít khách
23468,TUSCAN VILLA BIRD TABLE ,4,Hàng bán chậm - ít khách
23469,CARD HOLDER LOVE BIRD SMALL,0,Hàng giá trị cao - ổn định
23470,CARD HOLDER LOVE BIRD LARGE ,0,Hàng giá trị cao - ổn định
23471,SIX DRAWER OFFICE TIDY,4,Hàng bán chậm - ít khách
23472, NINE DRAWER OFFICE TIDY,4,Hàng bán chậm - ít khách
23473,WOODLAND SMALL RED FELT HEART,1,Hàng giá rẻ - số lượng lớn
23474,WOODLAND SMALL BLUE FELT HEART,1,Hàng giá rẻ - số lượng lớn
23475,WOODLAND SMALL PINK FELT HEART,1,Hàng giá rẻ - số lượng lớn
23476,WOODLAND LARGE RED FELT HEART,4,Hàng bán chậm - ít khách
23477,WOODLAND LARGE BLUE FELT HEART,4,Hàng bán chậm - ít khách
23478,WOODLAND LARGE PINK FELT HEART,1,Hàng giá rẻ - số lượng lớn
23479,WIRE EGG BASKET ,0,Hàng giá trị cao - ổn định
23480,MINI LIGHTS WOODLAND MUSHROOMS,3,Hàng chủ lực - bán chạy đều
23481,PEARLISED IVORY HEART SMALL ,1,Hàng giá rẻ - số lượng lớn
23482,PEARLISED IVORY HEART LARGE ,1,Hàng giá rẻ - số lượng lớn
23483,HANGING  BUTTERFLY T-LIGHT HOLDER,1,Hàng giá rẻ - số lượng lớn
23484,HEART TRELLIS TRIPLE T-LIGHT HOLDER,4,Hàng bán chậm - ít khách
23485,BOTANICAL GARDENS WALL CLOCK ,0,Hàng giá trị cao - ổn định
23486,ANTIQUE HEART SHELF UNIT,0,Hàng giá trị cao - ổn định
23487,SWEET HEART CAKE CARRIER,4,Hàng bán chậm - ít khách
23489,VINTAGE BELLS GARLAND,0,Hàng giá trị cao - ổn định
23490,T-LIGHT HOLDER HANGING LOVE BIRD,0,Hàng giá trị cao - ổn định
23491,VINTAGE JINGLE BELLS HEART,0,Hàng giá trị cao - ổn định
23492,VINTAGE JINGLE BELLS WREATH,4,Hàng bán chậm - ít khách
23493,VINTAGE DOILY TRAVEL SEWING KIT,3,Hàng chủ lực - bán chạy đều
23494,VINTAGE DOILY DELUXE SEWING KIT ,0,Hàng giá trị cao - ổn định
23495,SET OF 3 PANTRY WOODEN SPOONS,4,Hàng bán chậm - ít khách
23496,PANTRY KITCHEN THERMOMETER ,4,Hàng bán chậm - ít khách
23497,CLASSIC CHROME BICYCLE BELL ,3,Hàng chủ lực - bán chạy đều
23498,CLASSIC BICYCLE CLIPS ,1,Hàng giá rẻ - số lượng lớn
23499,SET 12 VINTAGE DOILY CHALK ,1,Hàng giá rẻ - số lượng lớn
23500,KEY RING BASEBALL BOOT ASSORTED ,1,Hàng giá rẻ - số lượng lớn
23501,KEY RING BASEBALL BOOT UNION JACK,1,Hàng giá rẻ - số lượng lớn
23502,PLAYING CARDS VINTAGE DOILY ,1,Hàng giá rẻ - số lượng lớn
23503,PLAYING CARDS KEEP CALM & CARRY ON,3,Hàng chủ lực - bán chạy đều
23504,PLAYING CARDS JUBILEE UNION JACK,3,Hàng chủ lực - bán chạy đều
23505,PLAYING CARDS I LOVE LONDON ,1,Hàng giá rẻ - số lượng lớn
23506,MINI PLAYING CARDS SPACEBOY ,1,Hàng giá rẻ - số lượng lớn
23507,MINI PLAYING CARDS BUFFALO BILL ,1,Hàng giá rẻ - số lượng lớn
23508,MINI PLAYING CARDS DOLLY GIRL ,1,Hàng giá rẻ - số lượng lớn
23509,MINI PLAYING CARDS FUN FAIR ,1,Hàng giá rẻ - số lượng lớn
23510,MINI PLAYING CARDS GYMKHANA,1,Hàng giá rẻ - số lượng lớn
23511,EMBROIDERED RIBBON REEL EMILY ,0,Hàng giá trị cao - ổn định
23512,EMBROIDERED RIBBON REEL ROSIE,1,Hàng giá rẻ - số lượng lớn
23513,EMBROIDERED RIBBON REEL SUSIE ,1,Hàng giá rẻ - số lượng lớn
23514,EMBROIDERED RIBBON REEL SALLY ,0,Hàng giá trị cao - ổn định
23515,EMBROIDERED RIBBON REEL DAISY ,1,Hàng giá rẻ - số lượng lớn
23516,EMBROIDERED RIBBON REEL SOPHIE  ,0,Hàng giá trị cao - ổn định
23517,EMBROIDERED RIBBON REEL REBECCA ,0,Hàng giá trị cao - ổn định
23518,EMBROIDERED RIBBON REEL RACHEL ,1,Hàng giá rẻ - số lượng lớn
23519,EMBROIDERED RIBBON REEL CLAIRE,1,Hàng giá rẻ - số lượng lớn
23520,EMBROIDERED RIBBON REEL RUBY ,0,Hàng giá trị cao - ổn định
23521,WALL ART CAT AND BIRD ,1,Hàng giá rẻ - số lượng lớn
23522,WALL ART DOG AND BALL ,1,Hàng giá rẻ - số lượng lớn
23523,WALL ART TREASURE AHOY ,1,Hàng giá rẻ - số lượng lớn
23524,WALL ART HORSE & PONY ,0,Hàng giá trị cao - ổn định
23525,WALL ART BUFFALO BILL ,1,Hàng giá rẻ - số lượng lớn
23526,WALL ART DOG LICENCE ,0,Hàng giá trị cao - ổn định
23527,WALL ART ANIMALS AND NATURE ,1,Hàng giá rẻ - số lượng lớn
23528,WALL ART SPACEBOY,1,Hàng giá rẻ - số lượng lớn
23529,WALL ART DOLLY GIRL ,1,Hàng giá rẻ - số lượng lớn
23530,WALL ART ONLY ONE PERSON ,0,Hàng giá trị cao - ổn định
23531,WALL ART BIG LOVE ,0,Hàng giá trị cao - ổn định
23532,WALL ART WORK REST AND PLAY  ,0,Hàng giá trị cao - ổn định
23533,WALL ART GARDEN HAVEN ,0,Hàng giá trị cao - ổn định
23534,WALL ART STOP FOR TEA ,0,Hàng giá trị cao - ổn định
23535,WALL ART BICYCLE SAFETY,0,Hàng giá trị cao - ổn định
23536,WALL ART VILLAGE SHOW ,0,Hàng giá trị cao - ổn định
23537,WALL ART I LOVE LONDON ,4,Hàng bán chậm - ít khách
23538,WALL ART VINTAGE HEART,1,Hàng giá rẻ - số lượng lớn
23539,WALL ART LOVES' SECRET ,0,Hàng giá trị cao - ổn định
23540,WALL ART THE MAGIC FOREST ,1,Hàng giá rẻ - số lượng lớn
23541,WALL ART CLASSIC PUDDINGS ,0,Hàng giá trị cao - ổn định
23542,WALL ART 70'S ALPHABET ,0,Hàng giá trị cao - ổn định
23543,WALL ART KEEP CALM ,0,Hàng giá trị cao - ổn định
23544,WALL ART MID CENTURY MODERN ,0,Hàng giá trị cao - ổn định
23545,WRAP RED VINTAGE DOILY,1,Hàng giá rẻ - số lượng lớn
23546,WRAP PAISLEY PARK ,1,Hàng giá rẻ - số lượng lớn
23547,WRAP FLOWER SHOP  ,1,Hàng giá rẻ - số lượng lớn
23548,WRAP MAGIC FOREST ,1,Hàng giá rẻ - số lượng lớn
23549,WRAP BIRD GARDEN ,1,Hàng giá rẻ - số lượng lớn
23550,WRAP ALPHABET POSTER  ,1,Hàng giá rẻ - số lượng lớn
23551,PACK OF 12 PAISLEY PARK TISSUES ,1,Hàng giá rẻ - số lượng lớn
23552,BICYCLE PUNCTURE REPAIR KIT ,1,Hàng giá rẻ - số lượng lớn
23553,LANDMARK FRAME CAMDEN TOWN ,0,Hàng giá trị cao - ổn định
23554,LANDMARK FRAME OXFORD STREET,0,Hàng giá trị cao - ổn định
23555,LANDMARK FRAME NOTTING HILL ,0,Hàng giá trị cao - ổn định
23556,LANDMARK FRAME COVENT GARDEN ,0,Hàng giá trị cao - ổn định
23557,LANDMARK FRAME BAKER STREET ,0,Hàng giá trị cao - ổn định
23558,LANDMARK FRAME LONDON BRIDGE ,0,Hàng giá trị cao - ổn định
23559,WOODLAND BUNNIES LOLLY MAKERS,0,Hàng giá trị cao - ổn định
23560,SET OF 6 RIBBONS COUNTRY STYLE,4,Hàng bán chậm - ít khách
23561,SET OF 6 RIBBONS PARTY,1,Hàng giá rẻ - số lượng lớn
23562,SET OF 6 RIBBONS PERFECTLY PRETTY  ,0,Hàng giá trị cao - ổn định
23564,EGG CUP MILKMAID INGRID,1,Hàng giá rẻ - số lượng lớn
23565,EGG CUP MILKMAID HELGA ,0,Hàng giá trị cao - ổn định
23566,EGG CUP MILKMAID HEIDI,1,Hàng giá rẻ - số lượng lớn
23567,EGG CUP HENRIETTA HEN PINK,4,Hàng bán chậm - ít khách
23568,EGG CUP HENRIETTA HEN CREAM ,1,Hàng giá rẻ - số lượng lớn
23569,TRADTIONAL ALPHABET STAMP SET,0,Hàng giá trị cao - ổn định
23570,TRADITIONAL PICK UP STICKS GAME ,3,Hàng chủ lực - bán chạy đều
23571,TRADITIONAL NAUGHTS & CROSSES,3,Hàng chủ lực - bán chạy đều
23574,PACKING CHARGE,4,Hàng bán chậm - ít khách
23575,SNACK TRAY PAISLEY PARK,4,Hàng bán chậm - ít khách
23576,SNACK TRAY RED VINTAGE DOILY,4,Hàng bán chậm - ít khách
23578,SNACK TRAY RED GINGHAM,4,Hàng bán chậm - ít khách
23579,SNACK TRAY I LOVE LONDON,4,Hàng bán chậm - ít khách
23580,SNACK TRAY HAPPY FOREST  ,4,Hàng bán chậm - ít khách
23581,JUMBO BAG PAISLEY PARK,3,Hàng chủ lực - bán chạy đều
23582,VINTAGE DOILY JUMBO BAG RED ,3,Hàng chủ lực - bán chạy đều
23583,LUNCH BAG PAISLEY PARK  ,3,Hàng chủ lực - bán chạy đều
23597,PAPER BUNTING PAISLEY PARK,1,Hàng giá rẻ - số lượng lớn
23598,PAPER BUNTING VINTAGE PARTY,1,Hàng giá rẻ - số lượng lớn
23603,SET 10 CARD KRAFT REINDEER 17084,4,Hàng bán chậm - ít khách
23607,SET 10 CARDS HATS & STOCKINGS 17081,4,Hàng bán chậm - ít khách
23611,SET 10 CARDS RED RIDING HOOD 17214,4,Hàng bán chậm - ít khách
23613,SET 10 XMAS CARDS & BADGES 17070,4,Hàng bán chậm - ít khách
23614,SET 10 CARDS 12 DAYS WRAP  17058,4,Hàng bán chậm - ít khách
23616,SET 10 CARDS JINGLE BELLS 17217,4,Hàng bán chậm - ít khách
23620,SET 10 CARDS PERFECT POST 17090,4,Hàng bán chậm - ít khách
23623,SET 10 CARD CHRISTMAS WELCOME 17112,4,Hàng bán chậm - ít khách
23626,SET 10 CARDS DINKY TREE 17076,4,Hàng bán chậm - ít khách
23629,SET 10 CARDS DRESSING UP 17077,4,Hàng bán chậm - ít khách
23632,SET 10 CARDS CHEERFUL ROBIN 17065,4,Hàng bán chậm - ít khách
23634,SET 10 CARDS XMAS CHOIR 17068,4,Hàng bán chậm - ít khách
23636,SET 10 CARDS WISHING TREE 17116,4,Hàng bán chậm - ít khách
23637,SET 10 CARDS OUT OF ORDER 17216,4,Hàng bán chậm - ít khách
23640,SET 10 CARDS SCOTTIE DOG 17211,4,Hàng bán chậm - ít khách
23644,SET 10 CARDS CHRISTMAS TREE 16955,4,Hàng bán chậm - ít khách
23646,SET 10 CARDS JINGLE BELLS 16957,4,Hàng bán chậm - ít khách
23660,HENRIETTA HEN MUG ,0,Hàng giá trị cao - ổn định
23661,MILK MAIDS MUG ,4,Hàng bán chậm - ít khách
23681,LUNCH BAG RED VINTAGE DOILY,1,Hàng giá rẻ - số lượng lớn
23691,WRAP KEEP CALM BIRTHDAY,1,Hàng giá rẻ - số lượng lớn
23694,PAISLEY PARK CARD,1,Hàng giá rẻ - số lượng lớn
23695,DOILY THANK YOU CARD,1,Hàng giá rẻ - số lượng lớn
23697,A PRETTY THANK YOU CARD,1,Hàng giá rẻ - số lượng lớn
35001B,HAND OPEN SHAPE BLACK,4,Hàng bán chậm - ít khách
35001G,HAND OPEN SHAPE GOLD,0,Hàng giá trị cao - ổn định
35001W,HAND OPEN SHAPE DECO.WHITE,0,Hàng giá trị cao - ổn định
35004B,SET OF 3 BLACK FLYING DUCKS,0,Hàng giá trị cao - ổn định
35004C,SET OF 3 COLOURED  FLYING DUCKS,3,Hàng chủ lực - bán chạy đều
35004G,SET OF 3 GOLD FLYING DUCKS,0,Hàng giá trị cao - ổn định
35004P,SET OF 3 PINK FLYING DUCKS,4,Hàng bán chậm - ít khách
35004S,SET OF 3 SILVER FLYING DUCKS,4,Hàng bán chậm - ít khách
35015,JACOBS LADDER SMALL,1,Hàng giá rẻ - số lượng lớn
35071,ASSORTED SANTA CHRISTMAS DECORATION,4,Hàng bán chậm - ít khách
35085E,IVORY ROSE LAMPSHADE ,4,Hàng bán chậm - ít khách
35095A,BLUE VICTORIAN FABRIC OVAL BOX,1,Hàng giá rẻ - số lượng lớn
35095B,RED VICTORIAN FABRIC OVAL BOX,1,Hàng giá rẻ - số lượng lớn
35096A,BLUE VICTORIAN FABRIC HEART BOX,1,Hàng giá rẻ - số lượng lớn
35096B,RED VICTORIAN FABRIC HEART BOX,1,Hàng giá rẻ - số lượng lớn
35160,BUDDHA INCENSE HOLDER ASSORTED,1,Hàng giá rẻ - số lượng lớn
35233,PASTA ENAMEL/BRASS CONTAINER,4,Hàng bán chậm - ít khách
35240,ENAMEL BLUE RIM OVAL TRAY SET/2,4,Hàng bán chậm - ít khách
35241,ENAMEL BLUE RIM BISCUIT BIN,0,Hàng giá trị cao - ổn định
35265,COLOURFUL FLOWER FRUIT BOWL,4,Hàng bán chậm - ít khách
35271S,GOLD PRINT PAPER BAG,1,Hàng giá rẻ - số lượng lớn
35400,WOODEN BOX ADVENT CALENDAR ,0,Hàng giá trị cao - ổn định
35443,RASTA IN BATH W SPLIFF ASHTRAY,4,Hàng bán chậm - ít khách
35471A,SET OF 3 BIRD L.BLUE FEATHER,0,Hàng giá trị cao - ổn định
35471D,SET OF 3 BIRD LIGHT PINK FEATHER ,3,Hàng chủ lực - bán chạy đều
35591T,TURQUOISE CHRISTMAS TREE ,4,Hàng bán chậm - ít khách
35594,WOODEN CHRISTMAS TREE 3 HANGING,4,Hàng bán chậm - ít khách
35597B,BLACKCHRISTMAS TREE 30CM,4,Hàng bán chậm - ít khách
35597D,PINK/WHITE CHRISTMAS TREE 30CM,4,Hàng bán chậm - ít khách
35598B,BLACK CHRISTMAS TREE 60CM,1,Hàng giá rẻ - số lượng lớn
35598D,PINK/WHITE CHRISTMAS TREE 60CM,1,Hàng giá rẻ - số lượng lớn
35599B,BLACK CHRISTMAS TREE 120CM,0,Hàng giá trị cao - ổn định
35599D,PINK AND WHITE CHRISTMAS TREE 120CM,2,Hàng ngách - khách quen mua lại
35600D,PINK AND WHITE CHRISTMAS TREE 180CM,4,Hàng bán chậm - ít khách
35603C,SET/16 WHITE SHINY & MATT BAUBLES,4,Hàng bán chậm - ít khách
35607A,PINK FLUFFY CHRISTMAS DECORATION,1,Hàng giá rẻ - số lượng lớn
35607B,BLACK FEATHER CHRISTMAS DECORATION,1,Hàng giá rẻ - số lượng lớn
35609A,PINK FEATHER CHRISTMAS DECORATION,1,Hàng giá rẻ - số lượng lớn
35610A,PINK CHRISTMAS FLOCK DROPLET ,1,Hàng giá rẻ - số lượng lớn
35610B,BLACK CHRISTMAS FLOCK DROPLET ,1,Hàng giá rẻ - số lượng lớn
35610C,WHITE CHRISTMAS FLOCK DROPLET ,4,Hàng bán chậm - ít khách
35633B,BLUE TINSEL GARLAND ,4,Hàng bán chậm - ít khách
35637A,IVORY STRING CURTAIN WITH POLE ,1,Hàng giá rẻ - số lượng lớn
35637C,PINK STRING CURTAIN WITH POLE,4,Hàng bán chậm - ít khách
35638A,PINK AND BLACK STRING CURTAIN,4,Hàng bán chậm - ít khách
35638B,PINK/BLUE STRING CURTAIN ,4,Hàng bán chậm - ít khách
35644,PAIR PINK/BLACK COATHANGERS,4,Hàng bán chậm - ít khách
35645,VINTAGE BEAD PINK JEWEL BOX,4,Hàng bán chậm - ít khách
35646,VINTAGE BEAD PINK EVENING BAG,0,Hàng giá trị cao - ổn định
35647,VINTAGE BEAD PINK SHADE ,1,Hàng giá rẻ - số lượng lớn
35648,VINTAGE BEAD PINK PURSE ,0,Hàng giá trị cao - ổn định
35649,VINTAGE BEAD COSMETIC BAG ,1,Hàng giá rẻ - số lượng lớn
35651,VINTAGE BEAD PINK SCARF ,0,Hàng giá trị cao - ổn định
35653,VINTAGE BEAD NOTEBOOK,0,Hàng giá trị cao - ổn định
35654,VINTAGE BEAD FILLED PINK CUSHION,4,Hàng bán chậm - ít khách
35793,S/3 PUPPIES CHRISTMAS DECORATIONS,4,Hàng bán chậm - ít khách
35809A,ENAMEL PINK TEA CONTAINER,0,Hàng giá trị cao - ổn định
35809B,ENAMEL BLUE RIM TEA CONTAINER,4,Hàng bán chậm - ít khách
35810A,ENAMEL PINK COFFEE CONTAINER,0,Hàng giá trị cao - ổn định
35810B,ENAMEL BLUE RIM COFFEE CONTAINER,0,Hàng giá trị cao - ổn định
35811A,ENAMEL PINK SUGAR CONTAINER,0,Hàng giá trị cao - ổn định
35815P,"ACRYLIC JEWEL SNOWFLAKE, PINK",1,Hàng giá rẻ - số lượng lớn
35816P,"ACRYLIC JEWEL ANGEL,PINK",1,Hàng giá rẻ - số lượng lớn
35817P,"ACRYLIC JEWEL SNOWFLAKE,PINK",1,Hàng giá rẻ - số lượng lớn
35818B,"ACRYLIC JEWEL ICICLE, BLUE",1,Hàng giá rẻ - số lượng lớn
35818P,"ACRYLIC JEWEL ICICLE, PINK",1,Hàng giá rẻ - số lượng lớn
35819B,"ACRYLIC HANGING JEWEL,BLUE",1,Hàng giá rẻ - số lượng lớn
35819P,"ACRYLIC HANGING JEWEL,PINK",4,Hàng bán chậm - ít khách
35824B,"HANGING FLOWERS+MIRROR,BLUE",1,Hàng giá rẻ - số lượng lớn
35824C,"HANGING FLOWERS+MIRROR,CLEAR",1,Hàng giá rẻ - số lượng lớn
35832,WOOLLY HAT SOCK GLOVE ADVENT STRING,0,Hàng giá trị cao - ổn định
35833G,4 GOLD FLOCK CHRISTMAS BALLS,4,Hàng bán chậm - ít khách
35833P,4 PINK FLOCK CHRISTMAS BALLS,4,Hàng bán chậm - ít khách
35838A,S/6 MULTICOLOUR ORNAMENETAL CANDLE,1,Hàng giá rẻ - số lượng lớn
35838B,S/6 SILVER ORNAMENETAL CANDLE,4,Hàng bán chậm - ít khách
35840,FLAT GLASS  BAUBLE WHITE FLOCK ,4,Hàng bán chậm - ít khách
35909A,RABBIT EASTER DECORATION,4,Hàng bán chậm - ít khách
35909B,PINK FLOWERS RABBIT EASTER,4,Hàng bán chậm - ít khách
35910A,MULTICOLOUR EASTER RABBIT ,4,Hàng bán chậm - ít khách
35910B,PINK FLOWERS RABBIT EASTER,4,Hàng bán chậm - ít khách
35911A,MULTICOLOUR RABBIT EGG WARMER,0,Hàng giá trị cao - ổn định
35911B,PINK/FLOWER RABBIT EGG WARMER ,4,Hàng bán chậm - ít khách
35912B,WHITE/PINK CHICK DECORATION,1,Hàng giá rẻ - số lượng lớn
35913B,WHITE/PINK CHICK EASTER DECORATION,4,Hàng bán chậm - ít khách
35914,PINK CHICK EGG WARMER + EGG CUP,4,Hàng bán chậm - ít khách
35915B,BLUE KNITTED HEN ,1,Hàng giá rẻ - số lượng lớn
35915C,PEACH KNITTED HEN ,1,Hàng giá rẻ - số lượng lớn
35916A,YELLOW FELT HANGING HEART W FLOWER,2,Hàng ngách - khách quen mua lại
35916B,BLUE FELT HANGING HEART WITH FLOWER,2,Hàng ngách - khách quen mua lại
35916C,PINK FELT HANGING HEART W FLOWER,2,Hàng ngách - khách quen mua lại
35918B,BLUE FLORIBUNDA EGG WARMER,4,Hàng bán chậm - ít khách
35920,FOUR RABBIT EASTER DECORATIONS,1,Hàng giá rẻ - số lượng lớn
35921,EASTER BUNNY HANGING GARLAND,4,Hàng bán chậm - ít khách
35922,EASTER BUNNY WREATH,4,Hàng bán chậm - ít khách
35923,CANDY HEART HANGING DECORATION,1,Hàng giá rẻ - số lượng lớn
35924,HANGING FAIRY CAKE DECORATION,3,Hàng chủ lực - bán chạy đều
35931,PINK STAR CHRISTMAS DECORATION,1,Hàng giá rẻ - số lượng lớn
35932,PINK CHRISTMAS TREE DECORATION,4,Hàng bán chậm - ít khách
35933,PINK STOCKING CHRISTMAS DECORATION,1,Hàng giá rẻ - số lượng lớn
35936,CERISE+GOLD CHRISTMAS TREE DEC,4,Hàng bán chậm - ít khách
35937,CERISE+GOLD CHRISTMAS STOCKING DEC,1,Hàng giá rẻ - số lượng lớn
35951,FOLKART BAUBLE CHRISTMAS DECORATION,1,Hàng giá rẻ - số lượng lớn
35953,FOLKART STAR CHRISTMAS DECORATIONS,1,Hàng giá rẻ - số lượng lớn
35954,SMALL FOLKART STAR CHRISTMAS DEC,1,Hàng giá rẻ - số lượng lớn
35957,SMALLFOLKART BAUBLE CHRISTMAS DEC,1,Hàng giá rẻ - số lượng lớn
35958,FOLKART ZINC STAR CHRISTMAS DEC,1,Hàng giá rẻ - số lượng lớn
35961,FOLKART ZINC HEART CHRISTMAS DEC,3,Hàng chủ lực - bán chạy đều
35962,12 ASS ZINC CHRISTMAS DECORATIONS,0,Hàng giá trị cao - ổn định
35963,FOLKART ZINC CLIP ON ANGEL WINGS,4,Hàng bán chậm - ít khách
35964,FOLKART CLIP ON STARS,1,Hàng giá rẻ - số lượng lớn
35965,FOLKART HEART NAPKIN RINGS,0,Hàng giá trị cao - ổn định
35966,FOLKART CHRISTMAS TREE T-LIGHT HOLD,1,Hàng giá rẻ - số lượng lớn
35967,FOLK ART METAL STAR T-LIGHT HOLDER,1,Hàng giá rẻ - số lượng lớn
35968,FOLK ART METAL HEART T-LIGHT HOLDER,1,Hàng giá rẻ - số lượng lớn
35969,FOLKART CROWN TABLE DECORATIONS,1,Hàng giá rẻ - số lượng lớn
35970,ZINC FOLKART SLEIGH BELLS,3,Hàng chủ lực - bán chạy đều
35971,ROSE FOLKART HEART DECORATIONS,3,Hàng chủ lực - bán chạy đều
35972,DAISY FOLKART HEART DECORATION,0,Hàng giá trị cao - ổn định
35973,GERANIUM FOLKART HEART DECORATION,4,Hàng bán chậm - ít khách
35979,SIX STRING SCANDINAVIAN HEART DECS,4,Hàng bán chậm - ít khách
35980C,REDWHITE STRIPE SCANDINAVIAN HEART ,1,Hàng giá rẻ - số lượng lớn
35981C,WHITE SNOW SCANDINAVIAN STOCKING ,1,Hàng giá rẻ - số lượng lớn
35991,SET/6 BLACK SNOWFLAKE T-LIGHTS ,1,Hàng giá rẻ - số lượng lớn
35995,SET/6 BLACK GLITTER REINDEER CANDLE,4,Hàng bán chậm - ít khách
37112,YELLOW BIRDS FELT DES FOODCOVER,4,Hàng bán chậm - ít khách
37327,ASSTD MULTICOLOUR CIRCLES MUG,1,Hàng giá rẻ - số lượng lớn
37330,SPOTS MUG,1,Hàng giá rẻ - số lượng lớn
37333,"RETRO ""TEA FOR ONE"" ",0,Hàng giá trị cao - ổn định
37340,MULTICOLOUR SPRING FLOWER MUG,3,Hàng chủ lực - bán chạy đều
37342,POLKADOT COFFEE CUP & SAUCER PINK,1,Hàng giá rẻ - số lượng lớn
37343,SPOTS DESIGN MUG W PINK INSIDE,1,Hàng giá rẻ - số lượng lớn
37345,ASSTD HEARTS DESIGN MUGS,1,Hàng giá rẻ - số lượng lớn
37348,SET OF 4 PASTEL STACKING MUGS,4,Hàng bán chậm - ít khách
37351,ORANGE FLOWER MUG ,1,Hàng giá rẻ - số lượng lớn
37352,BIRD IN TREE MUG ,1,Hàng giá rẻ - số lượng lớn
37370,RETRO COFFEE MUGS ASSORTED,3,Hàng chủ lực - bán chạy đều
37379A,PINK CHERRY BLOSSOM CUP & SAUCER,2,Hàng ngách - khách quen mua lại
37399,"ASS RETROSPOOF MUGS,SPORTS",1,Hàng giá rẻ - số lượng lớn
37410,BLACK AND WHITE PAISLEY FLOWER MUG,1,Hàng giá rẻ - số lượng lớn
37413,ICON MUG REVOLUTIONARY,1,Hàng giá rẻ - số lượng lớn
37422,WHITE WITH BLACK CATS BOWL,2,Hàng ngách - khách quen mua lại
37423,WHITE WITH BLACK CATS PLATE,1,Hàng giá rẻ - số lượng lớn
37424,WHITE WITH BLACK CATS MUG,1,Hàng giá rẻ - số lượng lớn
37441,ASSORTED WHITE EMBOSSED CHINA MUGS,1,Hàng giá rẻ - số lượng lớn
37444A,YELLOW BREAKFAST CUP AND SAUCER,1,Hàng giá rẻ - số lượng lớn
37444B,BLUE BREAKFAST CUP AND SAUCER ,1,Hàng giá rẻ - số lượng lớn
37444C,PINK BREAKFAST CUP AND SAUCER ,1,Hàng giá rẻ - số lượng lớn
37446,MINI CAKE STAND WITH HANGING CAKES,3,Hàng chủ lực - bán chạy đều
37447,CERAMIC CAKE DESIGN SPOTTED PLATE,3,Hàng chủ lực - bán chạy đều
37448,CERAMIC CAKE DESIGN SPOTTED MUG,3,Hàng chủ lực - bán chạy đều
37449,CERAMIC CAKE STAND + HANGING CAKES,3,Hàng chủ lực - bán chạy đều
37450,CERAMIC CAKE BOWL + HANGING CAKES,3,Hàng chủ lực - bán chạy đều
37461,FUNKY MONKEY MUG,1,Hàng giá rẻ - số lượng lớn
37462B,"PET MUG, BUDGIE",2,Hàng ngách - khách quen mua lại
37462E,"PET MUG, GOLDFISH",2,Hàng ngách - khách quen mua lại
37464,ROBOT MUG IN DISPLAY BOX,0,Hàng giá trị cao - ổn định
37467,PIG MUG IN TWO COLOUR DESIGNS,0,Hàng giá trị cao - ổn định
37468,HARDMAN MUG 3 ASSORTED,4,Hàng bán chậm - ít khách
37471,MULTICOLOUR DOTS PLATE,1,Hàng giá rẻ - số lượng lớn
37474,SET/4 2 TONE EGG SHAPE MIXING BOWLS,4,Hàng bán chậm - ít khách
37475,SET/4 COLOURFUL MIXING BOWLS,0,Hàng giá trị cao - ổn định
37476,CONDIMENT TRAY 4 BOWLS AND 4 SPOONS,0,Hàng giá trị cao - ổn định
37477B,"FLOWER FAIRY MUG+COASTER,LAVENDER",4,Hàng bán chậm - ít khách
37479B,CUBIC MUG FLOCK BLUE ON BROWN,1,Hàng giá rẻ - số lượng lớn
37479P,CUBIC MUG FLOCK PINK ON BROWN,4,Hàng bán chậm - ít khách
37482B,CUBIC MUG BLUE POLKA DOT,1,Hàng giá rẻ - số lượng lớn
37482P,CUBIC MUG PINK POLKADOT,0,Hàng giá trị cao - ổn định
37483,ENGLISH ROSE MUG IN GIFT BOX,1,Hàng giá rẻ - số lượng lớn
37485,ENGLISH ROSE TEA SET IN GIFT BOX,4,Hàng bán chậm - ít khách
37488A,YELLOW PINK FLOWER DESIGN BIG BOWL,4,Hàng bán chậm - ít khách
37489A,YELLOW/PINK FLOWER DESIGN BIG MUG,4,Hàng bán chậm - ít khách
37489B,BLUE/YELLOW FLOWER DESIGN BIG MUG,4,Hàng bán chậm - ít khách
37489C,GREEN/BLUE FLOWER DESIGN BIG MUG,4,Hàng bán chậm - ít khách
37489D,PINK/GREEN FLOWER DESIGN BIG MUG,4,Hàng bán chậm - ít khách
37491A,YELLOW/PINK CERAMIC CANDLE HOLDER,4,Hàng bán chậm - ít khách
37491B,BLUE/YELLOW CERAMIC CANDLE HOLDER,4,Hàng bán chậm - ít khách
37491C,GREEN/BLUE CERAMIC CANDLE HOLDER,4,Hàng bán chậm - ít khách
37491D,PURPLE/BLUE CERAMIC CANDLE HOLDER,4,Hàng bán chậm - ít khách
37492A,YELLOW RED FLOWER PIGGY BANK,4,Hàng bán chậm - ít khách
37492B,BLUE YELLOW FLOWER PIGGY BANK,1,Hàng giá rẻ - số lượng lớn
37492C,GREEN BLUE FLOWER PIGGY BANK,1,Hàng giá rẻ - số lượng lớn
37492D,PURPLE GREEN FLOWER PIGGY BANK,1,Hàng giá rẻ - số lượng lớn
37494A,FAIRY CAKE CERAMIC BUTTER DISH,0,Hàng giá trị cao - ổn định
37495,FAIRY CAKE BIRTHDAY CANDLE SET,0,Hàng giá trị cao - ổn định
37500,TEA TIME TEAPOT IN GIFT BOX,0,Hàng giá trị cao - ổn định
37501,TEA TIME TEA SET IN GIFT BOX,0,Hàng giá trị cao - ổn định
37502,TEA TIME MUG IN GIFT BOX,0,Hàng giá trị cao - ổn định
37503,TEA TIME CAKE STAND IN GIFT BOX,3,Hàng chủ lực - bán chạy đều
37506,NEW ENGLAND MILK JUG W GIFT BOX,4,Hàng bán chậm - ít khách
37508,NEW ENGLAND CERAMIC CAKE SERVER,4,Hàng bán chậm - ít khách
37509,NEW ENGLAND MUG W GIFT BOX,4,Hàng bán chậm - ít khách
40001,WHITE BAMBOO RIBS LAMPSHADE,1,Hàng giá rẻ - số lượng lớn
40003,WHITE BAMBOO RIBS LAMPSHADE,1,Hàng giá rẻ - số lượng lớn
40005B,BLUE ORGANDY ROUND LAMPSHADE W BEA,4,Hàng bán chậm - ít khách
40016,CHINESE DRAGON PAPER LANTERNS,3,Hàng chủ lực - bán chạy đều
40018E,TEA TIME PAPER LANTERNS,0,Hàng giá trị cao - ổn định
40018F,CHERRY DESIGN PAPERLANTERNS,1,Hàng giá rẻ - số lượng lớn
40046A,RED DAISY PAPER LAMPSHADE,0,Hàng giá trị cao - ổn định
44089A,PINK GAUZE BUTTERFLY LAMPSHADE,4,Hàng bán chậm - ít khách
44089C,LILAC GAUZE BUTTERFLY LAMPSHADE,4,Hàng bán chậm - ít khách
44091A,BLUE CRUSOE CHECK LAMPSHADE,4,Hàng bán chậm - ít khách
44091C,MULTICOLOUR CRUSOE CHECK LAMPSHADE,4,Hàng bán chậm - ít khách
44092B,BLUE WHITE PLASTIC RINGS LAMPSHADE,4,Hàng bán chậm - ít khách
44092C,PURPLE/COPPER HANGING LAMPSHADE,4,Hàng bán chậm - ít khách
44230,SQUARE MIRROR CURTAIN,0,Hàng giá trị cao - ổn định
44234,ASSORTED CIRCULAR MOBILE,1,Hàng giá rẻ - số lượng lớn
44235,ASS COL CIRCLE MOBILE ,1,Hàng giá rẻ - số lượng lớn
44236,PINK/PURPLE CIRCLE CURTAIN,4,Hàng bán chậm - ít khách
44241C,BLUE BUTTERFLY ON SPRING,4,Hàng bán chậm - ít khách
44242B,PINK FEATHERS CURTAIN,4,Hàng bán chậm - ít khách
45008C,DECORATIVE NET CANOPY CREAM,4,Hàng bán chậm - ít khách
45013,FOLDING SHOE TIDY,4,Hàng bán chậm - ít khách
45016,DECORATIVE NET CANOPY LEOPARD,2,Hàng ngách - khách quen mua lại
46000M,POLYESTER FILLER PAD 45x45cm,3,Hàng chủ lực - bán chạy đều
46000P,POLYESTER FILLER PAD 65CMx65CM,0,Hàng giá trị cao - ổn định
46000R,POLYESTER FILLER PAD 45x30cm,0,Hàng giá trị cao - ổn định
46000S,POLYESTER FILLER PAD 40x40cm,3,Hàng chủ lực - bán chạy đều
46000U,POLYESTER FILLER PAD 30CMx30CM,4,Hàng bán chậm - ít khách
46115B,GREEN POP ART MAO CUSHION COVER ,1,Hàng giá rẻ - số lượng lớn
46118,FUNKY MONKEY CUSHION COVER,0,Hàng giá trị cao - ổn định
46126A,ELVIS WALLHANGING / CURTAIN,1,Hàng giá rẻ - số lượng lớn
46138B,BLUE CHENILLE SHAGGY CUSHION COVER ,4,Hàng bán chậm - ít khách
46307,ROSES BLUE BASE CUSHION COVER ,2,Hàng ngách - khách quen mua lại
46775A,BUBBLE GUM CHUNKY KNITTED THROW ,2,Hàng ngách - khách quen mua lại
46775D,SUNSET COLOUR CHUNKY KNITTED THROW,0,Hàng giá trị cao - ổn định
46775E,CANDY POP CHUNKY KNITTED THROW ,2,Hàng ngách - khách quen mua lại
46776A,WOVEN BUBBLE GUM CUSHION COVER,2,Hàng ngách - khách quen mua lại
46776B,WOVEN BERRIES CUSHION COVER ,2,Hàng ngách - khách quen mua lại
46776C,WOVEN FROST CUSHION COVER,2,Hàng ngách - khách quen mua lại
46776D,WOVEN SUNSET CUSHION COVER ,2,Hàng ngách - khách quen mua lại
46776E,WOVEN CANDY CUSHION COVER ,2,Hàng ngách - khách quen mua lại
46776F,WOVEN ROSE GARDEN CUSHION COVER ,2,Hàng ngách - khách quen mua lại
47013A,WINE BOTTLE DRESSING LT.BLUE,4,Hàng bán chậm - ít khách
47013C,WINE BOTTLE DRESSING DARK BLUE,4,Hàng bán chậm - ít khách
47016,LIGHT DECORATION BATTERY OPERATED,4,Hàng bán chậm - ít khách
47021G,SET/6 BEAD COASTERS GAUZE BAG GOLD,1,Hàng giá rẻ - số lượng lớn
47310M,SMALL POP BOX FUNKY MONKEY,2,Hàng ngách - khách quen mua lại
47341A,FUSCHIA TABLE RUN FLOWER ,4,Hàng bán chậm - ít khách
47341B,BLUE TABLE RUN FLOWER,4,Hàng bán chậm - ít khách
47343A,FUSCHIA FLOWER PURSE WITH BEADS,1,Hàng giá rẻ - số lượng lớn
47344B,BLUE FLOWER DES PURSE,4,Hàng bán chậm - ít khách
47347B,BLUE FLOWER T-LIGHT HOLDER,1,Hàng giá rẻ - số lượng lớn
47348A,FUSCHIA VOILE POINTY SHOE DEC,4,Hàng bán chậm - ít khách
47351B,BLUE  VOILE LAMPSHADE,4,Hàng bán chậm - ít khách
47367B,PAIR PADDED HANGERS PINK CHECK,0,Hàng giá trị cao - ổn định
47369A,PINK GREEN EMBROIDERY COSMETIC BAG,4,Hàng bán chậm - ít khách
47369B,BLUE GREEN EMBROIDERY COSMETIC BAG,4,Hàng bán chậm - ít khách
47420,ASSORTED COLOUR SUCTION CUP HOOK,1,Hàng giá rẻ - số lượng lớn
47421,ASSORTED COLOUR LIZARD SUCTION HOOK,1,Hàng giá rẻ - số lượng lớn
47422,ASSORTED MONKEY SUCTION CUP HOOK,1,Hàng giá rẻ - số lượng lớn
47469,ASSORTED SHAPES PHOTO CLIP SILVER ,1,Hàng giá rẻ - số lượng lớn
47471,RAINBOW PEGS PHOTO CLIP STRING,1,Hàng giá rẻ - số lượng lớn
47480,HANGING PHOTO CLIP ROPE LADDER,3,Hàng chủ lực - bán chạy đều
47481,50CM METAL STRING WITH  7 CLIPS,1,Hàng giá rẻ - số lượng lớn
47502,POLKADOT CUTLERY 24 PCS IN TRAY,0,Hàng giá trị cao - ổn định
47503A,ASS FLORAL PRINT MULTI SCREWDRIVER,3,Hàng chủ lực - bán chạy đều
47503E,ASS FLORAL PRINT SCISSORS,1,Hàng giá rẻ - số lượng lớn
47503F,ASS FLORAL PRINT TORCH,1,Hàng giá rẻ - số lượng lớn
47503G,ASS FLORAL PRINT TAPE MEASURE,1,Hàng giá rẻ - số lượng lớn
47503H,ASS FLORAL PRINT SPIRIT LEVEL ,4,Hàng bán chậm - ít khách
47503J,SET/3 FLORAL GARDEN TOOLS IN BAG,0,Hàng giá trị cao - ổn định
47503K,ASSORTED FLORAL SECATEURS,1,Hàng giá rẻ - số lượng lớn
47504E,ENGLISH ROSE SCISSORS,1,Hàng giá rẻ - số lượng lớn
47504F,ENGLISH ROSE TORCH,1,Hàng giá rẻ - số lượng lớn
47504G,ENGLISH ROSE TAPE MEASURE,0,Hàng giá trị cao - ổn định
47504H,ENGLISH ROSE SPIRIT LEVEL ,0,Hàng giá trị cao - ổn định
47504K,ENGLISH ROSE GARDEN SECATEURS,3,Hàng chủ lực - bán chạy đều
47505,MINATURE COLOURED GARDENING SET,0,Hàng giá trị cao - ổn định
47518F,ICON PLACEMAT POP ART ELVIS,1,Hàng giá rẻ - số lượng lớn
47552A,DOTS IRONING BOARD COVER,4,Hàng bán chậm - ít khách
47556B,TEA TIME TEA TOWELS ,3,Hàng chủ lực - bán chạy đều
47559B,TEA TIME OVEN GLOVE,3,Hàng chủ lực - bán chạy đều
47562,ENGLISH ROSE IRONING BOARD COVER,4,Hàng bán chậm - ít khách
47563A,RETRO LONGBOARD IRONING BOARD COVER,2,Hàng ngách - khách quen mua lại
47563B,WAVELINE SURF IRONING BOARD COVER,4,Hàng bán chậm - ít khách
47566,PARTY BUNTING,3,Hàng chủ lực - bán chạy đều
47566B,TEA TIME PARTY BUNTING,3,Hàng chủ lực - bán chạy đều
47567B,TEA TIME KITCHEN APRON,3,Hàng chủ lực - bán chạy đều
47568,ENGLISH ROSE DESIGN PEG BAG,3,Hàng chủ lực - bán chạy đều
47570,ENGLISH ROSE TABLE CLOTH,0,Hàng giá trị cao - ổn định
47570B,TEA TIME TABLE CLOTH,0,Hàng giá trị cao - ổn định
47574A,ENGLISH ROSE SCENTED HANGING FLOWER,0,Hàng giá trị cao - ổn định
47574B,ENGLISH ROSE SCENTED HANGING HEART,4,Hàng bán chậm - ít khách
47578A,ENGLISH ROSE SMALL SCENTED FLOWER,0,Hàng giá trị cao - ổn định
47579,TEA TIME BREAKFAST BASKET,0,Hàng giá trị cao - ổn định
47580,TEA TIME DES TEA COSY,3,Hàng chủ lực - bán chạy đều
47581B,FAIRY CAKE WICKER PICNIC BASKET ,4,Hàng bán chậm - ít khách
47583A,SET OF 3 WICKER BASKET ROSE,4,Hàng bán chậm - ít khách
47583B,SET OF 3 WICKER BASKET TEA AND CAKE,4,Hàng bán chậm - ít khách
47585A,PINK FAIRY CAKE CUSHION COVER,0,Hàng giá trị cao - ổn định
47586A,PINK FAIRY CAKE CUSHION COVER,4,Hàng bán chậm - ít khách
47587A,PINK FAIRY CAKE COASTER,1,Hàng giá rẻ - số lượng lớn
47589,CONGRATULATIONS BUNTING,0,Hàng giá trị cao - ổn định
47590A,BLUE HAPPY BIRTHDAY BUNTING,3,Hàng chủ lực - bán chạy đều
47590B,PINK HAPPY BIRTHDAY BUNTING,3,Hàng chủ lực - bán chạy đều
47591A,CAROUSEL DES CHILD'S APRON,4,Hàng bán chậm - ít khách
47591B,SCOTTIES CHILDRENS APRON,0,Hàng giá trị cao - ổn định
47591C,BLUE FAIRY CAKE CHILD'S APRON,0,Hàng giá trị cao - ổn định
47591D,PINK FAIRY CAKE CHILDRENS APRON,3,Hàng chủ lực - bán chạy đều
47592A,CAROUSEL DES CHILD'S OVERALL,0,Hàng giá trị cao - ổn định
47592B,SCOTTIES DESIGN CHILD'S OVERALL,4,Hàng bán chậm - ít khách
47593A,CAROUSEL DESIGN BABY BIB,0,Hàng giá trị cao - ổn định
47593B,SCOTTIE DOGS BABY BIB,3,Hàng chủ lực - bán chạy đều
47594A,CAROUSEL DESIGN WASHBAG,0,Hàng giá trị cao - ổn định
47594B,SCOTTIES DESIGN WASHBAG,0,Hàng giá trị cao - ổn định
47597,NEW ENGLAND TEATOWELS,2,Hàng ngách - khách quen mua lại
47598,NEW ENGLAND EGG WARMER,4,Hàng bán chậm - ít khách
47599A,PINK PARTY BAGS,3,Hàng chủ lực - bán chạy đều
47599B,BLUE PARTY BAGS ,3,Hàng chủ lực - bán chạy đều
48103,DOOR MAT KISS MY.......,4,Hàng bán chậm - ít khách
48111,DOORMAT 3 SMILEY CATS,3,Hàng chủ lực - bán chạy đều
48116,DOORMAT MULTICOLOUR STRIPE,3,Hàng chủ lực - bán chạy đều
48129,DOORMAT TOPIARY,3,Hàng chủ lực - bán chạy đều
48138,DOORMAT UNION FLAG,3,Hàng chủ lực - bán chạy đều
48173C,DOORMAT BLACK FLOCK ,3,Hàng chủ lực - bán chạy đều
48179,DOOR MAT SWEET HOME,4,Hàng bán chậm - ít khách
48184,DOORMAT ENGLISH ROSE ,3,Hàng chủ lực - bán chạy đều
48185,DOORMAT FAIRY CAKE,3,Hàng chủ lực - bán chạy đều
48187,DOORMAT NEW ENGLAND,3,Hàng chủ lực - bán chạy đều
48188,DOORMAT WELCOME PUPPIES,3,Hàng chủ lực - bán chạy đều
48189,DOOR MAT FRIENDSHIP ,0,Hàng giá trị cao - ổn định
48194,DOORMAT HEARTS,3,Hàng chủ lực - bán chạy đều
48195,DOOR MAT GREEN PAISLEY ,0,Hàng giá trị cao - ổn định
48197,DOOR MAT BIRD ON THE WIRE,0,Hàng giá trị cao - ổn định
51008,AFGHAN SLIPPER SOCK PAIR,1,Hàng giá rẻ - số lượng lớn
51012C,"FEATHER DUSTER, COAL BLACK",4,Hàng bán chậm - ít khách
51012L,"FEATHER DUSTER, LIGHT PINK",4,Hàng bán chậm - ít khách
51014A,"FEATHER PEN,HOT PINK",3,Hàng chủ lực - bán chạy đều
51014C,"FEATHER PEN,COAL BLACK",3,Hàng chủ lực - bán chạy đều
51014L,"FEATHER PEN,LIGHT PINK",3,Hàng chủ lực - bán chạy đều
51020A,SUMMER FUN DESIGN SHOWER CAP,1,Hàng giá rẻ - số lượng lớn
51020B,STRIPY DESIGN SHOWER CAP,1,Hàng giá rẻ - số lượng lớn
62018,SOMBRERO ,1,Hàng giá rẻ - số lượng lớn
62043B,BLUE CHECK BAG W HANDLE 34X20CM,4,Hàng bán chậm - ít khách
62074B,ELEPHANT CLIP W SUCTION CUP,4,Hàng bán chậm - ít khách
62086A,PINK RETRO BIG FLOWER BAG,4,Hàng bán chậm - ít khách
62094B,TURQ ICE CREAM BUM BAG ,0,Hàng giá trị cao - ổn định
62095B,TURQOISE ICE CREAM SUNHAT,1,Hàng giá rẻ - số lượng lớn
62096A,PINK/YELLOW FLOWERS HANDBAG,0,Hàng giá trị cao - ổn định
62096B,PURPLE/TURQ FLOWERS HANDBAG,0,Hàng giá trị cao - ổn định
70006,LOVE HEART POCKET WARMER,3,Hàng chủ lực - bán chạy đều
70007,HI TEC ALPINE HAND WARMER,0,Hàng giá trị cao - ổn định
71028B,SILVER BLUE EGG T-LIGHT HOLDER,1,Hàng giá rẻ - số lượng lớn
71038,WHITE HANGING BEADS CANDLE HOLDER,0,Hàng giá trị cao - ổn định
71050,SMALL SINGLE FLAME CANDLE HOLDER,4,Hàng bán chậm - ít khách
71053,WHITE METAL LANTERN,3,Hàng chủ lực - bán chạy đều
71101E,STANDING FAIRY POLE SUPPORT ,1,Hàng giá rẻ - số lượng lớn
71143,SILVER BOOK MARK WITH BEADS,2,Hàng ngách - khách quen mua lại
71215,METAL BASE FOR CANDLES,1,Hàng giá rẻ - số lượng lớn
71270,PHOTO CLIP LINE,0,Hàng giá trị cao - ổn định
71279,PINK GLASS CANDLEHOLDER,0,Hàng giá trị cao - ổn định
71403,"PINK/WHITE ""KEEP CLEAN"" BULLET BIN",2,Hàng ngách - khách quen mua lại
71406C,BLACK ORANGE SQUEEZER,4,Hàng bán chậm - ít khách
71459,HANGING JAM JAR T-LIGHT HOLDER,3,Hàng chủ lực - bán chạy đều
71477,COLOUR GLASS. STAR T-LIGHT HOLDER,3,Hàng chủ lực - bán chạy đều
71495A,CD WALL TIDY BLUE OFFICE,2,Hàng ngách - khách quen mua lại
71495B,CD WALL TIDY RED FLOWERS,1,Hàng giá rẻ - số lượng lớn
71496A,A4 WALL TIDY BLUE OFFICE,1,Hàng giá rẻ - số lượng lớn
71496B,A4 WALL TIDY RED FLOWERS,4,Hàng bán chậm - ít khách
71510,SQUARE METAL CANDLEHOLDER BASE,1,Hàng giá rẻ - số lượng lớn
72008,FROSTED BOX 9 WHITE T-LIGHT CANDLES,3,Hàng chủ lực - bán chạy đều
72023F,RED ORGANIC CANDLE IN GLASS,1,Hàng giá rẻ - số lượng lớn
72024U,LILAC VOTIVE CANDLE,1,Hàng giá rẻ - số lượng lớn
72038P,PRICE'S CANDLE PEACH,1,Hàng giá rẻ - số lượng lớn
72045D,ROSES ON BLUE TEACUP CANDLE ,1,Hàng giá rẻ - số lượng lớn
72051S,BAG OF SILVER STONES,1,Hàng giá rẻ - số lượng lớn
72083A,STRAWBERY SWIRL FLARE CANDLE,4,Hàng bán chậm - ít khách
72122,COFFEE SCENT PILLAR CANDLE,0,Hàng giá trị cao - ổn định
72127,COLUMBIAN CANDLE ROUND ,1,Hàng giá rẻ - số lượng lớn
72128,COLUMBIAN CANDLE ROUND,1,Hàng giá rẻ - số lượng lớn
72129,COLUMBIAN CANDLE ROUND ,4,Hàng bán chậm - ít khách
72130,COLUMBIAN CANDLE ROUND,1,Hàng giá rẻ - số lượng lớn
72131,COLUMBIAN CANDLE RECTANGLE,1,Hàng giá rẻ - số lượng lớn
72132,COLUMBIAN CUBE CANDLE,1,Hàng giá rẻ - số lượng lớn
72133,COLUMBIAN CANDLE RECTANGLE,4,Hàng bán chậm - ít khách
72134,COLUMBIAN  CUBE CANDLE ,1,Hàng giá rẻ - số lượng lớn
72140E,BEST DAD CANDLE LETTERS,1,Hàng giá rẻ - số lượng lớn
72140F,HAPPY ANNIVERSARY CANDLE LETTERS,1,Hàng giá rẻ - số lượng lớn
72225C,LAVENDER SCENT CAKE CANDLE,1,Hàng giá rẻ - số lượng lớn
72225D,VANILLA SCENT CAKE CANDLE ,1,Hàng giá rẻ - số lượng lớn
72232,FENG SHUI PILLAR CANDLE,1,Hàng giá rẻ - số lượng lớn
72267,PREMIUM CHURCH CANDLE,0,Hàng giá trị cao - ổn định
72349B,SET/6 PURPLE BUTTERFLY T-LIGHTS,3,Hàng chủ lực - bán chạy đều
72351A,SET/6 TURQUOISE BUTTERFLY T-LIGHTS,3,Hàng chủ lực - bán chạy đều
72351B,SET/6 PINK  BUTTERFLY T-LIGHTS,3,Hàng chủ lực - bán chạy đều
72369A,PINK CLEAR GLASS CANDLE PLATE,4,Hàng bán chậm - ít khách
72484,ROSES IN WHITE HEART CANDLE ,1,Hàng giá rẻ - số lượng lớn
72487,ROSES WHITE ROUND CANDLE,1,Hàng giá rẻ - số lượng lớn
72529W,WHITE ADVENT CANDLE,1,Hàng giá rẻ - số lượng lớn
72586,SET OF 6 HALLOWEEN GHOST T-LIGHTS,1,Hàng giá rẻ - số lượng lớn
72598,SET/12 TAPER CANDLES,1,Hàng giá rẻ - số lượng lớn
72606A,BROWN ANTIQUE CUBE CANDLE,1,Hàng giá rẻ - số lượng lớn
72708,SCULPTED ROUND IVORY CANDLE ,4,Hàng bán chậm - ít khách
72709,IVORY SCULPTED RND CANDLE ,4,Hàng bán chậm - ít khách
72715,SPHERICAL IVORY CANDLE ,4,Hàng bán chậm - ít khách
72724,SET/6 CHRISTMAS ICICLE T-LIGHTS,4,Hàng bán chậm - ít khách
72728,ROSE SCENT CANDLES IN GLASS,1,Hàng giá rẻ - số lượng lớn
72739B,WHITE CHOCOLATE SCENT CANDLE,1,Hàng giá rẻ - số lượng lớn
72739C,DARK CHOCOLATE SCENTCANDLE,1,Hàng giá rẻ - số lượng lớn
72740A,LARGE STRAWBERRY CHOCOLATE CANDLE,4,Hàng bán chậm - ít khách
72741,GRAND CHOCOLATECANDLE,3,Hàng chủ lực - bán chạy đều
72750A,"F.FAIRY S/3 CANDLE/GLASS,LILY/VALLY",1,Hàng giá rẻ - số lượng lớn
72750B,FLOWER FAIRY SET 3 CANDLES LAVENDER,1,Hàng giá rẻ - số lượng lớn
72750C,"F.FAIRY S/3 CANDLE/GLASS, ROSE",1,Hàng giá rẻ - số lượng lớn
72750D,F.FAIRY S/3 CANDLE/GLASS,4,Hàng bán chậm - ít khách
72753A,S/3 FLWR FAIRY LILLY CANDLES,1,Hàng giá rẻ - số lượng lớn
72753B,S/3 FLWR FAIRY LAVENDER CANDLES,1,Hàng giá rẻ - số lượng lớn
72753C,S/3 FLWR FAIRY ROSE CANDLES,4,Hàng bán chậm - ít khách
72753D,S/3 FLWR FAIRY SUMMER CANDLES,1,Hàng giá rẻ - số lượng lớn
72754A,FLOWER FAIRY POTPOURRI CUSHION LILY,1,Hàng giá rẻ - số lượng lớn
72754B,F FAIRY POTPOURRI CUSHIONS LAVENDER,1,Hàng giá rẻ - số lượng lớn
72755C,FLOWER FAIRY OIL BURNER SET ROSE,1,Hàng giá rẻ - số lượng lớn
72755D,FLOWER FAIRY OIL BURNER SET SUMMER,1,Hàng giá rẻ - số lượng lớn
72756,FAIRY CAKE CANDLES,1,Hàng giá rẻ - số lượng lớn
72760B,VINTAGE CREAM 3 BASKET CAKE STAND,0,Hàng giá trị cao - ổn định
72771B,BURG FLOCK GOLD CUP/CANDLE ,1,Hàng giá rẻ - số lượng lớn
72771C,BLACK FLOCK GOLD CANDLE,4,Hàng bán chậm - ít khách
72772,SET/4 SCENTED CANDLES IN RAMEKINS,1,Hàng giá rẻ - số lượng lớn
72779,SET/6 BLACK ROSE T-LIGHT CANDLES,4,Hàng bán chậm - ít khách
72780,BLACK SILOUETTE CANDLE PLATE,1,Hàng giá rẻ - số lượng lớn
72781,BLACK SILOUETTE CANDLE PLATE ,4,Hàng bán chậm - ít khách
72783,BLACK SIL'T SQU CANDLE PLATE ,4,Hàng bán chậm - ít khách
72789,BASKET/8 SCENTED LOVE TOKEN CANDLES,4,Hàng bán chậm - ít khách
72793,BLACK BOX MIRROR LANTERN,4,Hàng bán chậm - ít khách
72796A,S/3 ENGLISH LAVENDER SQU CANDLE,4,Hàng bán chậm - ít khách
72796B,S/3 FRENCH VANILLA SQU CANDLE,4,Hàng bán chậm - ít khách
72798C,SET/4 GARDEN ROSE DINNER CANDLE,4,Hàng bán chậm - ít khách
72799A,BLACK PILLAR CANDLE SILVER FLOCK,1,Hàng giá rẻ - số lượng lớn
72799B,PURPLE PILLAR CANDLE BLACK FLOCK,1,Hàng giá rẻ - số lượng lớn
72799C,PINK PILLAR CANDLE SILVER FLOCK,1,Hàng giá rẻ - số lượng lớn
72799D,BLUE PILLAR CANDLE SILVER FLOCK,4,Hàng bán chậm - ít khách
72799E,IVORY PILLAR CANDLE SILVER FLOCK,0,Hàng giá trị cao - ổn định
72799F,IVORY PILLAR CANDLE GOLD FLOCK,1,Hàng giá rẻ - số lượng lớn
72800A,S/4 BLACK DINNER CANDLE SILVER FLOC,1,Hàng giá rẻ - số lượng lớn
72800B, 4 PURPLE FLOCK DINNER CANDLES,1,Hàng giá rẻ - số lượng lớn
72800C,4 PINK DINNER CANDLE SILVER FLOCK,1,Hàng giá rẻ - số lượng lớn
72800D,4 BLUE DINNER CANDLES SILVER FLOCK,1,Hàng giá rẻ - số lượng lớn
72800E,4 IVORY DINNER CANDLES SILVER FLOCK,0,Hàng giá trị cao - ổn định
72800F,4 IVORY DINNER CANDLES GOLD FLOCK,1,Hàng giá rẻ - số lượng lớn
72801C,4 ROSE PINK DINNER CANDLES,1,Hàng giá rẻ - số lượng lớn
72801D,4 SKY BLUE DINNER CANDLES,0,Hàng giá trị cao - ổn định
72801E,S/4 FESTIVE GREEN DINNER CANDLES,1,Hàng giá rẻ - số lượng lớn
72801F,S/4 FESTIVE RED DINNER CANDLES,4,Hàng bán chậm - ít khách
72801G,4 BURGUNDY WINE DINNER CANDLES,1,Hàng giá rẻ - số lượng lớn
72802A,ROSE SCENT CANDLE IN JEWELLED BOX,0,Hàng giá trị cao - ổn định
72802B,OCEAN SCENT CANDLE IN JEWELLED BOX,3,Hàng chủ lực - bán chạy đều
72802C,VANILLA SCENT CANDLE JEWELLED BOX,3,Hàng chủ lực - bán chạy đều
72803A,ROSE SCENT CANDLE JEWELLED DRAWER,0,Hàng giá trị cao - ổn định
72803B,OCEAN SCENT CANDLE JEWELLED DRAWER,4,Hàng bán chậm - ít khách
72807A,SET/3 ROSE CANDLE IN JEWELLED BOX,0,Hàng giá trị cao - ổn định
72807B,SET/3 OCEAN SCENT CANDLE JEWEL BOX,0,Hàng giá trị cao - ổn định
72807C,SET/3 VANILLA SCENTED CANDLE IN BOX,3,Hàng chủ lực - bán chạy đều
72811,SMALL ZINC/GLASS CANDLEHOLDER,1,Hàng giá rẻ - số lượng lớn
72812,LARGE ZINC GLASS CANDLEHOLDER,4,Hàng bán chậm - ít khách
72814,SET OF 3 CHRISTMAS BRIAR CANDLES,0,Hàng giá trị cao - ổn định
72815,3 WICK CHRISTMAS BRIAR CANDLE ,0,Hàng giá trị cao - ổn định
72816,SET/3 CHRISTMAS DECOUPAGE CANDLES,1,Hàng giá rẻ - số lượng lớn
72817,SET OF 2 CHRISTMAS DECOUPAGE CANDLE,3,Hàng chủ lực - bán chạy đều
72818,CHRISTMAS DECOUPAGE CANDLE,1,Hàng giá rẻ - số lượng lớn
72819,CUPID DESIGN SCENTED CANDLES,0,Hàng giá trị cao - ổn định
72821,CUPID SCENTED CANDLE IN GLASS,4,Hàng bán chậm - ít khách
75011,BLUE DAISY MOBILE,1,Hàng giá rẻ - số lượng lớn
75013B,"STRING OF 8 BUTTERFLIES,PINK",0,Hàng giá trị cao - ổn định
75049L,LARGE CIRCULAR MIRROR MOBILE,3,Hàng chủ lực - bán chạy đều
75131,METAL TUBE CHIME ON BAMBOO,1,Hàng giá rẻ - số lượng lớn
75149N,STRING CRYSTALS NATURAL,1,Hàng giá rẻ - số lượng lớn
75172,PAINTED SEA SHELL METAL WINDCHIME,4,Hàng bán chậm - ít khách
75178,ASSTD COL BUTTERFLY/CRYSTAL W/CHIME,1,Hàng giá rẻ - số lượng lớn
77079,DOLPHIN WINDMILL,4,Hàng bán chậm - ít khách
77081,FLOWER WINDMILL,1,Hàng giá rẻ - số lượng lớn
77101A,UNION FLAG WINDSOCK,1,Hàng giá rẻ - số lượng lớn
78027,SEAGRASS S/2 CORNER LAUNDRY ,4,Hàng bán chậm - ít khách
78033,FLAG OF ST GEORGE CHAIR,4,Hàng bán chậm - ít khách
78034B,BLUE NETTING STORAGE HANGER,4,Hàng bán chậm - ít khách
78124,MAGAZINE RACK GEBRA ASSORTED ,1,Hàng giá rẻ - số lượng lớn
79000,MOROCCAN TEA GLASS,3,Hàng chủ lực - bán chạy đều
79026B,"S/4 ICON COASTER,ELVIS LIVES",4,Hàng bán chậm - ít khách
79029,GLASS HONEYPOT WASP CATCHER,3,Hàng chủ lực - bán chạy đều
79030A,"TUMBLER, ENGLISH ROSE",4,Hàng bán chậm - ít khách
79030D,TUMBLER BAROQUE,1,Hàng giá rẻ - số lượng lớn
79030G,"TUMBLER, NEW ENGLAND",1,Hàng giá rẻ - số lượng lớn
79051A,SMOKEY GREY COLOUR D.O.F. GLASS,1,Hàng giá rẻ - số lượng lớn
79063C,"RETRO PILL BOX KEY CHAIN,THE KING",1,Hàng giá rẻ - số lượng lớn
79063D,"RETRO PILL BOX , REVOLUTIONARY",1,Hàng giá rẻ - số lượng lớn
79066K,RETRO MOD TRAY,3,Hàng chủ lực - bán chạy đều
79067,CORONA MEXICAN TRAY,0,Hàng giá trị cao - ổn định
79071B,ENGLISH ROSE METAL WASTE BIN,0,Hàng giá trị cao - ổn định
79072,TEATIME CAKE TIN WITH HANDLE,0,Hàng giá trị cao - ổn định
79144B,PAINTED LIGHTBULB STAR+ MOON,0,Hàng giá trị cao - ổn định
79144C,PAINTED LIGHTBULB RAINBOW DESIGN,2,Hàng ngách - khách quen mua lại
79149B,SILICON STAR BULB  BLUE,4,Hàng bán chậm - ít khách
79160,HEART SHAPE WIRELESS DOORBELL,0,Hàng giá trị cao - ổn định
79161A,ST GEORGE SET OF 10 PARTY LIGHTS,4,Hàng bán chậm - ít khách
79163,BLACK CHAMPAGNE GLASS,1,Hàng giá rẻ - số lượng lớn
79164,BLACK WINE GLASS,1,Hàng giá rẻ - số lượng lớn
79190A,RETRO PLASTIC 70'S TRAY,1,Hàng giá rẻ - số lượng lớn
79190B,RETRO PLASTIC POLKA TRAY,1,Hàng giá rẻ - số lượng lớn
79190D,RETRO PLASTIC DAISY TRAY,1,Hàng giá rẻ - số lượng lớn
79191B,RETRO PLASTIC POLKA TRAY,1,Hàng giá rẻ - số lượng lớn
79191C,RETRO PLASTIC ELEPHANT TRAY,1,Hàng giá rẻ - số lượng lớn
79191D,RETRO PLASTIC DAISY TRAY,4,Hàng bán chậm - ít khách
79192A,RETRO PLASTIC 70'S TRAY,4,Hàng bán chậm - ít khách
79302M,"ART LIGHTS,FUNK MONKEY",0,Hàng giá trị cao - ổn định
79303B,BLUE STAR BLOCK TABLE LAMP,4,Hàng bán chậm - ít khách
79303D,LILAC FLOWER BLOCK TABLE LAMP,2,Hàng ngách - khách quen mua lại
79315W,FLYING SAUCER TABLE LIGHT IN WHITE,1,Hàng giá rẻ - số lượng lớn
79320,FLAMINGO LIGHTS,0,Hàng giá trị cao - ổn định
79321,CHILLI LIGHTS,3,Hàng chủ lực - bán chạy đều
79323B,BLACK CHERRY LIGHTS,0,Hàng giá trị cao - ổn định
79323G,GOLD  CHERRY LIGHTS,0,Hàng giá trị cao - ổn định
79323GR,GREEN CHERRY LIGHTS,0,Hàng giá trị cao - ổn định
79323LP,LIGHT PINK CHERRY LIGHTS,0,Hàng giá trị cao - ổn định
79323P,PINK CHERRY LIGHTS,3,Hàng chủ lực - bán chạy đều
79323S, SILVER CHERRY LIGHTS,0,Hàng giá trị cao - ổn định
79323W, WHITE CHERRY LIGHTS,3,Hàng chủ lực - bán chạy đều
79328,BLUE FLOCK GLASS CANDLEHOLDER,1,Hàng giá rẻ - số lượng lớn
79329,PINK FLOCK GLASS CANDLEHOLDER,1,Hàng giá rẻ - số lượng lớn
79331,PINK FLOCK GLASS CANDLEHOLDER,4,Hàng bán chậm - ít khách
79336,LIGHT PINK FLOCK GLASS CANDLEHOLDER,1,Hàng giá rẻ - số lượng lớn
79337,BLUE FLOCK GLASS CANDLEHOLDER,1,Hàng giá rẻ - số lượng lớn
79338,DARK PINK FLOCK GLASS CANDLEHOLDER,1,Hàng giá rẻ - số lượng lớn
79341,WILLOW BRANCH LIGHTS.,0,Hàng giá trị cao - ổn định
79342B,BROWN FLOWER LIGHTS,0,Hàng giá trị cao - ổn định
79403,FROSTED WHITE BASE ,4,Hàng bán chậm - ít khách
79406,FROSTED WHITE BASE ,1,Hàng giá rẻ - số lượng lớn
79413,GLASS WINE GLASS DECORATIONS,4,Hàng bán chậm - ít khách
79532,MOSAIC GLASS BALL CANDLEHOLDER,4,Hàng bán chậm - ít khách
79534,MULTICOLOUR GLASS PLATE,4,Hàng bán chậm - ít khách
81950B,FLOWER BLUE CLOCK W/SUCKER,4,Hàng bán chậm - ít khách
81950V,FLOWER PURPLE CLOCK W/SUCKER,4,Hàng bán chậm - ít khách
81952B,ROUND BLUE CLOCK W/SUCKER,1,Hàng giá rẻ - số lượng lớn
81952V,ROUND PURPLE CLOCK WITH SUCKER,1,Hàng giá rẻ - số lượng lớn
81953B,ROUND BLUE CLOCK WITH SUCKER,4,Hàng bán chậm - ít khách
81953P,ROUND ARTICULATED PINK CLOCK W/SUCK,4,Hàng bán chậm - ít khách
81985A,"ICON ALARM CLOCK,FUSCHIA  PIN UP",4,Hàng bán chậm - ít khách
82001S,VINYL RECORD FRAME SILVER,3,Hàng chủ lực - bán chạy đều
82011A,"BATHROOM SCALES, TROPICAL BEACH",4,Hàng bán chậm - ít khách
82011B,BATHROOM SCALES RUBBER DUCKS,4,Hàng bán chậm - ít khách
82011C,BATHROOM SCALES FOOTPRINTS IN SAND,0,Hàng giá trị cao - ổn định
82069,BEECH WOOD P/FRAME,2,Hàng ngách - khách quen mua lại
82076,BEECH WOOD PHOTO FRAME ,1,Hàng giá rẻ - số lượng lớn
82081,PINK HEARTS PHOTO ALBUM,4,Hàng bán chậm - ít khách
82093,HEART SHAPE BUTTON FRAME ,2,Hàng ngách - khách quen mua lại
82095,HEART BUTTONS JEWELLERY BOX,4,Hàng bán chậm - ít khách
82482,WOODEN PICTURE FRAME WHITE FINISH,3,Hàng chủ lực - bán chạy đều
82483,WOOD 2 DRAWER CABINET WHITE FINISH,3,Hàng chủ lực - bán chạy đều
82484,WOOD BLACK BOARD ANT WHITE FINISH,3,Hàng chủ lực - bán chạy đều
82486,WOOD S/3 CABINET ANT WHITE FINISH,3,Hàng chủ lực - bán chạy đều
82494L,WOODEN FRAME ANTIQUE WHITE ,3,Hàng chủ lực - bán chạy đều
82545A,COGNAC AUX OEUFS METAL 1 HOOK,4,Hàng bán chậm - ít khách
82551,LAUNDRY 15C METAL SIGN,3,Hàng chủ lực - bán chạy đều
82552,WASHROOM METAL SIGN,3,Hàng chủ lực - bán chạy đều
82553,POP'S GREASY SPOON METAL SIGN,2,Hàng ngách - khách quen mua lại
82567,"AIRLINE LOUNGE,METAL SIGN",0,Hàng giá trị cao - ổn định
82578,KITCHEN METAL SIGN,3,Hàng chủ lực - bán chạy đều
82580,BATHROOM METAL SIGN,3,Hàng chủ lực - bán chạy đều
82581,TOILET METAL SIGN,3,Hàng chủ lực - bán chạy đều
82582,AREA PATROLLED METAL SIGN,3,Hàng chủ lực - bán chạy đều
82583,HOT BATHS METAL SIGN,3,Hàng chủ lực - bán chạy đều
82585,SWEET VALENCIA CANDLE+CUP,4,Hàng bán chậm - ít khách
82587,TEXRIO TOMATOES CANDLE+CUP,4,Hàng bán chậm - ít khách
82597,BOMBS AWAY METAL SIGN,0,Hàng giá trị cao - ổn định
82599,FANNY'S REST STOPMETAL SIGN,3,Hàng chủ lực - bán chạy đều
82600,NO SINGING METAL SIGN,3,Hàng chủ lực - bán chạy đều
82605,OLD DOC RUSSEL METAL SIGN,0,Hàng giá trị cao - ổn định
82607A,GLASS BONBON JAR PARFUME AUX FLEURE,0,Hàng giá trị cao - ổn định
82607C,GLASS BONBON JAR. SUPERFINES,4,Hàng bán chậm - ít khách
82607E,GLASS BONBON JAR. D'AMANDES,4,Hàng bán chậm - ít khách
82613A,"METAL SIGN,CUPCAKE SINGLE HOOK",0,Hàng giá trị cao - ổn định
82613B,"METAL SIGN,CUPCAKE SINGLE HOOK",0,Hàng giá trị cao - ổn định
82613C,"METAL SIGN,CUPCAKE SINGLE HOOK",0,Hàng giá trị cao - ổn định
82613D,METAL SIGN CUPCAKE SINGLE HOOK,0,Hàng giá trị cao - ổn định
82615,PINK MARSHMALLOW SCARF KNITTING KIT,0,Hàng giá trị cao - ổn định
82616A,BUBBLE GUM SCARF KNITTING KIT,0,Hàng giá trị cao - ổn định
82616B,FRAPPUCINO SCARF KNITTING KIT,0,Hàng giá trị cao - ổn định
82616C,MIDNIGHT GLAMOUR SCARF KNITTING KIT,0,Hàng giá trị cao - ổn định
84006,MAGIC TREE -PAPER FLOWERS,3,Hàng chủ lực - bán chạy đều
84007,MAGIC GARDEN MOUNT FUJI,4,Hàng bán chậm - ít khách
84012,MAGIC SHEEP WOOL GROWING FROM PAPER,3,Hàng chủ lực - bán chạy đều
84016,FLAG OF ST GEORGE CAR FLAG,0,Hàng giá trị cao - ổn định
84029C,BROWN FURRY HOT WATER BOTTLE,0,Hàng giá trị cao - ổn định
84029D,LEOPARD PRINT HOT WATER BOTTLE,4,Hàng bán chậm - ít khách
84029E,RED WOOLLY HOTTIE WHITE HEART.,3,Hàng chủ lực - bán chạy đều
84029G,KNITTED UNION FLAG HOT WATER BOTTLE,3,Hàng chủ lực - bán chạy đều
84030C,KNITTED RAINBOW HOT WATER BOTTLE,2,Hàng ngách - khách quen mua lại
84030E,ENGLISH ROSE HOT WATER BOTTLE,3,Hàng chủ lực - bán chạy đều
84031A,CHARLIE+LOLA RED HOT WATER BOTTLE ,0,Hàng giá trị cao - ổn định
84031B,CHARLIE LOLA BLUE HOT WATER BOTTLE ,0,Hàng giá trị cao - ổn định
84032A,CHARLIE+LOLA PINK HOT WATER BOTTLE,3,Hàng chủ lực - bán chạy đều
84032B,CHARLIE + LOLA RED HOT WATER BOTTLE,3,Hàng chủ lực - bán chạy đều
84033,FLAG OF ST GEORGE ,0,Hàng giá trị cao - ổn định
84050,PINK HEART SHAPE EGG FRYING PAN,3,Hàng chủ lực - bán chạy đều
84051,ASS COLOUR GLOWING TIARAS,1,Hàng giá rẻ - số lượng lớn
84077,WORLD WAR 2 GLIDERS ASSTD DESIGNS,3,Hàng chủ lực - bán chạy đều
84078A,SET/4 WHITE RETRO STORAGE CUBES ,0,Hàng giá trị cao - ổn định
84081,WHITE CERAMIC PARTY SET (5PCS),4,Hàng bán chậm - ít khách
84086B,YELLOW/BLUE RETRO RADIO,4,Hàng bán chậm - ít khách
84086C,PINK/PURPLE RETRO RADIO,2,Hàng ngách - khách quen mua lại
84192,ASSORTED COLOUR METAL CAT ,1,Hàng giá rẻ - số lượng lớn
84199,GLOW IN DARK DOLPHINS,1,Hàng giá rẻ - số lượng lớn
84201B,HAPPY BIRTHDAY CARD STRIPEY TEDDY,4,Hàng bán chậm - ít khách
84206A,3 BLACK CATS W HEARTS BLANK CARD,4,Hàng bán chậm - ít khách
84212,"ASSORTED FLOWER COLOUR ""LEIS""",3,Hàng chủ lực - bán chạy đều
84218,BOX/12 CHICK & EGG IN BASKET,0,Hàng giá trị cao - ổn định
84219,BOX/12 MOTHER & CHICK IN BASKET/BOW,4,Hàng bán chậm - ít khách
84226,HEN HOUSE W FAMILY IN BARN & NEST,4,Hàng bán chậm - ít khách
84227,HEN HOUSE W CHICK IN NEST,4,Hàng bán chậm - ít khách
84228,HEN HOUSE W CHICK STANDING,1,Hàng giá rẻ - số lượng lớn
84231,EASTER BUNNY WITH BASKET ON BACK,4,Hàng bán chậm - ít khách
84247C,PACK/12 BLUE REINDEER CARD,4,Hàng bán chậm - ít khách
84247E,PACK/12 XMAS FUN CARD,0,Hàng giá trị cao - ổn định
84247G,"DECOUPAGE,GREETING CARD,",1,Hàng giá rẻ - số lượng lớn
84247H,PACK/12 DECOUPAGE CARD,4,Hàng bán chậm - ít khách
84247J,PACK/12 RUSSIAN DOLL CARDS,2,Hàng ngách - khách quen mua lại
84247K,"FOLK ART GREETING CARD,pack/12",4,Hàng bán chậm - ít khách
84247L,FAWN AND MUSHROOM GREETING CARD,1,Hàng giá rẻ - số lượng lớn
84247N,PACK/12 BLUE FOLKART CARDS,4,Hàng bán chậm - ít khách
84249A,"GREETING CARD,SQUARE, DOUGHNUTS",1,Hàng giá rẻ - số lượng lớn
84249D,FAIRY CAKE GREETINGS CARD,1,Hàng giá rẻ - số lượng lớn
84250M,"GREETING CARD, BLACKPOOL ROCK",2,Hàng ngách - khách quen mua lại
84251B,"GREETING CARD, STICKY GORDON",2,Hàng ngách - khách quen mua lại
84251C,"GREETING CARD, TWO SISTERS.",2,Hàng ngách - khách quen mua lại
84251F,"GREETING CARD, RITA",1,Hàng giá rẻ - số lượng lớn
84251G,"GREETING CARD, OVERCROWDED POOL.",1,Hàng giá rẻ - số lượng lớn
84251J,"GREETING CARD, THE BLACK CAT",2,Hàng ngách - khách quen mua lại
84255B,ORANGE COCKTAIL GLASS LAMP,4,Hàng bán chậm - ít khách
84270,ASSTD DESIGN BUBBLE GUM RING,3,Hàng chủ lực - bán chạy đều
84279B,CHERRY BLOSSOM DECORATIVE FLASK,0,Hàng giá trị cao - ổn định
84279P,CHERRY BLOSSOM  DECORATIVE FLASK,0,Hàng giá trị cao - ổn định
84288B,SET/2 BLUE  NOODLE BASKETS,4,Hàng bán chậm - ít khách
84292,ROSE PINK METAL FOLDING CHAIR,4,Hàng bán chậm - ít khách
84292B,BLUE COL METAL FOLDING CHAIR,4,Hàng bán chậm - ít khách
84306,S/3 PINK SQUARE PLANTERS ROSES,4,Hàng bán chậm - ít khách
84313A,PINK TV TRAY TABLE ,4,Hàng bán chậm - ít khách
84313B,BLUE TV TRAY TABLE ,0,Hàng giá trị cao - ổn định
84313C,ORANGE TV TRAY TABLE ,0,Hàng giá trị cao - ổn định
84327A,PINK JUMPER LARRY THE LAMB,0,Hàng giá trị cao - ổn định
84340,LARGE FIBRE OPTIC CHRISTMAS TREE,4,Hàng bán chậm - ít khách
84341B,SMALL PINK MAGIC CHRISTMAS TREE,1,Hàng giá rẻ - số lượng lớn
84347,ROTATING SILVER ANGELS T-LIGHT HLDR,3,Hàng chủ lực - bán chạy đều
84352,SILVER CHRISTMAS TREE BAUBLE STAND ,0,Hàng giá trị cao - ổn định
84356,POMPOM CURTAIN,0,Hàng giá trị cao - ổn định
84358,FLOOR LAMP SHADE WOOD BASE,0,Hàng giá trị cao - ổn định
84360,TABLE LAMP WHITE SHADE WOOD BASE,0,Hàng giá trị cao - ổn định
84367,LA STREGA CANVAS PICTURE ,4,Hàng bán chậm - ít khách
84371,BIG PINK POODLE,4,Hàng bán chậm - ít khách
84375,SET OF 20 KIDS COOKIE CUTTERS,3,Hàng chủ lực - bán chạy đều
84378,SET OF 3 HEART COOKIE CUTTERS,3,Hàng chủ lực - bán chạy đều
84380,SET OF 3 BUTTERFLY COOKIE CUTTERS,3,Hàng chủ lực - bán chạy đều
84388,WISE MAN STAR SHAPE EGG PAN,4,Hàng bán chậm - ít khách
84396,6 HOOK JEWELLERY STAND BLACK DRESS,0,Hàng giá trị cao - ổn định
84402D,PINK DRESS JEWELLERY STAND ,1,Hàng giá rẻ - số lượng lớn
84405A,S/3 PINK COL METAL BASKET W HANDLE,0,Hàng giá trị cao - ổn định
84406B,CREAM CUPID HEARTS COAT HANGER,3,Hàng chủ lực - bán chạy đều
84414B,FUSCHIA/GREEN STRIPE WOOLLY BLANKET,4,Hàng bán chậm - ít khách
84415A,PINK FLOCK SUEDE CUSHION COVER ,4,Hàng bán chậm - ít khách
84415B,BLUE FLOCK CUSHION COVER ,4,Hàng bán chậm - ít khách
84422,PINK/BLUE DISC/MIRROR STRING,1,Hàng giá rẻ - số lượng lớn
84424A,FOUR PICTURE WHITE GLASS FRAME,4,Hàng bán chậm - ít khách
84425A,WHITE GLASS TV TRIPLE FRAME,4,Hàng bán chậm - ít khách
84427B,BLACK GLASS TV DOUBLE P/FRAME 15X10,4,Hàng bán chậm - ít khách
84429A,MEDIUM PINK BUDDHA HEAD ,4,Hàng bán chậm - ít khách
84437A,S/6 PINK EASTER DECS IN BOX,4,Hàng bán chậm - ít khách
84447,6 RABBIT CHAIN EASTER,4,Hàng bán chậm - ít khách
84450A,PINK RABBIT SITTING EASTER,4,Hàng bán chậm - ít khách
84450B,PINK/YELLOW RABBIT SAT EASTER,2,Hàng ngách - khách quen mua lại
84452,METAL RABBIT LADDER EASTER ,4,Hàng bán chậm - ít khách
84454,WOBBLING METAL CHICKEN EASTER,4,Hàng bán chậm - ít khách
84455,SET OF 3 RABBIT CARROTS EASTER,4,Hàng bán chậm - ít khách
84456,SET OF 3 RABBIT EGG EASTER,4,Hàng bán chậm - ít khách
84457,SET/3 RABBITS FLOWER SKIPPPING ROPE,0,Hàng giá trị cao - ổn định
84458,S/3 RABBIT FLOWER/EGG/CARROT ROPE,4,Hàng bán chậm - ít khách
84459A,PINK METAL CHICKEN HEART ,0,Hàng giá trị cao - ổn định
84459B,YELLOW METAL CHICKEN HEART ,3,Hàng chủ lực - bán chạy đều
84461,12 PINK HEN+CHICKS IN BASKET,4,Hàng bán chậm - ít khách
84462,3 PINK HEN+CHICKS IN BASKET,4,Hàng bán chậm - ít khách
84464,S/60 PINK FLUFFY CHICKS IN BOX,4,Hàng bán chậm - ít khách
84465,15 PINK FLUFFY CHICKS IN BOX,4,Hàng bán chậm - ít khách
84466,TOP SECRET PEN SET,1,Hàng giá rẻ - số lượng lớn
84467,ENGLISH ROSE DESIGN QUILTED THROW,0,Hàng giá trị cao - ổn định
84469,ROSE DES PADDED FLOOR CUSHION,1,Hàng giá rẻ - số lượng lớn
84472,PINK AND LILAC QUILTED THROW ,0,Hàng giá trị cao - ổn định
84482,BUTTONS DESIGN JEWELLERY BOX,4,Hàng bán chậm - ít khách
84493,BLUE/PINK NEST STRIPE BOX,1,Hàng giá rẻ - số lượng lớn
84497,BUTTONS AND STRIPES NOTEBOOK ,4,Hàng bán chậm - ít khách
84499,BLACK FLOWER CANDLE PLATE,1,Hàng giá rẻ - số lượng lớn
84507B,STRIPES DESIGN MONKEY DOLL,1,Hàng giá rẻ - số lượng lớn
84507C,BLUE CIRCLES DESIGN MONKEY DOLL,0,Hàng giá trị cao - ổn định
84508A,CAMOUFLAGE DESIGN TEDDY,1,Hàng giá rẻ - số lượng lớn
84508B,STRIPES DESIGN TEDDY,0,Hàng giá trị cao - ổn định
84508C,BLUE CIRCLES DESIGN TEDDY,4,Hàng bán chậm - ít khách
84509A,SET OF 4 ENGLISH ROSE PLACEMATS,0,Hàng giá trị cao - ổn định
84509B,SET OF 4 FAIRY CAKE PLACEMATS,0,Hàng giá trị cao - ổn định
84509C,SET OF 4 POLKADOT PLACEMATS ,0,Hàng giá trị cao - ổn định
84509E,SET OF 4 CAROUSEL PLACEMATS ,4,Hàng bán chậm - ít khách
84509F,SET OF 4 NEW ENGLAND PLACEMATS,1,Hàng giá rẻ - số lượng lớn
84509G,SET OF 4 FAIRY CAKE PLACEMATS ,0,Hàng giá trị cao - ổn định
84510A,SET OF 4 ENGLISH ROSE COASTERS,3,Hàng chủ lực - bán chạy đều
84510B,SET OF 4 FAIRY CAKES COASTERS ,1,Hàng giá rẻ - số lượng lớn
84510C,SET OF 4 POLKADOT COASTERS,0,Hàng giá trị cao - ổn định
84510E,SET OF 4 GREEN CAROUSEL COASTERS,4,Hàng bán chậm - ít khách
84510F,SET OF 4 NEW ENGLAND COASTERS ,1,Hàng giá rẻ - số lượng lớn
84519A,TOMATO CHARLIE+LOLA COASTER SET,0,Hàng giá trị cao - ổn định
84519B,CARROT CHARLIE+LOLA COASTER SET,0,Hàng giá trị cao - ổn định
84520B,PACK 20 ENGLISH ROSE PAPER NAPKINS,3,Hàng chủ lực - bán chạy đều
84520D,PACK OF 20 FAIRY CAKE PAPER NAPKINS,1,Hàng giá rẻ - số lượng lớn
84522,PINK PARTY SUNGLASSES,1,Hàng giá rẻ - số lượng lớn
84526,GIANT BLACK SUNGLASSES,1,Hàng giá rẻ - số lượng lớn
84527,FLAMES SUNGLASSES PINK LENSES,4,Hàng bán chậm - ít khách
84529A,PINK KNITTED KIDS RUCKSACK,4,Hàng bán chậm - ít khách
84529B,BLUE KNITTED KID'S RUCKSACK,4,Hàng bán chậm - ít khách
84529C,YELLOW KNITTED KIDS RUCKSACK,2,Hàng ngách - khách quen mua lại
84531A,PINK KNITTED EGG COSY,4,Hàng bán chậm - ít khách
84531B,BLUE KNITTED EGG COSY,4,Hàng bán chậm - ít khách
84532B,FAIRY CAKES RECTANGLUAR BOXES,4,Hàng bán chậm - ít khách
84533B,FAIRY CAKES ROUND NESTING BOXES,4,Hàng bán chậm - ít khách
84534B,FAIRY CAKE NOTEBOOK A5 SIZE,0,Hàng giá trị cao - ổn định
84535A,ENGLISH ROSE NOTEBOOK A6 SIZE,1,Hàng giá rẻ - số lượng lớn
84535B,FAIRY CAKES NOTEBOOK A6 SIZE,3,Hàng chủ lực - bán chạy đều
84536A,ENGLISH ROSE NOTEBOOK A7 SIZE,3,Hàng chủ lực - bán chạy đều
84536B,FAIRY CAKES NOTEBOOK A7 SIZE,3,Hàng chủ lực - bán chạy đều
84537B,FAIRY CAKES GIFT BAG,4,Hàng bán chậm - ít khách
84539,KNITTED RABBIT DOLL ,4,Hàng bán chậm - ít khách
84548,CROCHET BEAR RED/BLUE  KEYRING,4,Hàng bán chậm - ít khách
84549,CROCHET WHITE RABBIT KEYRING ,4,Hàng bán chậm - ít khách
84550,CROCHET LILAC/RED BEAR KEYRING,4,Hàng bán chậm - ít khách
84551,CROCHET DOG KEYRING,4,Hàng bán chậm - ít khách
84555A,YELLOW VW BEETLE CERAMIC MONEY BOX,4,Hàng bán chậm - ít khách
84558A,3D DOG PICTURE PLAYING CARDS,0,Hàng giá trị cao - ổn định
84559A,3D SHEET OF DOG STICKERS,3,Hàng chủ lực - bán chạy đều
84559B,3D SHEET OF CAT STICKERS,0,Hàng giá trị cao - ổn định
84559D,3D SHEET OF SEA WORLD STICKERS,4,Hàng bán chậm - ít khách
84562A,PINK/WHITE RIBBED MELAMINE JUG,0,Hàng giá trị cao - ổn định
84562B,BLUE/WHITE RIBBED MELAMINE JUG,4,Hàng bán chậm - ít khách
84563A,PINK & WHITE BREAKFAST TRAY,0,Hàng giá trị cao - ổn định
84563B,BLUE & WHITE BREAKFAST TRAY,0,Hàng giá trị cao - ổn định
84564,6 SEGMENT COLOURED SNACK BOWL ,4,Hàng bán chậm - ít khách
84568,GIRLS ALPHABET IRON ON PATCHES ,3,Hàng chủ lực - bán chạy đều
84569A,PACK 3 IRON ON DOG PATCHES,0,Hàng giá trị cao - ổn định
84569B,PACK 3 FIRE ENGINE/CAR PATCHES,0,Hàng giá trị cao - ổn định
84569C,PACK 4 FLOWER/BUTTERFLY PATCHES,0,Hàng giá trị cao - ổn định
84569D,PACK 6 HEART/ICE-CREAM PATCHES,0,Hàng giá trị cao - ổn định
84575A,PINK DOG CANNISTER,4,Hàng bán chậm - ít khách
84576,BLUE CAT BISCUIT BARREL PINK HEART,4,Hàng bán chậm - ít khách
84578,ELEPHANT TOY WITH BLUE T-SHIRT,0,Hàng giá trị cao - ổn định
84580,MOUSE TOY WITH PINK T-SHIRT,0,Hàng giá trị cao - ổn định
84581,DOG TOY WITH PINK CROCHET SKIRT,0,Hàng giá trị cao - ổn định
84582,PINK CROCHET CAT WITH SCARF,4,Hàng bán chậm - ít khách
84584,PINK GINGHAM CAT WITH SCARF,0,Hàng giá trị cao - ổn định
84586L,"PINK ROSES/GINGHAM PATCH RABBIT 8""",4,Hàng bán chậm - ít khách
84592,CROCHET ROSE PURSE WITH SUEDE BACK,4,Hàng bán chậm - ít khách
84593,CROCHET ROSE DES CLOTHES HANGER,4,Hàng bán chậm - ít khách
84595B,LARGE TRIFLE DESIGN L BLUE BOWL,1,Hàng giá rẻ - số lượng lớn
84595E,LARGE TORTILLA DESIGN RED BOWL,1,Hàng giá rẻ - số lượng lớn
84596B,SMALL DOLLY MIX DESIGN ORANGE BOWL,3,Hàng chủ lực - bán chạy đều
84596E,SMALL LICORICE DES PINK BOWL,0,Hàng giá trị cao - ổn định
84596F,SMALL MARSHMALLOWS PINK BOWL,3,Hàng chủ lực - bán chạy đều
84596G,SMALL CHOCOLATES PINK BOWL,3,Hàng chủ lực - bán chạy đều
84596I,WRAP SWEETS LIGHT PINK SMALL BOWL,4,Hàng bán chậm - ít khách
84596J,MIXED NUTS LIGHT GREEN BOWL,0,Hàng giá trị cao - ổn định
84596K,JELLY BABIES YELLOW SMALL BOWL,0,Hàng giá trị cao - ổn định
84596L,BISCUITS SMALL BOWL LIGHT BLUE,3,Hàng chủ lực - bán chạy đều
84597B,RETRO BROWN BALL ASHTRAY ,4,Hàng bán chậm - ít khách
84597C,RETRO PINK BALL ASHTRAY ,1,Hàng giá rẻ - số lượng lớn
84598,BOYS ALPHABET IRON ON PATCHES,3,Hàng chủ lực - bán chạy đều
84599,CANDY STRIPE ROSE FLOOR CUSHION,4,Hàng bán chậm - ít khách
84600,NEW BAROQUE JEWELLERY BOX ,0,Hàng giá trị cao - ổn định
84601A,NEW BAROQUE IVORY CUSHION COVER ,1,Hàng giá rẻ - số lượng lớn
84609,TALL ROCOCO CANDLE HOLDER,0,Hàng giá trị cao - ổn định
84613A,PINK NEW BAROQUE FLOCK CANDLESTICK,4,Hàng bán chậm - ít khách
84613C,BLUE NEW BAROQUE FLOCK CANDLESTICK,4,Hàng bán chậm - ít khách
84614A,PINK BAROQUE FLOCK CANDLE HOLDER,4,Hàng bán chậm - ít khách
84615,PINK ROUND BUTTERFLY MIRROR ,1,Hàng giá rẻ - số lượng lớn
84616,SILVER ROCCOCO CHANDELIER,4,Hàng bán chậm - ít khách
84617,NEW BAROQUE BLACK BOXES,4,Hàng bán chậm - ít khách
84619,BLUE GINGHAM ROSE QUILT ,0,Hàng giá trị cao - ổn định
84620,BLUE GINGHAM ROSE CUSHION COVER,0,Hàng giá trị cao - ổn định
84621,BLUE GINGHAM ROSE FLOOR CUSHION ,4,Hàng bán chậm - ít khách
84622,PINK GINGHAM ROSE CUSHION COVER,4,Hàng bán chậm - ít khách
84623,PINK GINGHAM ROSE FLOOR CUSHION,4,Hàng bán chậm - ít khách
84625A,PINK NEW BAROQUECANDLESTICK CANDLE,0,Hàng giá trị cao - ổn định
84625B,BLCK NEW BAROQUE CANDLESTICK CANDLE,4,Hàng bán chậm - ít khách
84625C,BLUE NEW BAROQUE CANDLESTICK CANDLE,1,Hàng giá rẻ - số lượng lớn
84625D,WHITE NEWBAROQUE CANDLESTICK CANDLE,1,Hàng giá rẻ - số lượng lớn
84627,CANDY STRIPE ROSE C/COVER ,4,Hàng bán chậm - ít khách
84629,WHITE 3 FRAME BIRDS AND TREE ,4,Hàng bán chậm - ít khách
84631,FRUIT TREE AND BIRDS WALL PLAQUE,0,Hàng giá trị cao - ổn định
84632,DECORATIVE HANGING SHELVING UNIT,4,Hàng bán chậm - ít khách
84637,KITCHEN FLOWER POTS WALL PLAQUE,0,Hàng giá trị cao - ổn định
84638,SMALL KITCHEN FLOWER POTS PLAQUE,0,Hàng giá trị cao - ổn định
84653,GREEN ROSE QUILT ,4,Hàng bán chậm - ít khách
84656,WHITE ROSE C/COVER,4,Hàng bán chậm - ít khách
84657,GREEN ROSE CUSHION COVER,1,Hàng giá rẻ - số lượng lớn
84658,WHITE STITCHED CUSHION COVER,0,Hàng giá trị cao - ổn định
84659A,WHITE TRAVEL ALARM CLOCK,0,Hàng giá trị cao - ổn định
84660A,WHITE STITCHED WALL CLOCK,1,Hàng giá rẻ - số lượng lớn
84660B,BLACK STITCHED WALL CLOCK,1,Hàng giá rẻ - số lượng lớn
84660C,PINK STITCHED WALL CLOCK,0,Hàng giá trị cao - ổn định
84661A,WHITE SQUARE TABLE CLOCK,4,Hàng bán chậm - ít khách
84661B,BLACK SQUARE TABLE CLOCK,0,Hàng giá trị cao - ổn định
84661C,PINK SQUARE TABLE CLOCK,4,Hàng bán chậm - ít khách
84663A,GRASS HOPPER WOODEN WALL CLOCK ,0,Hàng giá trị cao - ổn định
84664,CHERRY BLOSSOM BATHROOM CABINET,0,Hàng giá trị cao - ổn định
84665,SQUARE CHERRY BLOSSOM CABINET,0,Hàng giá trị cao - ổn định
84666,SQUARE CHERRY BLOSSOM CABINET,0,Hàng giá trị cao - ổn định
84670,JAPANESE CROCHETED ANIMAL,1,Hàng giá rẻ - số lượng lớn
84671B,CROCHET BEAR WITH BLUE STRIPES,4,Hàng bán chậm - ít khách
84673A,PINK FLY SWAT,1,Hàng giá rẻ - số lượng lớn
84673B,BLUE FLY SWAT,0,Hàng giá trị cao - ổn định
84674,FLYING PIG WATERING CAN,0,Hàng giá trị cao - ổn định
84675,FROG KING WATERING CAN,0,Hàng giá trị cao - ổn định
84676,BATH DUCK WATERING CAN,0,Hàng giá trị cao - ổn định
84678,CLASSICAL ROSE SMALL VASE,0,Hàng giá trị cao - ổn định
84680,CLASSICAL ROSE URN,4,Hàng bán chậm - ít khách
84682,CLASSICAL ROSE DISH,0,Hàng giá trị cao - ổn định
84683,CLASSICAL ROSE CANDLESTAND,1,Hàng giá rẻ - số lượng lớn
84684,BEACH HUT PHOTO FRAME,1,Hàng giá rẻ - số lượng lớn
84685,BEACH HUT KEY CABINET,0,Hàng giá trị cao - ổn định
84686,BEACH HUT MIRROR,0,Hàng giá trị cao - ổn định
84687,BEACH HUT SHELF W 3 DRAWERS,0,Hàng giá trị cao - ổn định
84688,BEACH HUT DESIGN BLACKBOARD,0,Hàng giá trị cao - ổn định
84689,S/2 BEACH HUT TREASURE CHESTS,0,Hàng giá trị cao - ổn định
84690,S/2 BEACH HUT STOOLS,4,Hàng bán chậm - ít khách
84691,PACK 20 DOLLY PEGS,3,Hàng chủ lực - bán chạy đều
84692,BOX OF 24 COCKTAIL PARASOLS,3,Hàng chủ lực - bán chạy đều
84705A,ENGLISH ROSE PHOTO FRAME ,4,Hàng bán chậm - ít khách
84705B,FAIRY CAKES PHOTO FRAME,4,Hàng bán chậm - ít khách
84705C,PINK FLOCK PHOTO FRAME ,1,Hàng giá rẻ - số lượng lớn
84705D,CHERRY BLOSSOM PHOTO FRAME ,2,Hàng ngách - khách quen mua lại
84705F,RED PEONY PHOTO FRAME ,4,Hàng bán chậm - ít khách
84706A,ENGLISH ROSE TABLE CLOCK,1,Hàng giá rẻ - số lượng lớn
84706B,FAIRY CAKES TABLE CLOCK,4,Hàng bán chậm - ít khách
84706D,CHERRY BLOSSOM TABLE CLOCK ,1,Hàng giá rẻ - số lượng lớn
84706F,RED PEONY TABLE CLOCK,4,Hàng bán chậm - ít khách
84707A,SILVER JEWELLED MIRROR TRINKET TRAY,0,Hàng giá trị cao - ổn định
84707B,PINK JEWELLED MIRROR TRINKET TRAY,4,Hàng bán chậm - ít khách
84708B,PINK JEWELLED PHOTO FRAME ,0,Hàng giá trị cao - ổn định
84709A,SILVER OVAL JEWELLED MIRROR,4,Hàng bán chậm - ít khách
84709B,PINK OVAL JEWELLED MIRROR,0,Hàng giá trị cao - ổn định
84711A,SILVER OVAL SHAPE TRINKET BOX,4,Hàng bán chậm - ít khách
84711B,PINK OVAL SHAPE TRINKET BOX,4,Hàng bán chậm - ít khách
84712B,PINK JEWELLED PHOTO FRAME,0,Hàng giá trị cao - ổn định
84715,SET OF 6 ICE CREAM SKITTLES,0,Hàng giá trị cao - ổn định
84723,CHERRY BLOSSOM CANVAS ART PICTURE,4,Hàng bán chậm - ít khách
84725,FREESTYLE CANVAS ART PICTURE,4,Hàng bán chậm - ít khách
84726,LILLIES CANVAS PICTURE,1,Hàng giá rẻ - số lượng lớn
84732B,CUTE BIRD CEATURE SCREEN,4,Hàng bán chậm - ít khách
84732D,CUTE RABBIT CEATURE SCREEN ,4,Hàng bán chậm - ít khách
84741C,CITRUS GARLAND FELT FLOWERS ,4,Hàng bán chậm - ít khách
84743C,ORANGE FELT VASE + FLOWERS,4,Hàng bán chậm - ít khách
84744,S/6 SEW ON CROCHET FLOWERS,4,Hàng bán chậm - ít khách
84745A,PINK HANGING GINGHAM EASTER HEN,4,Hàng bán chậm - ít khách
84745B,BLUE HANGING GINGHAM EASTER HEN,4,Hàng bán chậm - ít khách
84746,PINK EASTER HENS+FLOWER,4,Hàng bán chậm - ít khách
84748,FOLK FELT HANGING MULTICOL GARLAND,1,Hàng giá rẻ - số lượng lớn
84750A,PINK SMALL GLASS CAKE STAND,0,Hàng giá trị cao - ổn định
84750B,BLACK SMALL GLASS CAKE STAND,0,Hàng giá trị cao - ổn định
84751B,BLACK MEDIUM GLASS CAKE STAND,4,Hàng bán chậm - ít khách
84753A,PINK EAU DE COLOGNE BOTTLE,4,Hàng bán chậm - ít khách
84754,S/15 SILVER GLASS BAUBLES IN BAG,3,Hàng chủ lực - bán chạy đều
84755,COLOUR GLASS T-LIGHT HOLDER HANGING,3,Hàng chủ lực - bán chạy đều
84760S,SMALL HANGING GLASS+ZINC LANTERN,4,Hàng bán chậm - ít khách
84761,IVORY HANGING BIRD PLANTER ,0,Hàng giá trị cao - ổn định
84762A,WHITE PICNIC BARBECUE BUCKET,4,Hàng bán chậm - ít khách
84762B,PINK PICNIC BARBECUE BUCKET,0,Hàng giá trị cao - ổn định
84762C,GREEN PICNIC BARBECUE BUCKET,4,Hàng bán chậm - ít khách
84763,ZINC FINISH 15CM PLANTER POTS,3,Hàng chủ lực - bán chạy đều
84765,SILVER ROCOCO CANDELABRA,4,Hàng bán chậm - ít khách
84766,SILVER ROCOCO CANDLE STICK,4,Hàng bán chậm - ít khách
84767,ZINC POLICE BOX LANTERN,1,Hàng giá rẻ - số lượng lớn
84770,ROUND GEORGIAN SILVER MIRROR,4,Hàng bán chậm - ít khách
84773,RED ROSE AND LACE C/COVER,0,Hàng giá trị cao - ổn định
84782A,PINK 3 TIER GLASS PLATE STAND,4,Hàng bán chậm - ít khách
84782B,BLACK 3 TIER GLASS PLATE STAND,4,Hàng bán chậm - ít khách
84782C,GREEN 3 TIER GLASS PLATE STAND,4,Hàng bán chậm - ít khách
84789,ENCHANTED BIRD PLANT CAGE,0,Hàng giá trị cao - ổn định
84791,GINGHAM HEART DECORATION,0,Hàng giá trị cao - ổn định
84792,ENCHANTED BIRD COATHANGER 5 HOOK,3,Hàng chủ lực - bán chạy đều
84795A,PASTEL STRIPE HAMMOCK ,0,Hàng giá trị cao - ổn định
84795B,SUNSET CHECK HAMMOCK,0,Hàng giá trị cao - ổn định
84795C,OCEAN STRIPE HAMMOCK ,0,Hàng giá trị cao - ổn định
84795D,SEASIDE STRIPE HAMMOCK,0,Hàng giá trị cao - ổn định
84795E,RIO PINK STRIPE HAMMOCK,4,Hàng bán chậm - ít khách
84796A,PINK HAWAIIAN PICNIC HAMPER FOR 2,2,Hàng ngách - khách quen mua lại
84796B,BLUE SAVANNAH PICNIC HAMPER FOR 2,2,Hàng ngách - khách quen mua lại
84797A,PINK HAWAIIAN PICNIC HAMPER FOR 4,0,Hàng giá trị cao - ổn định
84797B,BLUE SAVANNAH PICNIC HAMPER FOR 4,0,Hàng giá trị cao - ổn định
84798A,PINK FOXGLOVE ARTIIFCIAL FLOWER,1,Hàng giá rẻ - số lượng lớn
84798B,PURPLE FOXGLOVE ARTIIFCIAL FLOWER,1,Hàng giá rẻ - số lượng lớn
84799,SPRIG LAVENDER ARTIFICIAL FLOWER,1,Hàng giá rẻ - số lượng lớn
84800L,LARGE WHITE/PINK ROSE ART FLOWER,1,Hàng giá rẻ - số lượng lớn
84800M,MEDIUM WHITE/PINK ROSE ART FLOWER,1,Hàng giá rẻ - số lượng lớn
84800S,SMALL WHITE/PINK ROSE ART FLOWER,1,Hàng giá rẻ - số lượng lớn
84801A,PINK HYDRANGEA ART FLOWER,1,Hàng giá rẻ - số lượng lớn
84801B,WHITE HYDRANGEA ART FLOWER,1,Hàng giá rẻ - số lượng lớn
84802A,WHITE ANEMONE ARTIFICIAL FLOWER,1,Hàng giá rẻ - số lượng lớn
84802B,PURPLE ANEMONE ARTIFICIAL FLOWER,1,Hàng giá rẻ - số lượng lớn
84803A,PINK ALLIUM  ARTIFICIAL FLOWER,4,Hàng bán chậm - ít khách
84803B,WHITE ALLIUM  ARTIFICIAL FLOWER,4,Hàng bán chậm - ít khách
84804A,CREAM DELPHINIUM ARTIFICIAL FLOWER,1,Hàng giá rẻ - số lượng lớn
84804B,BLUE DELPHINIUM ARTIFICIAL FLOWER,1,Hàng giá rẻ - số lượng lớn
84805A,CREAM CLIMBING HYDRANGA ART FLOWER,1,Hàng giá rẻ - số lượng lớn
84805B,BLUE CLIMBING HYDRANGA ART FLOWER,1,Hàng giá rẻ - số lượng lớn
84806A,PINK CANDYSTUFT ARTIFICIAL FLOWER,1,Hàng giá rẻ - số lượng lớn
84806B,WHITE CANDYSTUFT ARTIFICIAL FLOWER,1,Hàng giá rẻ - số lượng lớn
84807,RED POPPY ARTIFICIAL FLOWER,1,Hàng giá rẻ - số lượng lớn
84809A,WHITE CHRYSANTHEMUMS ART FLOWER,1,Hàng giá rẻ - số lượng lớn
84809B,PINK CHRYSANTHEMUMS ART FLOWER,1,Hàng giá rẻ - số lượng lớn
84813,SET OF 4 DIAMOND NAPKIN RINGS,0,Hàng giá trị cao - ổn định
84815,SET OF 3 DANISH ROSE PLANTERS,1,Hàng giá rẻ - số lượng lớn
84816,DANISH ROSE BEDSIDE CABINET,4,Hàng bán chậm - ít khách
84817,DANISH ROSE DECORATIVE PLATE,1,Hàng giá rẻ - số lượng lớn
84818,DANISH ROSE PHOTO FRAME,3,Hàng chủ lực - bán chạy đều
84819,DANISH ROSE ROUND SEWING BOX,1,Hàng giá rẻ - số lượng lớn
84820,DANISH ROSE TRINKET TRAYS,0,Hàng giá trị cao - ổn định
84821,DANISH ROSE DELUXE COASTER,1,Hàng giá rẻ - số lượng lớn
84823,DANISH ROSE FOLDING CHAIR,0,Hàng giá trị cao - ổn định
84824,DANISH ROSE UMBRELLA STAND,4,Hàng bán chậm - ít khách
84826,ASSTD DESIGN 3D PAPER STICKERS,1,Hàng giá rẻ - số lượng lớn
84827,ASS DES PHONE SPONGE CRAFT STICKER,1,Hàng giá rẻ - số lượng lớn
84828,JUNGLE POPSICLES ICE LOLLY HOLDERS,3,Hàng chủ lực - bán chạy đều
84830,LARGE ENGLISH ARBORETUM,4,Hàng bán chậm - ít khách
84832,ZINC WILLIE WINKIE  CANDLE STICK,3,Hàng chủ lực - bán chạy đều
84836,ZINC METAL HEART DECORATION,3,Hàng chủ lực - bán chạy đều
84837,WHITE SWEETHEARTS CABINET 4 DRAWERS,0,Hàng giá trị cao - ổn định
84839,SWEETHEART KEY CABINET,0,Hàng giá trị cao - ổn định
84840,SWEETHEART CARRY-ALL BASKET,0,Hàng giá trị cao - ổn định
84842,HELLO SAILOR BATHROOM SET,1,Hàng giá rẻ - số lượng lớn
84843,WHITE SOAP RACK WITH 2 BOTTLES,0,Hàng giá trị cao - ổn định
84845C,CARNATION SQUARE HANDY TIN,4,Hàng bán chậm - ít khách
84845D,GERANIUM SQUARE HANDY TIN,4,Hàng bán chậm - ít khách
84846A,SCENTED CANDLE IN DIGITALIS TIN,0,Hàng giá trị cao - ổn định
84847,FLORAL BATHROOM SET,1,Hàng giá rẻ - số lượng lớn
84849A,HELLO SAILOR BLUE SOAP HOLDER,0,Hàng giá trị cao - ổn định
84849B,FAIRY SOAP SOAP HOLDER,3,Hàng chủ lực - bán chạy đều
84849D,HOT BATHS SOAP HOLDER,3,Hàng chủ lực - bán chạy đều
84854,GIRLY PINK TOOL SET,0,Hàng giá trị cao - ổn định
84855,BLOKEY SILVER TOOL SET,4,Hàng bán chậm - ít khách
84856L,LARGE TAHITI BEACH BAG,0,Hàng giá trị cao - ổn định
84856S,SMALL TAHITI BEACH BAG,1,Hàng giá rẻ - số lượng lớn
84857C,PINK MONTE CARLO HANDBAG,4,Hàng bán chậm - ít khách
84858A,NATURAL RIVIERA HANDBAG,4,Hàng bán chậm - ít khách
84858B,BLUE RIVIERA HANDBAG,1,Hàng giá rẻ - số lượng lớn
84858C,PINK RIVIERA HANDBAG,1,Hàng giá rẻ - số lượng lớn
84859A,SILVER DISCO HANDBAG,0,Hàng giá trị cao - ổn định
84859B,BLUE DISCO HANDBAG,1,Hàng giá rẻ - số lượng lớn
84859C,PINK DISCO HANDBAG,1,Hàng giá rẻ - số lượng lớn
84865,NEW BAROQUE BLACK PHOTO ALBUM,4,Hàng bán chậm - ít khách
84867A,PINK BABY GIRLS PHOTO ALBUM,4,Hàng bán chậm - ít khách
84869,CANDY BUTTON PHOTO ALBUM,1,Hàng giá rẻ - số lượng lớn
84870B,BLUE GEISHA GIRL ,4,Hàng bán chậm - ít khách
84870C,GREEN GEISHA GIRL ,4,Hàng bán chậm - ít khách
84872A,TEATIME FUNKY FLOWER BACKPACK FOR 2,2,Hàng ngách - khách quen mua lại
84873A,FUNKY FLOWER PICNIC BAG FOR 4,2,Hàng ngách - khách quen mua lại
84874B,BLUE TRAVEL FIRST AID KIT,4,Hàng bán chậm - ít khách
84875A,PINK SQUARE COMPACT MIRROR,4,Hàng bán chậm - ít khách
84875B,GREEN SQUARE COMPACT MIRROR,1,Hàng giá rẻ - số lượng lớn
84875D,BLUE SQUARE COMPACT MIRROR,1,Hàng giá rẻ - số lượng lớn
84876B,GREEN HEART COMPACT MIRROR,1,Hàng giá rẻ - số lượng lớn
84876D,BLUE HEART COMPACT MIRROR,1,Hàng giá rẻ - số lượng lớn
84877A,PINK ROUND COMPACT MIRROR,4,Hàng bán chậm - ít khách
84877B,GREEN ROUND COMPACT MIRROR,2,Hàng ngách - khách quen mua lại
84877D,BLUE ROUND COMPACT MIRROR,2,Hàng ngách - khách quen mua lại
84879,ASSORTED COLOUR BIRD ORNAMENT,3,Hàng chủ lực - bán chạy đều
84880,WHITE WIRE EGG HOLDER,0,Hàng giá trị cao - ổn định
84881,BLUE WIRE SPIRAL CANDLE HOLDER,4,Hàng bán chậm - ít khách
84882,GREEN WIRE STANDING CANDLE HOLDER,4,Hàng bán chậm - ít khách
84884A,ANT WHITE WIRE HEART SPIRAL,3,Hàng chủ lực - bán chạy đều
84886,BLUE METAL WALL SHELF,4,Hàng bán chậm - ít khách
84891B,GREEN WIRE GOBLET CANDLEHOLDER,4,Hàng bán chậm - ít khách
84893,ANT WHITE IRON BASKET,4,Hàng bán chậm - ít khách
84898F,YELLOW FLOWERS FELT HANDBAG KIT,4,Hàng bán chậm - ít khách
84899E,YELLOW + BROWN BEAR FELT PURSE KIT,4,Hàng bán chậm - ít khách
84899F,YELLOW PURPLE DAISY FELT PURSE KIT,4,Hàng bán chậm - ít khách
84901,BLACK FACE LAMB WITH PANTS,4,Hàng bán chậm - ít khách
84902,PINK KNITTED COW STUFFED TOY,4,Hàng bán chậm - ít khách
84905,PINK BUTTERFLY CUSHION COVER ,2,Hàng ngách - khách quen mua lại
84906,PINK B'FLY C/COVER W BOBBLES,4,Hàng bán chậm - ít khách
84907,PINK YELLOW PATCH CUSHION COVER,1,Hàng giá rẻ - số lượng lớn
84908A,PINK 5 PATCH FLOWER CUSHION COVER ,2,Hàng ngách - khách quen mua lại
84908B,BLUE 5 PATCH FLOWER CUSHION COVER,2,Hàng ngách - khách quen mua lại
84909A,PINK PAISLEY QUILT ,0,Hàng giá trị cao - ổn định
84910A,PINK PAISLEY CUSHION COVER ,0,Hàng giá trị cao - ổn định
84912A,PINK ROSE WASHBAG,3,Hàng chủ lực - bán chạy đều
84912B,GREEN ROSE WASHBAG,3,Hàng chủ lực - bán chạy đều
84913A,SOFT PINK ROSE TOWEL ,2,Hàng ngách - khách quen mua lại
84913B,MINT GREEN ROSE TOWEL,2,Hàng ngách - khách quen mua lại
84914A,PINK ROSE PICNIC RUG,4,Hàng bán chậm - ít khách
84915,HAND TOWEL PINK FLOWER AND DAISY,0,Hàng giá trị cao - ổn định
84916,HAND TOWEL PALE BLUE W FLOWERS,0,Hàng giá trị cao - ổn định
84917,WHITE HAND TOWEL WITH BUTTERFLY,2,Hàng ngách - khách quen mua lại
84918,CREAM CUSHION COVER WITH FLOWERS,2,Hàng ngách - khách quen mua lại
84919,BLUE CUSHION COVER WITH FLOWER,0,Hàng giá trị cao - ổn định
84920,PINK FLOWER FABRIC PONY,0,Hàng giá trị cao - ổn định
84921,CREAM AND PINK FLOWERS PONY ,4,Hàng bán chậm - ít khách
84922,PINK BUTTERFLY WASHBAG,1,Hàng giá rẻ - số lượng lớn
84923,PINK BUTTERFLY HANDBAG W BOBBLES,2,Hàng ngách - khách quen mua lại
84924A,WAKE UP COCKEREL CALENDAR SIGN ,0,Hàng giá trị cao - ổn định
84924D,LA PALMIERA METAL SIGN CALENDAR,1,Hàng giá rẻ - số lượng lớn
84924F,PSYCHEDELIC METAL SIGN CALENDAR,1,Hàng giá rẻ - số lượng lớn
84925A,WAKE UP COCKEREL WALL THERMOMETER,1,Hàng giá rẻ - số lượng lớn
84925C,FAIRY CAKES  WALL THERMOMETER,4,Hàng bán chậm - ít khách
84925D,LA PALMIERA WALL THERMOMETER,1,Hàng giá rẻ - số lượng lớn
84925F,PSYCHEDELIC WALL THERMOMETER,1,Hàng giá rẻ - số lượng lớn
84926A,WAKE UP COCKEREL TILE COASTER,1,Hàng giá rẻ - số lượng lớn
84926B,SCOTTS ROSES TILE COASTER,4,Hàng bán chậm - ít khách
84926C,FAIRY CAKES TILE COASTER,4,Hàng bán chậm - ít khách
84926D,LA PALMIERA TILE COASTER,1,Hàng giá rẻ - số lượng lớn
84926E,FLOWERS TILE COASTER,1,Hàng giá rẻ - số lượng lớn
84926F,PSYCHEDELIC TILE COASTER,1,Hàng giá rẻ - số lượng lớn
84927A,WAKE UP COCKEREL TILE HOOK,1,Hàng giá rẻ - số lượng lớn
84927D,LA PALMIERA TILE HOOK,1,Hàng giá rẻ - số lượng lớn
84927E,FLOWERS TILE HOOK,1,Hàng giá rẻ - số lượng lớn
84927F,PSYCHEDELIC TILE HOOK,0,Hàng giá trị cao - ổn định
84929,ASSTD FRUIT+FLOWERS FRIDGE MAGNETS,1,Hàng giá rẻ - số lượng lớn
84931A,PINK SCOTTIE DOG W FLOWER PATTERN,0,Hàng giá trị cao - ổn định
84931B,BLUE SCOTTIE DOG W FLOWER PATTERN,0,Hàng giá trị cao - ổn định
84932A,SMALL GREEN PEONY FOLDING STOOL,1,Hàng giá rẻ - số lượng lớn
84932B,SMALL PINK PEONY FOLDING STOOL,1,Hàng giá rẻ - số lượng lớn
84932C,SMALL ORIENTAL BLUE FOLDING STOOL,0,Hàng giá trị cao - ổn định
84932D,SMALL ORIENTAL RED FOLDING STOOL,1,Hàng giá rẻ - số lượng lớn
84933A,LARGE GREEN PEONY FOLDING STOOL,1,Hàng giá rẻ - số lượng lớn
84933B,LARGE PINK PEONY FOLDING STOOL,1,Hàng giá rẻ - số lượng lớn
84933C,LARGE BLUE ORIENTAL FOLDING STOOL,1,Hàng giá rẻ - số lượng lớn
84934,ASSTD DESIGN POP ART SLIM PEN,1,Hàng giá rẻ - số lượng lớn
84937,KASHMIR FOLKART TUMBLERS,3,Hàng chủ lực - bán chạy đều
84944,SET OF 6 KASHMIR FOLKART BAUBLES,0,Hàng giá trị cao - ổn định
84945,MULTI COLOUR SILVER T-LIGHT HOLDER,3,Hàng chủ lực - bán chạy đều
84946,ANTIQUE SILVER TEA GLASS ETCHED,3,Hàng chủ lực - bán chạy đều
84947,ANTIQUE SILVER TEA GLASS ENGRAVED,3,Hàng chủ lực - bán chạy đều
84948,SILVER HANGING T-LIGHT HOLDER DOME,1,Hàng giá rẻ - số lượng lớn
84949,SILVER HANGING T-LIGHT HOLDER,3,Hàng chủ lực - bán chạy đều
84950,ASSORTED COLOUR T-LIGHT HOLDER,3,Hàng chủ lực - bán chạy đều
84951A,SET OF 4 PISTACHIO LOVEBIRD COASTER,0,Hàng giá trị cao - ổn định
84951B,SET OF 4 BLACK LOVEBIRD COASTERS,2,Hàng ngách - khách quen mua lại
84952A,CLEAR LOVE BIRD T-LIGHT HOLDER,2,Hàng ngách - khách quen mua lại
84952B,BLACK LOVE BIRD T-LIGHT HOLDER,1,Hàng giá rẻ - số lượng lớn
84952C,MIRROR LOVE BIRD T-LIGHT HOLDER,1,Hàng giá rẻ - số lượng lớn
84963A,PINK PAINTED KASHMIRI CHAIR,4,Hàng bán chậm - ít khách
84963B,BLUE PAINTED KASHMIRI CHAIR,4,Hàng bán chậm - ít khách
84967B,BLUE KASHMIRI OCCASIONAL TABLE,4,Hàng bán chậm - ít khách
84968A,SET OF 16 VINTAGE ROSE CUTLERY,0,Hàng giá trị cao - ổn định
84968B,S/16 VINTAGE IVORY CUTLERY,0,Hàng giá trị cao - ổn định
84968C,SET OF 16 VINTAGE PISTACHIO CUTLERY,0,Hàng giá trị cao - ổn định
84968D,SET OF 16 VINTAGE RED CUTLERY,0,Hàng giá trị cao - ổn định
84968E,SET OF 16 VINTAGE BLACK CUTLERY,0,Hàng giá trị cao - ổn định
84968F,SET OF 16 VINTAGE SKY BLUE CUTLERY,0,Hàng giá trị cao - ổn định
84969,BOX OF 6 ASSORTED COLOUR TEASPOONS,0,Hàng giá trị cao - ổn định
84970L,SINGLE HEART ZINC T-LIGHT HOLDER,3,Hàng chủ lực - bán chạy đều
84970S,HANGING HEART ZINC T-LIGHT HOLDER,3,Hàng chủ lực - bán chạy đều
84971L,LARGE HEART FLOWERS HOOK   ,1,Hàng giá rẻ - số lượng lớn
84971S,SMALL HEART FLOWERS HOOK ,3,Hàng chủ lực - bán chạy đều
84972L,GIANT PINK HEART MEMO HOLDER,4,Hàng bán chậm - ít khách
84974,S/2 ZINC HEART DESIGN PLANTERS,0,Hàng giá trị cao - ổn định
84975,HEART SHAPED MIRROR,3,Hàng chủ lực - bán chạy đều
84976,RECTANGULAR SHAPED MIRROR,1,Hàng giá rẻ - số lượng lớn
84977,WIRE FLOWER T-LIGHT HOLDER,4,Hàng bán chậm - ít khách
84978,HANGING HEART JAR T-LIGHT HOLDER,3,Hàng chủ lực - bán chạy đều
84984A,GREEN PEONY CUSHION COVER,1,Hàng giá rẻ - số lượng lớn
84984B,RED PEONY CUSHION COVER ,1,Hàng giá rẻ - số lượng lớn
84984C,ORIENTAL BLUE C/COVER ,1,Hàng giá rẻ - số lượng lớn
84984D,ORIENTAL RED C/COVER ,4,Hàng bán chậm - ít khách
84985A,SET OF 72 GREEN PAPER DOILIES,0,Hàng giá trị cao - ổn định
84985B,SET OF 72 BLACK PAPER DOILIES ,4,Hàng bán chậm - ít khách
84986B,SET OF 36 SILVER PAPER DOILIES,0,Hàng giá trị cao - ổn định
84987,SET OF 36 TEATIME PAPER DOILIES,3,Hàng chủ lực - bán chạy đều
84988,SET OF 72 PINK HEART PAPER DOILIES,3,Hàng chủ lực - bán chạy đều
84989A,75 GREEN FAIRY CAKE CASES,1,Hàng giá rẻ - số lượng lớn
84989B,75 BLACK FAIRY CAKE CASES,1,Hàng giá rẻ - số lượng lớn
84990,60 GOLD AND SILVER FAIRY CAKE CASES,1,Hàng giá rẻ - số lượng lớn
84991,60 TEATIME FAIRY CAKE CASES,3,Hàng chủ lực - bán chạy đều
84992,72 SWEETHEART FAIRY CAKE CASES,3,Hàng chủ lực - bán chạy đều
84993A,75 GREEN PETIT FOUR CASES,3,Hàng chủ lực - bán chạy đều
84993B,75 BLACK PETIT FOUR CASES,1,Hàng giá rẻ - số lượng lớn
84997A,GREEN 3 PIECE MINI DOTS CUTLERY SET,3,Hàng chủ lực - bán chạy đều
84997B,RED 3 PIECE MINI DOTS CUTLERY SET,3,Hàng chủ lực - bán chạy đều
84997C,BLUE 3 PIECE MINI DOTS CUTLERY SET,3,Hàng chủ lực - bán chạy đều
84997D,PINK 3 PIECE MINI DOTS CUTLERY SET,3,Hàng chủ lực - bán chạy đều
85006,SET 4 NURSERY DES ROUND BOXES,1,Hàng giá rẻ - số lượng lớn
85007,SET OF 3 VINTAGE TEA TIME BOXES,4,Hàng bán chậm - ít khách
85008,SET OF 3 CONEY ISLAND OVAL BOXES,0,Hàng giá trị cao - ổn định
85014A,BLACK/BLUE POLKADOT UMBRELLA,3,Hàng chủ lực - bán chạy đều
85014B,RED RETROSPOT UMBRELLA,3,Hàng chủ lực - bán chạy đều
85014C,BLUE/BROWN DOTS RUFFLED UMBRELLA,0,Hàng giá trị cao - ổn định
85014D,PINK/BROWN DOTS RUFFLED UMBRELLA,1,Hàng giá rẻ - số lượng lớn
85015,SET OF 12  VINTAGE POSTCARD SET,3,Hàng chủ lực - bán chạy đều
85016,SET OF 6 VINTAGE NOTELETS KIT,3,Hàng chủ lực - bán chạy đều
85017A,ENVELOPE 50 ROMANTIC IMAGES,1,Hàng giá rẻ - số lượng lớn
85017B,ENVELOPE 50 BLOSSOM IMAGES,3,Hàng chủ lực - bán chạy đều
85017C,ENVELOPE 50 CURIOUS IMAGES,1,Hàng giá rẻ - số lượng lớn
85018A,S/6 PAPER BOXES ROMANTIC IMAGES,4,Hàng bán chậm - ít khách
85018B,S/6 PAPER BOXES BLOSSOM IMAGES ,4,Hàng bán chậm - ít khách
85018D,YULETIDE IMAGES S/6 PAPER BOXES,1,Hàng giá rẻ - số lượng lớn
85019A,ROMANTIC IMAGES NOTEBOOK SET,1,Hàng giá rẻ - số lượng lớn
85019B,BLOSSOM  IMAGES NOTEBOOK SET,1,Hàng giá rẻ - số lượng lớn
85019C,CURIOUS  IMAGES NOTEBOOK SET,1,Hàng giá rẻ - số lượng lớn
85020,ROUND PINK HEART MIRROR,0,Hàng giá trị cao - ổn định
85023A,CRYSTAL LARGE JEWELLED PHOTO FRAME,4,Hàng bán chậm - ít khách
85023B,EAU DE NILE JEWELLED PHOTOFRAME,1,Hàng giá rẻ - số lượng lớn
85023C,PINK LARGE JEWELED PHOTOFRAME,4,Hàng bán chậm - ít khách
85024B,EAU DE NILE JEWELLED PHOTOFRAME,1,Hàng giá rẻ - số lượng lớn
85024C,PINK SMALL JEWELLED PHOTOFRAME,4,Hàng bán chậm - ít khách
85025B,EAU DE NILE HEART SHAPE PHOTO FRAME,0,Hàng giá trị cao - ổn định
85025C,PINK HEART SHAPE PHOTO FRAME,0,Hàng giá trị cao - ổn định
85026B,EAU DE NILE JEWELLED T-LIGHT HOLDER,1,Hàng giá rẻ - số lượng lớn
85027L,FRENCH CHATEAU LARGE PLATTER ,0,Hàng giá trị cao - ổn định
85028L,FRENCH CHATEAU LARGE FRUIT BOWL ,1,Hàng giá rẻ - số lượng lớn
85028S,FRENCH CHATEAU SMALL FRUITBOWL,1,Hàng giá rẻ - số lượng lớn
85030,FRENCH CHATEAU OVAL PLATTER,0,Hàng giá trị cao - ổn định
85031A,ROMANTIC IMAGES SCRAP BOOK SET,0,Hàng giá trị cao - ổn định
85031B,BLOSSOM IMAGES SCRAP BOOK SET,0,Hàng giá trị cao - ổn định
85031C,CURIOUS IMAGES SCRAP BOOK SET,2,Hàng ngách - khách quen mua lại
85032A,ROMANTIC IMAGES GIFT WRAP SET,1,Hàng giá rẻ - số lượng lớn
85032B,BLOSSOM IMAGES GIFT WRAP SET,1,Hàng giá rẻ - số lượng lớn
85032C,CURIOUS IMAGES GIFT WRAP SET,0,Hàng giá trị cao - ổn định
85032D,YULETIDE IMAGES GIFT WRAP SET,1,Hàng giá rẻ - số lượng lớn
85033G,SET/6 GOLD REINDEER T-LIGHT CANDLES,4,Hàng bán chậm - ít khách
85033S,SET/6 SILVER REINDEER T-LIGHTS,0,Hàng giá trị cao - ổn định
85034A,3 GARDENIA MORRIS BOXED CANDLES,0,Hàng giá trị cao - ổn định
85034B,3 WHITE CHOC MORRIS BOXED CANDLES,0,Hàng giá trị cao - ổn định
85034C,3 ROSE MORRIS BOXED CANDLES,0,Hàng giá trị cao - ổn định
85035A,GARDENIA 3 WICK MORRIS BOXED CANDLE,0,Hàng giá trị cao - ổn định
85035B,CHOCOLATE 3 WICK MORRIS BOX CANDLE,0,Hàng giá trị cao - ổn định
85035C,ROSE 3 WICK MORRIS BOX CANDLE,0,Hàng giá trị cao - ổn định
85036A,GARDENIA 1 WICK MORRIS BOXED CANDLE,0,Hàng giá trị cao - ổn định
85036B,CHOCOLATE 1 WICK MORRIS BOX CANDLE,0,Hàng giá trị cao - ổn định
85036C,ROSE 1 WICK MORRIS BOXED CANDLE,0,Hàng giá trị cao - ổn định
85038,6 CHOCOLATE LOVE HEART T-LIGHTS,3,Hàng chủ lực - bán chạy đều
85039A,SET/4 RED MINI ROSE CANDLE IN BOWL,3,Hàng chủ lực - bán chạy đều
85039B,S/4 IVORY MINI ROSE CANDLE IN BOWL,3,Hàng chủ lực - bán chạy đều
85039C,S/4 BLACK MINI ROSE CANDLE IN BOWL,2,Hàng ngách - khách quen mua lại
85040A,S/4 PINK FLOWER CANDLES IN BOWL,3,Hàng chủ lực - bán chạy đều
85040B,SET/4 BLUE FLOWER CANDLES IN BOWL,3,Hàng chủ lực - bán chạy đều
85041,SET/4 PINK ORCHID CANDLES IN BOWL,1,Hàng giá rẻ - số lượng lớn
85042,ANTIQUE LILY FAIRY LIGHTS,3,Hàng chủ lực - bán chạy đều
85044,RED REINDEER STRING OF 20 LIGHTS,0,Hàng giá trị cao - ổn định
85045,GREEN CHRISTMAS TREE STRING 20LIGHT,0,Hàng giá trị cao - ổn định
85047,WHITE BEADED GARLAND STRING 20LIGHT,0,Hàng giá trị cao - ổn định
85048,15CM CHRISTMAS GLASS BALL 20 LIGHTS,3,Hàng chủ lực - bán chạy đều
85049A,TRADITIONAL CHRISTMAS RIBBONS,3,Hàng chủ lực - bán chạy đều
85049B,LUSH GREENS RIBBONS,3,Hàng chủ lực - bán chạy đều
85049C,ROMANTIC PINKS RIBBONS ,3,Hàng chủ lực - bán chạy đều
85049D,BRIGHT BLUES RIBBONS ,3,Hàng chủ lực - bán chạy đều
85049E,SCANDINAVIAN REDS RIBBONS,3,Hàng chủ lực - bán chạy đều
85049F,BABY BOOM RIBBONS ,3,Hàng chủ lực - bán chạy đều
85049G,CHOCOLATE BOX RIBBONS ,3,Hàng chủ lực - bán chạy đều
85049H,URBAN BLACK RIBBONS ,3,Hàng chủ lực - bán chạy đều
85053,FRENCH ENAMEL CANDLEHOLDER,3,Hàng chủ lực - bán chạy đều
85054,FRENCH ENAMEL POT W LID,0,Hàng giá trị cao - ổn định
85055,FRENCH ENAMEL UTENSIL HOLDER,0,Hàng giá trị cao - ổn định
85059,FRENCH ENAMEL WATER BASIN,0,Hàng giá trị cao - ổn định
85060,WOOD FAN WITH FLOWER DESIGN,1,Hàng giá rẻ - số lượng lớn
85061W,WHITE JEWELLED HEART DECORATION,3,Hàng chủ lực - bán chạy đều
85062,PEARL CRYSTAL PUMPKIN T-LIGHT HLDR,3,Hàng chủ lực - bán chạy đều
85063,CREAM SWEETHEART MAGAZINE RACK,0,Hàng giá trị cao - ổn định
85064,CREAM SWEETHEART LETTER RACK,3,Hàng chủ lực - bán chạy đều
85065,CREAM SWEETHEART TRAYS,0,Hàng giá trị cao - ổn định
85066,CREAM SWEETHEART MINI CHEST,3,Hàng chủ lực - bán chạy đều
85067,CREAM SWEETHEART WALL CABINET,0,Hàng giá trị cao - ổn định
85068,CREAM SWEETHEART SHELF + HOOKS,0,Hàng giá trị cao - ổn định
85071A,BLUE CHARLIE+LOLA PERSONAL DOORSIGN,1,Hàng giá rẻ - số lượng lớn
85071B,RED CHARLIE+LOLA PERSONAL DOORSIGN,1,Hàng giá rẻ - số lượng lớn
85071C,"CHARLIE+LOLA""EXTREMELY BUSY"" SIGN",1,Hàng giá rẻ - số lượng lớn
85071D,CHARLIE+LOLA MY ROOM DOOR SIGN,1,Hàng giá rẻ - số lượng lớn
85078,SCANDINAVIAN 3 HEARTS NAPKIN RING,1,Hàng giá rẻ - số lượng lớn
85079,EMBROIDERED REINDEER DECORATION,4,Hàng bán chậm - ít khách
85080,PADDED RED HEART DECORATION,4,Hàng bán chậm - ít khách
85081,PADDED HOLLY CHRISTMAS DECORATION ,4,Hàng bán chậm - ít khách
85084,HOLLY TOP CHRISTMAS STOCKING,1,Hàng giá rẻ - số lượng lớn
85086A,CANDY SPOT HEART DECORATION,0,Hàng giá trị cao - ổn định
85087,CANDY SPOT CUSHION COVER,2,Hàng ngách - khách quen mua lại
85088,CANDY SPOT HAND BAG,0,Hàng giá trị cao - ổn định
85089,CANDY SPOT BUNNY,4,Hàng bán chậm - ít khách
85090,CANDY SPOT APRON,4,Hàng bán chậm - ít khách
85091,CANDY SPOT BREAD BASKETS,1,Hàng giá rẻ - số lượng lớn
85092,CANDY SPOT TEA COSY,1,Hàng giá rẻ - số lượng lớn
85093,CANDY SPOT EGG WARMER HARE,1,Hàng giá rẻ - số lượng lớn
85094,CANDY SPOT EGG WARMER RABBIT,1,Hàng giá rẻ - số lượng lớn
85095,THREE CANVAS LUGGAGE TAGS,2,Hàng ngách - khách quen mua lại
85096,HILDA CANDY SPOT RABBIT,0,Hàng giá trị cao - ổn định
85097B,BLUE ROCKING SINGING CANARY,4,Hàng bán chậm - ít khách
85098B,BLUE FLYING SINGING CANARY,0,Hàng giá trị cao - ổn định
85099B,JUMBO BAG RED RETROSPOT,3,Hàng chủ lực - bán chạy đều
85099C,JUMBO  BAG BAROQUE BLACK WHITE,3,Hàng chủ lực - bán chạy đều
85099F,JUMBO BAG STRAWBERRY,3,Hàng chủ lực - bán chạy đều
85103,SILVER T-LIGHT SETTING,0,Hàng giá trị cao - ổn định
85104,SILVER GLASS T-LIGHT SET,0,Hàng giá trị cao - ổn định
85106,CUT GLASS HEXAGON T-LIGHT HOLDER,1,Hàng giá rẻ - số lượng lớn
85107,CUT GLASS T-LIGHT HOLDER OCTAGON,1,Hàng giá rẻ - số lượng lớn
85109,PINK BOUDOIR T-LIGHT HOLDER,1,Hàng giá rẻ - số lượng lớn
85110,BLACK SILVER FLOWER T-LIGHT HOLDER,1,Hàng giá rẻ - số lượng lớn
85111,SILVER GLITTER FLOWER VOTIVE HOLDER,1,Hàng giá rẻ - số lượng lớn
85112,S/3 TEAR DROP CUT GLASS DECORATION,1,Hàng giá rẻ - số lượng lớn
85113,POLKA DOT PISTACHIO PAIL,0,Hàng giá trị cao - ổn định
85114A,BLACK ENCHANTED FOREST PLACEMAT,1,Hàng giá rẻ - số lượng lớn
85114B,IVORY ENCHANTED FOREST PLACEMAT,3,Hàng chủ lực - bán chạy đều
85114C,RED ENCHANTED FOREST PLACEMAT,0,Hàng giá trị cao - ổn định
85116,BLACK CANDELABRA T-LIGHT HOLDER,3,Hàng chủ lực - bán chạy đều
85117,NIGHTINGALE COATHOOK WHITE,0,Hàng giá trị cao - ổn định
85118,HEART T-LIGHT HOLDER,1,Hàng giá rẻ - số lượng lớn
85119,WATERING CAN SINGLE HOOK PISTACHIO,1,Hàng giá rẻ - số lượng lớn
85121B,RETRO LAUNDRY TUB PINK,4,Hàng bán chậm - ít khách
85121C,RETRO LAUNDRY TUB PISTACHIO,0,Hàng giá trị cao - ổn định
85123A,WHITE HANGING HEART T-LIGHT HOLDER,3,Hàng chủ lực - bán chạy đều
85124A,PINK JUICY FRUIT PHOTO FRAME,0,Hàng giá trị cao - ổn định
85124B,BLUE JUICY FRUIT PHOTO FRAME,0,Hàng giá trị cao - ổn định
85124C,GREEN JUICY FRUIT PHOTO FRAME,0,Hàng giá trị cao - ổn định
85125,SMALL ROUND CUT GLASS CANDLESTICK,0,Hàng giá trị cao - ổn định
85126,LARGE ROUND CUTGLASS CANDLESTICK,0,Hàng giá trị cao - ổn định
85127,SMALL SQUARE CUT GLASS CANDLESTICK,0,Hàng giá trị cao - ổn định
85129A,"WHITE PEARL BEADED HEART, SMALL",0,Hàng giá trị cao - ổn định
85129B,BEADED CRYSTAL HEART GREEN SMALL,0,Hàng giá trị cao - ổn định
85129C,BEADED CRYSTAL HEART BLUE SMALL,0,Hàng giá trị cao - ổn định
85129D,BEADED CRYSTAL HEART PINK SMALL,0,Hàng giá trị cao - ổn định
85130A,BEADED PEARL HEART WHITE LARGE,0,Hàng giá trị cao - ổn định
85130B,BEADED CRYSTAL HEART GREEN LARGE,1,Hàng giá rẻ - số lượng lớn
85130C,BEADED CRYSTAL HEART BLUE  LARGE,1,Hàng giá rẻ - số lượng lớn
85130D,BEADED CRYSTAL HEART PINK LARGE,0,Hàng giá trị cao - ổn định
85131A,BEADED PEARL HEART WHITE ON STICK,3,Hàng chủ lực - bán chạy đều
85131B,BEADED CRYSTAL HEART GREEN ON STICK,2,Hàng ngách - khách quen mua lại
85131C,BEADED CRYSTAL HEART BLUE ON STICK,2,Hàng ngách - khách quen mua lại
85131D,BEADED CRYSTAL HEART PINK ON STICK,2,Hàng ngách - khách quen mua lại
85132A,CHARLIE + LOLA BISCUITS TINS,0,Hàng giá trị cao - ổn định
85132B,CHARLIE AND LOLA TABLE TINS,0,Hàng giá trị cao - ổn định
85132C,CHARLIE AND LOLA FIGURES TINS,3,Hàng chủ lực - bán chạy đều
85135A,YELLOW DRAGONFLY HELICOPTER,0,Hàng giá trị cao - ổn định
85135B,BLUE DRAGONFLY HELICOPTER,0,Hàng giá trị cao - ổn định
85135C,RED DRAGONFLY HELICOPTER,0,Hàng giá trị cao - ổn định
85136A,YELLOW SHARK HELICOPTER,0,Hàng giá trị cao - ổn định
85136B,BLUE SHARK HELICOPTER,4,Hàng bán chậm - ít khách
85136C,RED SHARK HELICOPTER,0,Hàng giá trị cao - ổn định
85141,JARDIN ETCHED GLASS FRUITBOWL,0,Hàng giá trị cao - ổn định
85142,JARDIN ETCHED GLASS GINGER JAR,4,Hàng bán chậm - ít khách
85144,JARDIN ETCHED GLASS CHEESE DISH,0,Hàng giá trị cao - ổn định
85145,JARDIN ETCHED GLASS LARGE BELL JAR,4,Hàng bán chậm - ít khách
85146,JARDIN ETCHED GLASS SMALL BELL JAR,4,Hàng bán chậm - ít khách
85147,JARDIN ETCHED GLASS CANDLEHLDR LONG,4,Hàng bán chậm - ít khách
85150,LADIES & GENTLEMEN METAL SIGN,3,Hàng chủ lực - bán chạy đều
85151,WELCOME METAL SIGN,4,Hàng bán chậm - ít khách
85152,HAND OVER THE CHOCOLATE   SIGN ,3,Hàng chủ lực - bán chạy đều
85159A,"BLACK TEA,COFFEE,SUGAR JARS",0,Hàng giá trị cao - ổn định
85159B,"WHITE TEA,COFFEE,SUGAR JARS",0,Hàng giá trị cao - ổn định
85160A,WHITE BIRD GARDEN DESIGN MUG,1,Hàng giá rẻ - số lượng lớn
85160B,BLACK BIRD GARDEN DESIGN MUG,1,Hàng giá rẻ - số lượng lớn
85161,ACRYLIC GEOMETRIC LAMP,4,Hàng bán chậm - ít khách
85162A,SILVER RETRODISC LAMPSHADE,1,Hàng giá rẻ - số lượng lớn
85162B,BLACK RETRODISC LAMPSHADE,1,Hàng giá rẻ - số lượng lớn
85162C,WHITE RETRODISC LAMPSHADE,1,Hàng giá rẻ - số lượng lớn
85163A,WHITE BAROQUE WALL CLOCK ,0,Hàng giá trị cao - ổn định
85163B,BLACK BAROQUE WALL CLOCK ,0,Hàng giá trị cao - ổn định
85164B,BLACK BAROQUE CUCKOO CLOCK,0,Hàng giá trị cao - ổn định
85165,CANDY PINK FRENCH BOUDOIR CLOCK,2,Hàng ngách - khách quen mua lại
85166A,WHITE METAL BAROQUE PHOTO FRAME,4,Hàng bán chậm - ít khách
85166B,BLACK METAL BAROQUE PHOTO FRAME,1,Hàng giá rẻ - số lượng lớn
85167A,WHITE GRAND BAROQUE PHOTO FRAME,1,Hàng giá rẻ - số lượng lớn
85167B,BLACK GRAND BAROQUE PHOTO FRAME,1,Hàng giá rẻ - số lượng lớn
85168A,WHITE BAROQUE CARRIAGE CLOCK,4,Hàng bán chậm - ít khách
85168B,BLACK BAROQUE CARRIAGE CLOCK,2,Hàng ngách - khách quen mua lại
85169A,IVORY LOVE BIRD CANDLE,0,Hàng giá trị cao - ổn định
85169B,BLACK LOVE BIRD CANDLE,0,Hàng giá trị cao - ổn định
85169C,EAU DE NIL LOVE BIRD CANDLE,1,Hàng giá rẻ - số lượng lớn
85169D,PINK LOVE BIRD CANDLE,0,Hàng giá trị cao - ổn định
85170A,SET/6 IVORY BIRD T-LIGHT CANDLES,1,Hàng giá rẻ - số lượng lớn
85170B,SET/6 BLACK BIRD T-LIGHT CANDLES,0,Hàng giá trị cao - ổn định
85170C,SET/6 EAU DE NIL BIRD T-LIGHTS,0,Hàng giá trị cao - ổn định
85170D,SET/6 PINK BIRD T-LIGHT CANDLES,0,Hàng giá trị cao - ổn định
85172,HYACINTH BULB T-LIGHT CANDLES,1,Hàng giá rẻ - số lượng lớn
85173,SET/6 FROG PRINCE T-LIGHT CANDLES,0,Hàng giá trị cao - ổn định
85174,S/4 CACTI CANDLES,0,Hàng giá trị cao - ổn định
85175,CACTI T-LIGHT CANDLES,3,Hàng chủ lực - bán chạy đều
85176,SEWING SUSAN 21 NEEDLE SET,3,Hàng chủ lực - bán chạy đều
85177,BASKET OF FLOWERS SEWING KIT,1,Hàng giá rẻ - số lượng lớn
85178,VICTORIAN SEWING KIT,3,Hàng chủ lực - bán chạy đều
85179A,GREEN BITTY LIGHT CHAIN,0,Hàng giá trị cao - ổn định
85179B,WHITE BITTY LIGHT CHAIN ,0,Hàng giá trị cao - ổn định
85179C,PINK BITTY LIGHT CHAIN,2,Hàng ngách - khách quen mua lại
85180A,RED HEARTS LIGHT CHAIN ,0,Hàng giá trị cao - ổn định
85180B,PINK HEARTS LIGHT CHAIN ,0,Hàng giá trị cao - ổn định
85183A,CHARLIE & LOLA WASTEPAPER BIN BLUE,1,Hàng giá rẻ - số lượng lớn
85183B,CHARLIE & LOLA WASTEPAPER BIN FLORA,3,Hàng chủ lực - bán chạy đều
85184B,SET 4 EASTER DECOUPAGE OVAL BOXES,4,Hàng bán chậm - ít khách
85184C,S/4 VALENTINE DECOUPAGE HEART BOX,3,Hàng chủ lực - bán chạy đều
85184D,S/4 BLUE ROUND DECOUPAGE BOXES,1,Hàng giá rẻ - số lượng lớn
85185B,PINK HORSE SOCK PUPPET,0,Hàng giá trị cao - ổn định
85185C,COW  SOCK PUPPET,4,Hàng bán chậm - ít khách
85185D,FROG SOCK PUPPET,0,Hàng giá trị cao - ổn định
85185F,LION SOCK PUPPET,4,Hàng bán chậm - ít khách
85186A,EASTER BUNNY GARLAND OF FLOWERS,1,Hàng giá rẻ - số lượng lớn
85186C,BUNNY EGG GARLAND,1,Hàng giá rẻ - số lượng lớn
85187,S/12 MINI RABBIT EASTER,0,Hàng giá trị cao - ổn định
85188A,GREEN METAL SWINGING BUNNY,1,Hàng giá rẻ - số lượng lớn
85188B,PINK METAL SWINGING BUNNY,1,Hàng giá rẻ - số lượng lớn
85189,HANGING BUTTERFLY  EGG,1,Hàng giá rẻ - số lượng lớn
85190,PINK FLOWER HANGING HEART ,4,Hàng bán chậm - ít khách
85194L,HANGING SPRING FLOWER EGG LARGE,1,Hàng giá rẻ - số lượng lớn
85194S,HANGING SPRING FLOWER EGG SMALL,1,Hàng giá rẻ - số lượng lớn
85195,HANGING HEART BASKET,1,Hàng giá rẻ - số lượng lớn
85196,EASTER BUNNIES ON A STICK,1,Hàng giá rẻ - số lượng lớn
85197,SET OF 12 MINI BUNNIES IN A BUCKET,1,Hàng giá rẻ - số lượng lớn
85198,ASSORTED FARMYARD ANIMALS IN BUCKET,1,Hàng giá rẻ - số lượng lớn
85199L,LARGE HANGING IVORY & RED WOOD BIRD,3,Hàng chủ lực - bán chạy đều
85199S,SMALL HANGING IVORY/RED WOOD BIRD,3,Hàng chủ lực - bán chạy đều
85200,BUNNY EGG BOX,1,Hàng giá rẻ - số lượng lớn
85202,HANGING WOOD AND FELT HEART,0,Hàng giá trị cao - ổn định
85203,HANGING WOOD AND FELT BUTTERFLY ,3,Hàng chủ lực - bán chạy đều
85204,HANGING WOOD AND FELT FLOWER,1,Hàng giá rẻ - số lượng lớn
85205A,IVORY FELT EASTER RABBIT GARLAND,4,Hàng bán chậm - ít khách
85205B,PINK FELT EASTER RABBIT GARLAND,0,Hàng giá trị cao - ổn định
85206A,CREAM FELT EASTER EGG BASKET,3,Hàng chủ lực - bán chạy đều
85206B,PINK FELT EASTER EGG BASKET,3,Hàng chủ lực - bán chạy đều
85208,SET/12 FUNKY FELT FLOWER PEG IN BAG,0,Hàng giá trị cao - ổn định
85211,S/4 GROOVY CAT MAGNETS,0,Hàng giá trị cao - ổn định
85212,MINI PAINTED GARDEN DECORATION ,1,Hàng giá rẻ - số lượng lớn
85213,MINI  ZINC GARDEN DECORATIONS ,1,Hàng giá rẻ - số lượng lớn
85214,TUB 24 PINK FLOWER PEGS,0,Hàng giá trị cao - ổn định
85215,ASSORTED CHEESE FRIDGE MAGNETS,1,Hàng giá rẻ - số lượng lớn
85216,ASSORTED CAKES FRIDGE MAGNETS,3,Hàng chủ lực - bán chạy đều
85217,ASSORTED ICE CREAM FRIDGE MAGNETS,1,Hàng giá rẻ - số lượng lớn
85220,SMALL FAIRY CAKE FRIDGE MAGNETS,1,Hàng giá rẻ - số lượng lớn
85221,ASSORTED COLOUR SILK COIN PURSE,1,Hàng giá rẻ - số lượng lớn
85222,ASSORTED COLOUR SILK COSMETIC PURSE,1,Hàng giá rẻ - số lượng lớn
85224,ASSORTED COLOUR SILK GLASSES CASE,1,Hàng giá rẻ - số lượng lớn
85225,BLING KEY RING STAND,4,Hàng bán chậm - ít khách
85226A,WHITE/BLUE PULL BACK RACING CAR,1,Hàng giá rẻ - số lượng lớn
85226C,BLUE PULL BACK RACING CAR,1,Hàng giá rẻ - số lượng lớn
85227,SET OF 6 3D KIT CARDS FOR KIDS,3,Hàng chủ lực - bán chạy đều
85230A,OPIUM SCENTED VOTIVE CANDLE,1,Hàng giá rẻ - số lượng lớn
85230B,CINNAMON SCENTED VOTIVE CANDLE,1,Hàng giá rẻ - số lượng lớn
85230E,STRAWBRY SCENTED VOTIVE CANDLE,1,Hàng giá rẻ - số lượng lớn
85230F,JASMINE VOTIVE CANDLE,1,Hàng giá rẻ - số lượng lớn
85230G,ORANGE VOTIVE CANDLE,1,Hàng giá rẻ - số lượng lớn
85231B,CINAMMON SET OF 9 T-LIGHTS,3,Hàng chủ lực - bán chạy đều
85231E,STRAWBERRY SCENTED SET/9 T-LIGHTS,1,Hàng giá rẻ - số lượng lớn
85231G,ORANGE SCENTED SET/9 T-LIGHTS,3,Hàng chủ lực - bán chạy đều
85231L,LAVENDER SCENTED SET/9 T-LIGHTS,1,Hàng giá rẻ - số lượng lớn
85232A,SET/3 POLKA DOT STACKING TINS,0,Hàng giá trị cao - ổn định
85232B,SET/3 RUSSIAN DOLL STACKING TINS,3,Hàng chủ lực - bán chạy đều
85232D,SET/3 DECOUPAGE STACKING TINS,0,Hàng giá trị cao - ổn định
90000A,RASPBERRY ANT COPPER FLOWER NECKLAC,4,Hàng bán chậm - ít khách
90000B,MIDNIGHT BLUE COPPER FLOWER NECKLAC,4,Hàng bán chậm - ít khách
90000D,COPPER/OLIVE GREEN FLOWER NECKLACE,4,Hàng bán chậm - ít khách
90001A,ANTIQUE RASPBERRY FLOWER EARRINGS,2,Hàng ngách - khách quen mua lại
90001B,ANTIQUE MID BLUE FLOWER EARRINGS,4,Hàng bán chậm - ít khách
90001C,ANTIQUE OPAL WHITE FLOWER EARRINGS,4,Hàng bán chậm - ít khách
90001D,ANTIQUE OLIVE GREEN FLOWER EARRINGS,4,Hàng bán chậm - ít khách
90002A,FLOWER BURST SILVER RING OPAL,4,Hàng bán chậm - ít khách
90002B,FLOWER BURST SILVER RING ROSE,4,Hàng bán chậm - ít khách
90002C,FLOWER BURST SILVER RING MIDN'T BLU,4,Hàng bán chậm - ít khách
90002D,FLOWER BURST SILVER RING CRYSTAL,4,Hàng bán chậm - ít khách
90002E,FLOWER BURST SILVER RING GREEN,4,Hàng bán chậm - ít khách
90003B,ROSE COLOUR PAIR HEART HAIR SLIDES,4,Hàng bán chậm - ít khách
90003C,MIDNIGHT BLUE PAIR HEART HAIR SLIDE,2,Hàng ngách - khách quen mua lại
90003D,CRYSTAL PAIR HEART HAIR SLIDES,4,Hàng bán chậm - ít khách
90003E,GREEN PAIR HEART HAIR SLIDES,2,Hàng ngách - khách quen mua lại
90005A,JADE GREEN ENAMEL HAIR COMB,2,Hàng ngách - khách quen mua lại
90010A,MIDNIGHT BLUE GLASS/SILVER BRACELET,4,Hàng bán chậm - ít khách
90010B,BLACK/WHITE GLASS/SILVER BRACELET,4,Hàng bán chậm - ít khách
90010E,AMBER GLASS/SILVER BRACELET,4,Hàng bán chậm - ít khách
90011A,MIDNIGHT BLUE CRYSTAL DROP EARRINGS,2,Hàng ngách - khách quen mua lại
90011B,BLACK CRYSTAL DROP EARRINGS,2,Hàng ngách - khách quen mua lại
90011C,GREEN CRYSTAL DROP EARRINGS,2,Hàng ngách - khách quen mua lại
90011D,PURPLE CRYSTAL DROP EARRINGS,4,Hàng bán chậm - ít khách
90011E,AMBER CRYSTAL DROP EARRINGS,2,Hàng ngách - khách quen mua lại
90012A,MIDNIGHT BLUE DROP CRYSTAL NECKLACE,2,Hàng ngách - khách quen mua lại
90012B,BLACK DROP CRYSTAL NECKLACE,4,Hàng bán chậm - ít khách
90013A,MIDNIGHT BLUE VINTAGE EARRINGS,2,Hàng ngách - khách quen mua lại
90013B,BLACK VINTAGE EARRINGS,2,Hàng ngách - khách quen mua lại
90013C,GREEN VINTAGE EARRINGS ,2,Hàng ngách - khách quen mua lại
90013D,PURPLE VINTAGE EARRINGS,4,Hàng bán chậm - ít khách
90014A,SILVER/MOP ORBIT NECKLACE,4,Hàng bán chậm - ít khách
90014B,GOLD M PEARL  ORBIT NECKLACE,4,Hàng bán chậm - ít khách
90014C,SILVER/BLACK ORBIT NECKLACE,4,Hàng bán chậm - ít khách
90016A,SILVER/M.O.P PENDANT ORBIT NECKLACE,4,Hàng bán chậm - ít khách
90016B,GOLD/M.O.P PENDANT ORBIT NECKLACE,4,Hàng bán chậm - ít khách
90016C,SILVER/BLACK PENDANT ORBIT NECKLACE,2,Hàng ngách - khách quen mua lại
90018A,SILVER M.O.P ORBIT DROP EARRINGS,2,Hàng ngách - khách quen mua lại
90018B,GOLD M.O.P ORBIT DROP EARRINGS,2,Hàng ngách - khách quen mua lại
90018C,SILVER BLACK ORBIT DROP EARRINGS,4,Hàng bán chậm - ít khách
90019A,SILVER M.O.P ORBIT BRACELET,2,Hàng ngách - khách quen mua lại
90019B,GOLD M.O.P ORBIT BRACELET,2,Hàng ngách - khách quen mua lại
90019C,SILVER BLACK ORBIT BRACELET,2,Hàng ngách - khách quen mua lại
90022,EDWARDIAN DROP EARRINGS JET BLACK,2,Hàng ngách - khách quen mua lại
90023,FILIGREE DIAMANTE EARRINGS,4,Hàng bán chậm - ít khách
90024B,NEW BAROQUE B'FLY NECKLACE RED,2,Hàng ngách - khách quen mua lại
90024C,NEW BAROQUE B'FLY NECKLACE GREEN,4,Hàng bán chậm - ít khách
90024D,NEW BAROQUE B'FLY NECKLACE PINK,4,Hàng bán chậm - ít khách
90024E,NEW BAROQUE B'FLY NECKLACE MONTANA,4,Hàng bán chậm - ít khách
90024F,NEW BAROQUE B'FLY NECKLACE CRYSTAL,4,Hàng bán chậm - ít khách
90025C,BAROQUE BUTTERFLY EARRINGS GREEN,4,Hàng bán chậm - ít khách
90025D,BAROQUE BUTTERFLY EARRINGS PINK,4,Hàng bán chậm - ít khách
90025E,BAROQUE BUTTERFLY EARRINGS MONTANA,4,Hàng bán chậm - ít khách
90025F,BAROQUE BUTTERFLY EARRINGS CRYSTAL,2,Hàng ngách - khách quen mua lại
90026A,GLASS BEAD HOOP NECKLACE BLACK,4,Hàng bán chậm - ít khách
90026B,GLASS BEAD HOOP NECKLACE MONTANA,4,Hàng bán chậm - ít khách
90026C,GLASS BEAD HOOP NECKLACE GREEN,4,Hàng bán chậm - ít khách
90026D,GLASS BEAD HOOP NECKLACE AMETHYST,4,Hàng bán chậm - ít khách
90027A,GLASS BEAD HOOP EARRINGS BLACK,4,Hàng bán chậm - ít khách
90027B,GLASS BEAD HOOP EARRINGS MONTANA,2,Hàng ngách - khách quen mua lại
90027C,GLASS BEAD HOOP EARRINGS GREEN,2,Hàng ngách - khách quen mua lại
90027D,GLASS BEAD HOOP EARRINGS AMETHYST,4,Hàng bán chậm - ít khách
90028,NEW BAROQUE LARGE NECKLACE BLK/WHIT,2,Hàng ngách - khách quen mua lại
90029,NEW BAROQUE SMALL NECKLACE BLACK,4,Hàng bán chậm - ít khách
90030A,SPOTTED WHITE NATURAL SEED NECKLACE,4,Hàng bán chậm - ít khách
90030B,RED KUKUI COCONUT SEED NECKLACE,4,Hàng bán chậm - ít khách
90030C,BROWN KUKUI COCONUT SEED NECKLACE,4,Hàng bán chậm - ít khách
90031,BILI NUT AND WOOD NECKLACE,4,Hàng bán chậm - ít khách
90032,IVORY SHELL HEART NECKLACE,4,Hàng bán chậm - ít khách
90033,IVORY SHELL HEART EARRINGS,2,Hàng ngách - khách quen mua lại
90034,WHITE SILVER NECKLACE SHELL GLASS,4,Hàng bán chậm - ít khách
90035A,"PEARL & SHELL 42""NECKL. GREEN",4,Hàng bán chậm - ít khách
90035C,"PEARL & SHELL 42""NECKL. IVORY",4,Hàng bán chậm - ít khách
90036A,FLOWER GARLAND NECKLACE RED,4,Hàng bán chậm - ít khách
90036B,"FLOWER GLASS GARLAND NECKL.36""GREEN",4,Hàng bán chậm - ít khách
90036C,"FLOWER GLASS GARLAND NECKL.36""BLUE",4,Hàng bán chậm - ít khách
90036D,"FLOWER GLASS GARLAND NECKL.36""BLACK",4,Hàng bán chậm - ít khách
90036E,"FLOWER GLASS GARLD NECKL36""AMETHYST",4,Hàng bán chậm - ít khách
90036F,"FLOWER GLASS GARLD NECKL36""TURQUOIS",2,Hàng ngách - khách quen mua lại
90037A,TINY CRYSTAL BRACELET RED,4,Hàng bán chậm - ít khách
90037B,TINY CRYSTAL BRACELET GREEN,4,Hàng bán chậm - ít khách
90037C,TINY CRYSTAL BRACELET BLUE,2,Hàng ngách - khách quen mua lại
90037D,TINY CRYSTALS BRACELET BLACK,2,Hàng ngách - khách quen mua lại
90038A,GLASS AND PAINTED BEADS BRACELET TO,2,Hàng ngách - khách quen mua lại
90038B,GLASS AND PAINTED BEADS BRACELET OL,2,Hàng ngách - khách quen mua lại
90038C,GLASS AND BEADS BRACELET IVORY,4,Hàng bán chậm - ít khách
90039A,FIRE POLISHED GLASS BRACELET RED,4,Hàng bán chậm - ít khách
90039B,FIRE POLISHED GLASS BRACELET MONTAN,2,Hàng ngách - khách quen mua lại
90039C,FIRE POLISHED GLASS BRACELET BLACK,2,Hàng ngách - khách quen mua lại
90039D,FIRE POLISHED GLASS BRACELET GREEN,2,Hàng ngách - khách quen mua lại
90040A,MURANO STYLE GLASS BRACELET RED,2,Hàng ngách - khách quen mua lại
90040B,MURANO STYLE GLASS BRACELET BLACK,4,Hàng bán chậm - ít khách
90040C,MURANO STYLE GLASS BRACELET GOLD,4,Hàng bán chậm - ít khách
90040D,MURANO STYLE GLASS BRACELET PINK,4,Hàng bán chậm - ít khách
90041,PEARL AND CHERRY QUARTZ BRACLET,4,Hàng bán chậm - ít khách
90042A,FRESHWATER PEARL BRACELET GOLD,2,Hàng ngách - khách quen mua lại
90042B,FRESHWATER PEARL BRACELET PINK,4,Hàng bán chậm - ít khách
90042C,FRESHWATER PEARL BRACELET IVORY,2,Hàng ngách - khách quen mua lại
90043,COPPER AND BRASS BAG CHARM,4,Hàng bán chậm - ít khách
90046,WHITE WITH METAL BAG CHARM,4,Hàng bán chậm - ít khách
90048,GREEN WITH METAL BAG CHARM,4,Hàng bán chậm - ít khách
90049,IVORY GOLD METAL BAG CHARM,4,Hàng bán chậm - ít khách
90050,CRACKED GLAZE NECKLACE IVORY,4,Hàng bán chậm - ít khách
90051,CRACKED GLAZE NECKLACE RED,4,Hàng bán chậm - ít khách
90052,CRACKED GLAZE NECKLACE BROWN,2,Hàng ngách - khách quen mua lại
90053,CRACKED GLAZE EARRINGS IVORY,4,Hàng bán chậm - ít khách
90054,CRACKED GLAZE EARRINGS RED,2,Hàng ngách - khách quen mua lại
90055,CRACKED GLAZE EARRINGS BROWN,2,Hàng ngách - khách quen mua lại
90056,CHUNKY CRACKED GLAZE NECKLACE IVORY,2,Hàng ngách - khách quen mua lại
90057,DIAMANTE RING ASSORTED IN BOX.,1,Hàng giá rẻ - số lượng lớn
90058A,CRYSTAL STUD EARRINGS CLEAR DISPLAY,1,Hàng giá rẻ - số lượng lớn
90058B,CRYSTAL STUD EARRINGS ASSORTED COL ,1,Hàng giá rẻ - số lượng lớn
90059A,DIAMANTE HAIR GRIP PACK/2 CRYSTAL,2,Hàng ngách - khách quen mua lại
90059B,DIAMANTE HAIR GRIP PACK/2 BLACK DIA,2,Hàng ngách - khách quen mua lại
90059C,DIAMANTE HAIR GRIP PACK/2 MONTANA,2,Hàng ngách - khách quen mua lại
90059D,DIAMANTE HAIR GRIP PACK/2 PERIDOT,2,Hàng ngách - khách quen mua lại
90059E,DIAMANTE HAIR GRIP PACK/2 RUBY,2,Hàng ngách - khách quen mua lại
90059F,DIAMANTE HAIR GRIP PACK/2 LT ROSE,2,Hàng ngách - khách quen mua lại
90060D,FIRE POLISHED GLASS NECKL BRONZE,4,Hàng bán chậm - ít khách
90060F,FIRE POLISHED GLASS NECKL GREEN,4,Hàng bán chậm - ít khách
90062,CARNIVAL BRACELET,0,Hàng giá trị cao - ổn định
90063A,WHITE VINT ART DECO CRYSTAL NECKLAC,4,Hàng bán chậm - ít khách
90063B,BLACK VINT ART DEC CRYSTAL NECKLACE,4,Hàng bán chậm - ít khách
90064A,WHITE VINTAGE CRYSTAL EARRINGS,4,Hàng bán chậm - ít khách
90064B,BLACK VINTAGE  CRYSTAL EARRINGS,4,Hàng bán chậm - ít khách
90065A,WHITE VINTAGE CRYSTAL BRACELET,4,Hàng bán chậm - ít khách
90065B,BLACK VINT ART DEC CRYSTAL BRACELET,2,Hàng ngách - khách quen mua lại
90067A,PINK VINTAGE VICTORIAN EARRINGS,4,Hàng bán chậm - ít khách
90067B,BROWN VINTAGE VICTORIAN EARRINGS,4,Hàng bán chậm - ít khách
90069,RUBY GLASS CLUSTER NECKLACE,4,Hàng bán chậm - ít khách
90070,RUBY GLASS CLUSTER BRACELET,2,Hàng ngách - khách quen mua lại
90071,RUBY GLASS CLUSTER EARRINGS,2,Hàng ngách - khách quen mua lại
90072,RUBY DROP CHANDELIER EARRINGS,2,Hàng ngách - khách quen mua lại
90073,VINTAGE ENAMEL & CRYSTAL EARRINGS,2,Hàng ngách - khách quen mua lại
90074,BLACK DIAMOND CLUSTER NECKLACE,4,Hàng bán chậm - ít khách
90075,MONTANA DIAMOND CLUSTER NECKLACE,4,Hàng bán chậm - ít khách
90076,MONTANA DIAMOND CLUSTER EARRINGS,2,Hàng ngách - khách quen mua lại
90077,BLACK DIAMOND CLUSTER EARRINGS,2,Hàng ngách - khách quen mua lại
90078,PINK/WHITE GLASS DEMI CHOKER,4,Hàng bán chậm - ít khách
90079,VINTAGE ENAMEL & CRYSTAL NECKLACE,4,Hàng bán chậm - ít khách
90081A,LILY BROOCH AMETHYST COLOUR,4,Hàng bán chậm - ít khách
90081C,LILY BROOCH OLIVE COLOUR,4,Hàng bán chậm - ít khách
90082A,DIAMANTE BOW BROOCH GREEN COLOUR,4,Hàng bán chậm - ít khách
90082B,DIAMANTE BOW BROOCH RED COLOUR,4,Hàng bán chậm - ít khách
90082D,DIAMANTE BOW BROOCH BLACK COLOUR,4,Hàng bán chậm - ít khách
90083,CRYSTAL CZECH CROSS PHONE CHARM,4,Hàng bán chậm - ít khách
90084,PINK CRYSTAL GUITAR PHONE CHARM,4,Hàng bán chậm - ít khách
90085,CRYSTAL STILETTO PHONE CHARM,1,Hàng giá rẻ - số lượng lớn
90086,CRYSTAL FROG PHONE CHARM,2,Hàng ngách - khách quen mua lại
90087,CRYSTAL SEA HORSE PHONE CHARM,2,Hàng ngách - khách quen mua lại
90088,CRYSTAL KEY+LOCK PHONE CHARM,4,Hàng bán chậm - ít khách
90089,PINK CRYSTAL SKULL PHONE CHARM,4,Hàng bán chậm - ít khách
90090,PINK CRYSTAL HEART PHONE CHARM,1,Hàng giá rẻ - số lượng lớn
90092,BLUE CRYSTAL BOOT PHONE CHARM,4,Hàng bán chậm - ít khách
90093,CLEAR CRYSTAL STAR PHONE CHARM,1,Hàng giá rẻ - số lượng lớn
90094,NECKLACE+BRACELET SET FRUIT SALAD ,4,Hàng bán chậm - ít khách
90096,NECKLACE+BRACELET SET BLUE BLOSSOM,2,Hàng ngách - khách quen mua lại
90098,NECKLACE+BRACELET PINK BUTTERFLY,4,Hàng bán chậm - ít khách
90099,NECKLACE+BRACELET SET BLUE HIBISCUS,4,Hàng bán chậm - ít khách
90100,NECKLACE+BRACELET SET PINK DAISY,4,Hàng bán chậm - ít khách
90101,WHITE FRANGIPANI NECKLACE,2,Hàng ngách - khách quen mua lại
90103,PURPLE FRANGIPANI NECKLACE,2,Hàng ngách - khách quen mua lại
90104,PURPLE FRANGIPANI HAIRCLIP,2,Hàng ngách - khách quen mua lại
90108,BLUE BLOSSOM HAIR CLIP,4,Hàng bán chậm - ít khách
90111,BLUE HIBISCUS  HAIR CLIP,4,Hàng bán chậm - ít khách
90112,PINK DOLLY HAIR CLIPS,4,Hàng bán chậm - ít khách
90114,SUMMER DAISIES BAG CHARM,2,Hàng ngách - khách quen mua lại
90115,SUMMER BUTTERFLIES BAG CHARM,2,Hàng ngách - khách quen mua lại
90116,FRUIT SALAD BAG CHARM,2,Hàng ngách - khách quen mua lại
90118,PINK DAISY BAG CHARM,2,Hàng ngách - khách quen mua lại
90119,METALIC LEAVES BAG CHARMS,2,Hàng ngách - khách quen mua lại
90120A,PINK MURANO TWIST BRACELET,2,Hàng ngách - khách quen mua lại
90120B,BLUE MURANO TWIST BRACELET,4,Hàng bán chậm - ít khách
90120C,GREEN MURANO TWIST BRACELET,2,Hàng ngách - khách quen mua lại
90120D,WHITE MURANO TWIST BRACELET,4,Hàng bán chậm - ít khách
90121B,VINTAGE ROSE BEAD BRACELET BLUE,4,Hàng bán chậm - ít khách
90122A,PINK CRYSTAL+GLASS BRACELET,4,Hàng bán chậm - ít khách
90122B,JADE CRYSTAL+GLASS BRACELET,4,Hàng bán chậm - ít khách
90122C,TURQUOISE CRYSTAL+GLASS BRACELET,4,Hàng bán chậm - ít khách
90123A,PINK HEART OF GLASS BRACELET,4,Hàng bán chậm - ít khách
90123B,TURQUOISE HEART OF GLASS BRACELET,4,Hàng bán chậm - ít khách
90123C,GREEN HEART OF GLASS BRACELET,4,Hàng bán chậm - ít khách
90123D,WHITE HEART OF GLASS BRACELET,4,Hàng bán chậm - ít khách
90124A,PINK MURANO TWIST NECKLACE,4,Hàng bán chậm - ít khách
90124B,BLUE MURANO TWIST NECKLACE,4,Hàng bán chậm - ít khách
90124C,GREEN MURANO TWIST NECKLACE,4,Hàng bán chậm - ít khách
90125A,PINK BERTIE GLASS BEAD BAG CHARM,4,Hàng bán chậm - ít khách
90125B,AQUA BERTIE GLASS BEAD BAG CHARM,4,Hàng bán chậm - ít khách
90125C,TURQUOISE BERTIE GLASS BEAD CHARM,4,Hàng bán chậm - ít khách
90125D,PURPLE BERTIE GLASS BEAD BAG CHARM,2,Hàng ngách - khách quen mua lại
90125E,AMBER BERTIE GLASS BEAD BAG CHARM,2,Hàng ngách - khách quen mua lại
90126A,PINK BERTIE MOBILE PHONE CHARM,4,Hàng bán chậm - ít khách
90126C,AMBER BERTIE MOBILE PHONE CHARM,4,Hàng bán chậm - ít khách
90128A,PINK LEAVES AND BEADS PHONE CHARM,4,Hàng bán chậm - ít khách
90128B,BLUE LEAVES AND BEADS PHONE CHARM,4,Hàng bán chậm - ít khách
90128C,GREEN LEAVES AND BEADS PHONE CHARM,4,Hàng bán chậm - ít khách
90128D,PURPLE LEAVES AND BEADS PHONE CHAR,2,Hàng ngách - khách quen mua lại
90129A,PINK GLASS TASSLE BAG CHARM ,2,Hàng ngách - khách quen mua lại
90129B,TURQUOISE GLASS TASSLE BAG CHARM ,2,Hàng ngách - khách quen mua lại
90129C,GREEN GLASS TASSLE BAG CHARM,2,Hàng ngách - khách quen mua lại
90129D,AMBER GLASS TASSLE BAG CHARM,4,Hàng bán chậm - ít khách
90129E,PURPLE GLASS TASSLE BAG CHARM,2,Hàng ngách - khách quen mua lại
90129F,RED GLASS TASSLE BAG CHARM,2,Hàng ngách - khách quen mua lại
90130A,WHITE STONE/CRYSTAL EARRINGS,4,Hàng bán chậm - ít khách
90130B,TURQ STONE/CRYSTAL EARRINGS,2,Hàng ngách - khách quen mua lại
90130C,GREEN STONE/CRYSTAL EARRINGS,2,Hàng ngách - khách quen mua lại
90130D,RED STONE/CRYSTAL EARRINGS,2,Hàng ngách - khách quen mua lại
90131,PINK/AMETHYST/GOLD NECKLACE,4,Hàng bán chậm - ít khách
90132,LIGHT TOPAZ TEAL/AQUA COL NECKLACE,4,Hàng bán chậm - ít khách
90133,TEAL/FUSCHIA COL BEAD NECKLACE,2,Hàng ngách - khách quen mua lại
90134,OLD ROSE COMBO BEAD NECKLACE,2,Hàng ngách - khách quen mua lại
90137,PINK COMBO MINI CRYSTALS NECKLACE,4,Hàng bán chậm - ít khách
90138,WHITE/PINK MINI CRYSTALS NECKLACE,2,Hàng ngách - khách quen mua lại
90139,FLOWER BROOCH 4 ASSORTED COLOURS,2,Hàng ngách - khách quen mua lại
90140,PINK SWEETIE NECKLACE,2,Hàng ngách - khách quen mua lại
90141A,GREEN PENDANT TRIPLE SHELL NECKLACE,2,Hàng ngách - khách quen mua lại
90141B,IVORY PENDANT TRIPLE SHELL NECKLACE,2,Hàng ngách - khách quen mua lại
90141C,TURQ PENDANT TRIPLE SHELL NECKLACE,2,Hàng ngách - khách quen mua lại
90141D,ROSE PENDANT TRIPLE SHELL NECKLACE,2,Hàng ngách - khách quen mua lại
90141E,ORANGE PENDANT TRIPLE SHELL NECKLAC,4,Hàng bán chậm - ít khách
90142D,MOP PENDANT SHELL NECKLACE,4,Hàng bán chậm - ít khách
90143,SILVER BRACELET W PASTEL FLOWER,4,Hàng bán chậm - ít khách
90144,SILVER DROP EARRINGS WITH FLOWER,2,Hàng ngách - khách quen mua lại
90145,SILVER HOOP EARRINGS WITH FLOWER,4,Hàng bán chậm - ít khách
90146,FINE SILVER NECKLACE W PASTEL FLOWE,4,Hàng bán chậm - ít khách
90147,CHUNKY SILVER NECKLACE PASTEL FLOWE,0,Hàng giá trị cao - ổn định
90148,LONG SILVER NECKLACE PASTEL FLOWER,4,Hàng bán chậm - ít khách
90149,SILVER FLOWR PINK SHELL NECKLACE,4,Hàng bán chậm - ít khách
90150,BLUE SHELL+SILVER NECKLACE,4,Hàng bán chậm - ít khách
90151,SILVER/NATURAL SHELL NECKLACE,4,Hàng bán chậm - ít khách
90152A,SILVER/NAT SHELL NECKLACE W PENDANT,4,Hàng bán chậm - ít khách
90152B,BLUE/GREEN SHELL NECKLACE W PENDANT,4,Hàng bán chậm - ít khách
90154,LAZER CUT NECKLACE W PASTEL BEADS,4,Hàng bán chậm - ít khách
90155,RESIN NECKLACE W PASTEL BEADS,4,Hàng bán chậm - ít khách
90156,RESIN BRACELET W PASTEL BEADS,4,Hàng bán chậm - ít khách
90157,RIVIERA NECKLACE,4,Hàng bán chậm - ít khách
90158,ST TROPEZ NECKLACE,2,Hàng ngách - khách quen mua lại
90159,COTE D'AZURE NECKLACE,4,Hàng bán chậm - ít khách
90160A,PURPLE BOUDICCA LARGE BRACELET,4,Hàng bán chậm - ít khách
90160B,RED BOUDICCA LARGE BRACELET,4,Hàng bán chậm - ít khách
90160C,TURQ+RED BOUDICCA LARGE BRACELET,4,Hàng bán chậm - ít khách
90160D,PINK BOUDICCA LARGE BRACELET,4,Hàng bán chậm - ít khách
90161A,ANT COPPER RED BOUDICCA BRACELET,2,Hàng ngách - khách quen mua lại
90161B,ANT COPPER TURQ BOUDICCA BRACELET,2,Hàng ngách - khách quen mua lại
90161C,ANT COPPER LIME BOUDICCA BRACELET,2,Hàng ngách - khách quen mua lại
90161D,ANT COPPER PINK BOUDICCA BRACELET,2,Hàng ngách - khách quen mua lại
90162A,ANT SILVER TURQUOISE BOUDICCA RING,4,Hàng bán chậm - ít khách
90162B,ANT SILVER LIME GREEN BOUDICCA RING,4,Hàng bán chậm - ít khách
90162C,ANT SILVER FUSCHIA BOUDICCA RING,4,Hàng bán chậm - ít khách
90162D,ANT SILVER PURPLE BOUDICCA RING,4,Hàng bán chậm - ít khách
90163A,PINK ROSEBUD & PEARL NECKLACE,2,Hàng ngách - khách quen mua lại
90163B,WHITE ROSEBUD & PEARL NECKLACE,2,Hàng ngách - khách quen mua lại
90164A,PINK ROSEBUD PEARL BRACELET,2,Hàng ngách - khách quen mua lại
90164B,WHITE  ROSEBUD PEARL BRACELET,2,Hàng ngách - khách quen mua lại
90165A,PINK ROSEBUD PEARL EARRINGS,2,Hàng ngách - khách quen mua lại
90165B,WHITE ROSEBUD  PEARL EARRINGS,2,Hàng ngách - khách quen mua lại
90166,PINK & WHITE ROSEBUD RING,2,Hàng ngách - khách quen mua lại
90167,BEADED LOVE HEART JEWELLERY SET,1,Hàng giá rẻ - số lượng lớn
90168,2 DAISIES HAIR COMB,2,Hàng ngách - khách quen mua lại
90169,DAISY HAIR COMB,2,Hàng ngách - khách quen mua lại
90170,DAISY HAIR BAND,2,Hàng ngách - khách quen mua lại
90171,DAISY RING,2,Hàng ngách - khách quen mua lại
90173,PAIR BUTTERFLY HAIR CLIPS,2,Hàng ngách - khách quen mua lại
90174,BUTTERFLY HAIR BAND,2,Hàng ngách - khách quen mua lại
90175A,WHITE GLASS CHUNKY CHARM BRACELET,2,Hàng ngách - khách quen mua lại
90175B,PINK GLASS CHUNKY CHARM BRACELET,2,Hàng ngách - khách quen mua lại
90175C,BLUE GLASS CHUNKY CHARM BRACELET,4,Hàng bán chậm - ít khách
90175D,TIGRIS EYE CHUNKY CHARM BRACELET,2,Hàng ngách - khách quen mua lại
90176A,CLASSIC DIAMANTE NECKLACE JET,4,Hàng bán chậm - ít khách
90176C,DIAMANTE NECKLACE,4,Hàng bán chậm - ít khách
90176D,DIAMANTE NECKLACE PURPLE,4,Hàng bán chậm - ít khách
90177A,CLASSIC DIAMANTE EARRINGS JET,2,Hàng ngách - khách quen mua lại
90177B,DROP DIAMANTE EARRINGS BLACK DIAMON,2,Hàng ngách - khách quen mua lại
90177C,DROP DIAMANTE EARRINGS CRYSTAL,2,Hàng ngách - khách quen mua lại
90177D,DROP DIAMANTE EARRINGS PURPLE,4,Hàng bán chậm - ít khách
90177E,DROP DIAMANTE EARRINGS GREEN,2,Hàng ngách - khách quen mua lại
90178A,AMBER CHUNKY GLASS+BEAD NECKLACE,4,Hàng bán chậm - ít khách
90178B,PURPLE CHUNKY GLASS+BEAD NECKLACE,4,Hàng bán chậm - ít khách
90179A,AMBER FINE BEAD NECKLACE W TASSEL,4,Hàng bán chậm - ít khách
90179B,PURPLE FINE BEAD NECKLACE W TASSEL,4,Hàng bán chậm - ít khách
90179C,BLACK FINE BEAD NECKLACE W TASSEL,4,Hàng bán chậm - ít khách
90180A,BLACK+WHITE NECKLACE W TASSEL,4,Hàng bán chậm - ít khách
90180B,PURPLE AMETHYST NECKLACE W TASSEL,4,Hàng bán chậm - ít khách
90181A,AMBER GLASS/SHELL/PEARL NECKLACE,2,Hàng ngách - khách quen mua lại
90181B,AMETHYST GLASS/SHELL/PEARL NECKLACE,4,Hàng bán chậm - ít khách
90181C,BLACK GLASS/SHELL/PEARL NECKLACE,4,Hàng bán chậm - ít khách
90182A,AMBER 3 BEAD DROP EARRINGS,4,Hàng bán chậm - ít khách
90182B,AMETHYST 3 BEAD DROP EARRINGS,4,Hàng bán chậm - ít khách
90182C,BLACK 3 BEAD DROP EARRINGS,2,Hàng ngách - khách quen mua lại
90183A,AMBER DROP EARRINGS W LONG BEADS,2,Hàng ngách - khách quen mua lại
90183B,AMETHYST DROP EARRINGS W LONG BEADS,4,Hàng bán chậm - ít khách
90183C,BLACK DROP EARRINGS W LONG BEADS,2,Hàng ngách - khách quen mua lại
90184A,AMBER CHUNKY BEAD BRACELET W STRAP,4,Hàng bán chậm - ít khách
90184B,AMETHYST CHUNKY BEAD BRACELET W STR,4,Hàng bán chậm - ít khách
90184C,BLACK CHUNKY BEAD BRACELET W STRAP,4,Hàng bán chậm - ít khách
90185A,AMBER DIAMANTE EXPANDABLE RING,2,Hàng ngách - khách quen mua lại
90185B,AMETHYST DIAMANTE EXPANDABLE RING,4,Hàng bán chậm - ít khách
90185C,BLACK DIAMANTE EXPANDABLE RING,4,Hàng bán chậm - ít khách
90185D,CRYSTAL DIAMANTE EXPANDABLE RING,4,Hàng bán chậm - ít khách
90186A,AMETHYST HOOP EARRING FLORAL LEAF,4,Hàng bán chậm - ít khách
90186B,CRYSTAL HOOP EARRING FLORAL LEAF,4,Hàng bán chậm - ít khách
90187A,BLUE DROP EARRINGS W BEAD CLUSTER,2,Hàng ngách - khách quen mua lại
90187B,GREEN DROP EARRINGS W BEAD CLUSTER,2,Hàng ngách - khách quen mua lại
90188,DROP EARRINGS W FLOWER & LEAF,2,Hàng ngách - khách quen mua lại
90189A,SILVER 2 STRAND NECKLACE-LEAF CHARM,4,Hàng bán chậm - ít khách
90190A,SILVER/CRYSTAL DROP EARRINGS W LEAF,2,Hàng ngách - khách quen mua lại
90190B,GOLD/AMBER DROP EARRINGS W LEAF,4,Hàng bán chậm - ít khách
90190C,SILVER/AMETHYST DROP EARRINGS LEAF,2,Hàng ngách - khách quen mua lại
90191,SILVER LARIAT 40CM,4,Hàng bán chậm - ít khách
90192,JADE DROP EARRINGS W FILIGREE,2,Hàng ngách - khách quen mua lại
90194,SILVER LARIAT BLACK STONE EARRINGS,4,Hàng bán chậm - ít khách
90195A,PURPLE GEMSTONE BRACELET,4,Hàng bán chậm - ít khách
90195B,BLACK GEMSTONE BRACELET,4,Hàng bán chậm - ít khách
90196A,PURPLE GEMSTONE NECKLACE 45CM,4,Hàng bán chậm - ít khách
90196B,BLACK GEMSTONE NECKLACE 45CM,4,Hàng bán chậm - ít khách
90197B,BLACK GLASS BRACELET W HEART CHARMS,2,Hàng ngách - khách quen mua lại
90198A,VINTAGE ROSE BEAD BRACELET RASPBERR,2,Hàng ngách - khách quen mua lại
90198B,VINTAGE ROSE BEAD BRACELET BLACK,4,Hàng bán chậm - ít khách
90199A,5 STRAND GLASS NECKLACE BLACK,4,Hàng bán chậm - ít khách
90199B,5 STRAND GLASS NECKLACE AMETHYST,4,Hàng bán chậm - ít khách
90199C,5 STRAND GLASS NECKLACE CRYSTAL,4,Hàng bán chậm - ít khách
90199D,5 STRAND GLASS NECKLACE AMBER,4,Hàng bán chậm - ít khách
90200A,PURPLE SWEETHEART BRACELET,0,Hàng giá trị cao - ổn định
90200B,BLACK SWEETHEART BRACELET,0,Hàng giá trị cao - ổn định
90200C,BLUE SWEETHEART BRACELET,0,Hàng giá trị cao - ổn định
90200D,PINK SWEETHEART BRACELET,0,Hàng giá trị cao - ổn định
90200E,GREEN SWEETHEART BRACELET,0,Hàng giá trị cao - ổn định
90201A,PURPLE ENAMEL FLOWER RING,2,Hàng ngách - khách quen mua lại
90201B,BLACK ENAMEL FLOWER RING,2,Hàng ngách - khách quen mua lại
90201C,RED ENAMEL FLOWER RING,4,Hàng bán chậm - ít khách
90201D,GREEN ENAMEL FLOWER RING,2,Hàng ngách - khách quen mua lại
90202A,PURPLE ENAMEL FLOWER HAIR TIE,2,Hàng ngách - khách quen mua lại
90202B,WHITE ENAMEL FLOWER HAIR TIE,2,Hàng ngách - khách quen mua lại
90202C,GREEN ENAMEL FLOWER HAIR TIE,2,Hàng ngách - khách quen mua lại
90202D,PINK ENAMEL FLOWER HAIR TIE,2,Hàng ngách - khách quen mua lại
90203,SILVER CHARM NECKLACE 70CM,4,Hàng bán chậm - ít khách
90204,PAIR OF ENAMEL BUTTERFLY HAIRCLIP,2,Hàng ngách - khách quen mua lại
90205A,LARGE MINT DIAMANTE HAIRSLIDE,2,Hàng ngách - khách quen mua lại
90205C,LARGE CRYSTAL DIAMANTE HAIRSLIDE,2,Hàng ngách - khách quen mua lại
90206A,GOLD DIAMANTE STAR BROOCH,4,Hàng bán chậm - ít khách
90206C,CRYSTAL DIAMANTE STAR BROOCH,2,Hàng ngách - khách quen mua lại
90208,PAIR OF PINK FLOWER CLUSTER SLIDE,2,Hàng ngách - khách quen mua lại
90209A,PURPLE ENAMEL+GLASS HAIR COMB,1,Hàng giá rẻ - số lượng lớn
90209B,GREEN ENAMEL+GLASS HAIR COMB,2,Hàng ngách - khách quen mua lại
90209C,PINK ENAMEL+GLASS HAIR COMB,2,Hàng ngách - khách quen mua lại
90210A,GREY ACRYLIC FACETED BANGLE,4,Hàng bán chậm - ít khách
90210B,CLEAR ACRYLIC FACETED BANGLE,4,Hàng bán chậm - ít khách
90210C,RED   ACRYLIC FACETED BANGLE,4,Hàng bán chậm - ít khách
90210D,PURPLE ACRYLIC FACETED BANGLE,4,Hàng bán chậm - ít khách
90211A,DIAMOND LAS VEGAS NECKLACE 45CM,2,Hàng ngách - khách quen mua lại
90211B,JET BLACK LAS VEGAS NECKLACE 45CM,2,Hàng ngách - khách quen mua lại
90212B,JET BLACK LAS VEGAS BRACELET ROUND,2,Hàng ngách - khách quen mua lại
90212C,PURPLE LAS VEGAS BRACELET ROUND,4,Hàng bán chậm - ít khách
90214A,"LETTER ""A"" BLING KEY RING",2,Hàng ngách - khách quen mua lại
90214B,"LETTER ""B"" BLING KEY RING",2,Hàng ngách - khách quen mua lại
90214C,"LETTER ""C"" BLING KEY RING",2,Hàng ngách - khách quen mua lại
90214D,"LETTER ""D"" BLING KEY RING",2,Hàng ngách - khách quen mua lại
90214E,"LETTER ""E"" BLING KEY RING",4,Hàng bán chậm - ít khách
90214F,"LETTER ""F"" BLING KEY RING",4,Hàng bán chậm - ít khách
90214G,"LETTER ""G"" BLING KEY RING",2,Hàng ngách - khách quen mua lại
90214H,"LETTER ""H"" BLING KEY RING",2,Hàng ngách - khách quen mua lại
90214I,"LETTER ""I"" BLING KEY RING",4,Hàng bán chậm - ít khách
90214J,"LETTER ""J"" BLING KEY RING",2,Hàng ngách - khách quen mua lại
90214K,"LETTER ""K"" BLING KEY RING",2,Hàng ngách - khách quen mua lại
90214L,"LETTER ""L"" BLING KEY RING",2,Hàng ngách - khách quen mua lại
90214M,"LETTER ""M"" BLING KEY RING",2,Hàng ngách - khách quen mua lại
90214N,"LETTER ""N"" BLING KEY RING",2,Hàng ngách - khách quen mua lại
90214O,"LETTER ""O"" BLING KEY RING",4,Hàng bán chậm - ít khách
90214P,"LETTER ""P"" BLING KEY RING",4,Hàng bán chậm - ít khách
90214R,"LETTER ""R"" BLING KEY RING",2,Hàng ngách - khách quen mua lại
90214S,"LETTER ""S"" BLING KEY RING",2,Hàng ngách - khách quen mua lại
90214T,"LETTER ""T"" BLING KEY RING",4,Hàng bán chậm - ít khách
90214V,"LETTER ""V"" BLING KEY RING",2,Hàng ngách - khách quen mua lại
90214W,"LETTER ""W"" BLING KEY RING",4,Hàng bán chậm - ít khách
90214Y,"LETTER ""Y"" BLING KEY RING",4,Hàng bán chậm - ít khách
90214Z,"LETTER ""Z"" BLING KEY RING",2,Hàng ngách - khách quen mua lại
DCGS0003,BOXED GLASS ASHTRAY,4,Hàng bán chậm - ít khách
DCGS0058,MISO PRETTY  GUM,4,Hàng bán chậm - ít khách
DCGS0069,OOH LA LA DOGS COLLAR,4,Hàng bán chậm - ít khách
DCGS0076,SUNJAR LED NIGHT NIGHT LIGHT,4,Hàng bán chậm - ít khách
DCGSSBOY,BOYS PARTY BAG,4,Hàng bán chậm - ít khách
DCGSSGIRL,GIRLS PARTY BAG,4,Hàng bán chậm - ít khách
GIFT_0001_10,Dotcomgiftshop Gift Voucher £10.00,4,Hàng bán chậm - ít khách
GIFT_0001_20,Dotcomgiftshop Gift Voucher £20.00,4,Hàng bán chậm - ít khách
GIFT_0001_30,Dotcomgiftshop Gift Voucher £30.00,4,Hàng bán chậm - ít khách
GIFT_0001_40,Dotcomgiftshop Gift Voucher £40.00,4,Hàng bán chậm - ít khách
GIFT_0001_50,Dotcomgiftshop Gift Voucher £50.00,4,Hàng bán chậm - ít khách
